-15,-20,-20,-20,-20,-15,-20,-20,-20,-8,-20,-20,-20,-20,-20,-16,-20,-20,-20,-20,-14,-20,-20,-6,-20,-13,-9,-13,-6,-8,-8,-12,-6,-6,-9,-12,-6,-6,-6,-6,-20,-20,-20,-20,-6,-6,-20,-6,-6,-6,-20,-6,-6,-6,-20,-6,-6,-20,-6,-6,-6,-20,-6,-6,-20,-6,-6,-20,-6,-6,-6,-6,-6,-8,-6,-6,-6,-6,-6,-6,-6,-8,-6,-6,-6,-8,-8,-6,-20,-6,-6,-6,-8,-6,-8,-20,-6,-6,-6,-6,-6,-6,-6,-6,-6,-6,-6,-6,-6,-6,-6,-6,-6,-8,-6,-6,-6,-6,-6,-6,-6,-6,-6,-6,-8,-6,-8,-6,-10,-6,-6,-6,-6,-6,-6,-6,-6,-6,-6,-6,-6,-7,-6,-6,-6,-6,-6,-6,-6,-8,-6,-6,-20,-8,-6,-6,-10,-6,-6,-6,-6,-6,-6,-6,-6,-6,-6,-6,-6,-8,-6,-6,-6,-6,-6,-6,-6,-6,-6,-6,-6,-6,-6,-8,-6,-6,-6,-6,-6,-6,-6,-6,-6,-20,-6,-6,-6,-6,-6,-8,-6,-6,-6,-6,-6,-6,-6,-6,-6,-6,-6,-6,-6,-8,-6,-6,-6,-6,-6,-6,-6,-6,-6,-6,-6,-6,-6,-6,-6,-6,-6,-6,-6,-6,-6,-6,,,,,,,,,,,,,,,,,,,,,,,,,,,,,,,,,,,
15,35,55,75,95,110,130,150,170,178,198,218,238,258,278,294,314,334,354,374,388,408,428,434,454,467,476,489,495,503,511,523,529,535,544,556,562,568,574,580,600,620,640,660,666,672,692,698,704,710,730,736,742,748,768,774,780,800,806,812,818,838,844,850,870,876,882,902,908,914,920,926,932,940,946,952,958,964,970,976,982,990,996,1002,1008,1016,1024,1030,1050,1056,1062,1068,1076,1082,1090,1110,1116,1122,1128,1134,1140,1146,1152,1158,1164,1170,1176,1182,1188,1194,1200,1206,1212,1220,1226,1232,1238,1244,1250,1256,1262,1268,1274,1280,1288,1294,1302,1308,1318,1324,1330,1336,1342,1348,1354,1360,1366,1372,1378,1384,1390,1397,1403,1409,1415,1421,1427,1433,1439,1447,1453,1459,1479,1487,1493,1499,1509,1515,1521,1527,1533,1539,1545,1551,1557,1563,1569,1575,1581,1589,1595,1601,1607,1613,1619,1625,1631,1637,1643,1649,1655,1661,1667,1675,1681,1687,1693,1699,1705,1711,1717,1723,1729,1749,1755,1761,1767,1773,1779,1787,1793,1799,1805,1811,1817,1823,1829,1835,1841,1847,1853,1859,1865,1873,1879,1885,1891,1897,1903,1909,1915,1921,1927,1933,1939,1945,1951,1957,1963,1969,1975,1981,1987,1993,1999,2005,,,,,,,,,,,,,,,,,,,,,,,,,,,,,,,,,,,
-19,-20,-20,-20,-20,-17,-20,-20,-18,-18,-17,-14,-20,-20,-20,-20,-20,-20,-20,-20,-12,-6,-20,-10,-11,-7,-6,-6,-6,-6,-8,-6,-6,-6,-8,-6,-8,-9,-8,-6,-20,-17,-6,-6,-6,-6,-8,-6,-6,-6,-8,-6,-6,-6,-6,-6,-6,-6,-8,-6,-6,-6,-6,-6,-6,-6,-6,-6,-6,-6,-6,-6,-6,-6,-6,-8,-6,-6,-6,-6,-6,-6,-6,-7,-6,-6,-6,-6,-6,-6,-6,-6,-6,-6,-6,-6,-6,-6,-6,-6,-6,-6,-6,-6,-8,-6,-6,-6,-6,-6,-6,-8,-6,-6,-6,-6,-8,-6,-6,-6,-8,-6,-6,-6,-6,-6,-6,-6,-6,-6,-6,-6,-6,-8,-6,-6,-6,-6,-6,-6,-6,-6,-6,-6,-6,-6,-6,-6,-6,-6,-6,-6,-6,-6,-6,-6,-6,-6,-6,-6,-6,-6,-6,-6,-6,-6,-6,-6,-6,-6,-6,-6,-6,-6,-6,-6,-6,-6,-6,-6,-6,-6,-8,-6,-6,-6,-8,-20,-6,-6,-6,-6,-6,-6,-6,-6,-6,-6,-6,-6,-6,-6,-6,-7,-6,-6,-6,-6,-6,-6,-6,-6,-6,-6,-6,-6,-8,-6,-6,-6,-6,-8,-6,-6,-8,-6,-6,-6,-6,-8,-20,-6,-6,-6,-6,-6,-6,-6,-20,-6,-6,-6,-6,-6,-6,-6,-6,-6,-9,-6,-6,-8,-6,-6,-6,-6,-6,-6,-6,-6,-6,-6,-6,-8,-6,,,,,,
19,39,59,79,99,116,136,156,174,192,209,223,243,263,283,303,323,343,363,383,395,401,421,431,442,449,455,461,467,473,481,487,493,499,507,513,521,530,538,544,564,581,587,593,599,605,613,619,625,631,639,645,651,657,663,669,675,681,689,695,701,707,713,719,725,731,737,743,749,755,761,767,773,779,785,793,799,805,811,817,823,829,835,842,848,854,860,866,872,878,884,890,896,902,908,914,920,926,932,938,944,950,956,962,970,976,982,988,994,1000,1006,1014,1020,1026,1032,1038,1046,1052,1058,1064,1072,1078,1084,1090,1096,1102,1108,1114,1120,1126,1132,1138,1144,1152,1158,1164,1170,1176,1182,1188,1194,1200,1206,1212,1218,1224,1230,1236,1242,1248,1254,1260,1266,1272,1278,1284,1290,1296,1302,1308,1314,1320,1326,1332,1338,1344,1350,1356,1362,1368,1374,1380,1386,1392,1398,1404,1410,1416,1422,1428,1434,1440,1448,1454,1460,1466,1474,1494,1500,1506,1512,1518,1524,1530,1536,1542,1548,1554,1560,1566,1572,1578,1584,1591,1597,1603,1609,1615,1621,1627,1633,1639,1645,1651,1657,1663,1671,1677,1683,1689,1695,1703,1709,1715,1723,1729,1735,1741,1747,1755,1775,1781,1787,1793,1799,1805,1811,1817,1837,1843,1849,1855,1861,1867,1873,1879,1885,1891,1900,1906,1912,1920,1926,1932,1938,1944,1950,1956,1962,1968,1974,1980,1986,1994,2000,,,,,,
-20,-8,-14,-20,-20,-18,-20,-20,-20,-20,-20,-19,-20,-20,-20,-20,-6,-20,-10,-14,-14,-20,-6,-12,-20,-20,-20,-10,-20,-9,-8,-6,-6,-6,-6,-6,-10,-10,-20,-6,-6,-8,-6,-20,-20,-6,-20,-8,-6,-20,-20,-6,-20,-20,-6,-20,-6,-6,-20,-6,-13,-6,-6,-6,-6,-20,-6,-12,-6,-6,-8,-6,-6,-6,-6,-6,-6,-6,-6,-6,-6,-6,-6,-6,-9,-6,-6,-10,-6,-6,-8,-6,-6,-6,-6,-7,-6,-6,-6,-7,-6,-6,-6,-6,-6,-6,-8,-6,-6,-6,-6,-10,-6,-6,-6,-6,-6,-6,-6,-8,-6,-9,-6,-6,-6,-6,-6,-6,-6,-6,-6,-6,-6,-6,-6,-6,-6,-6,-8,-6,-8,-6,-6,-6,-8,-6,-6,-6,-6,-6,-6,-6,-6,-6,-6,-6,-9,-6,-6,-6,-6,-6,-6,-8,-6,-6,-6,-6,-6,-6,-6,-8,-6,-8,-6,-6,-6,-8,-8,-6,-6,-6,-6,-6,-6,-6,-6,-6,-6,-6,-6,-8,-6,-7,-6,-6,-6,-6,-7,-6,-6,-6,-6,-6,-6,-6,-6,-6,-6,-6,-6,-6,-6,-6,-10,-6,-6,-6,-8,-6,-6,-6,-6,-6,-6,-6,-6,-6,-6,-6,-6,-6,-6,-6,-6,-6,-6,-7,-6,-8,-6,,,,,,,,,,,,,,,,,,,,,,,,,,,,,,
20,28,42,62,82,100,120,140,160,180,200,219,239,259,279,299,305,325,335,349,363,383,389,401,421,441,461,471,491,500,508,514,520,526,532,538,548,558,578,584,590,598,604,624,644,650,670,678,684,704,724,730,750,770,776,796,802,808,828,834,847,853,859,865,871,891,897,909,915,921,929,935,941,947,953,959,965,971,977,983,989,995,1001,1007,1016,1022,1028,1038,1044,1050,1058,1064,1070,1076,1082,1089,1095,1101,1107,1114,1120,1126,1132,1138,1144,1150,1158,1164,1170,1176,1182,1192,1198,1204,1210,1216,1222,1228,1234,1242,1248,1257,1263,1269,1275,1281,1287,1293,1299,1305,1311,1317,1323,1329,1335,1341,1347,1353,1361,1367,1375,1381,1387,1393,1401,1407,1413,1419,1425,1431,1437,1443,1449,1455,1461,1467,1476,1482,1488,1494,1500,1506,1512,1520,1526,1532,1538,1544,1550,1556,1562,1570,1576,1584,1590,1596,1602,1610,1618,1624,1630,1636,1642,1648,1654,1660,1666,1672,1678,1684,1690,1698,1704,1711,1717,1723,1729,1735,1742,1748,1754,1760,1766,1772,1778,1784,1790,1796,1802,1808,1814,1820,1826,1832,1842,1848,1854,1860,1868,1874,1880,1886,1892,1898,1904,1910,1916,1922,1928,1934,1940,1946,1952,1958,1964,1970,1976,1983,1989,1997,2003,,,,,,,,,,,,,,,,,,,,,,,,,,,,,,
-20,-20,-20,-20,-20,-20,-19,-20,-20,-20,-13,-20,-20,-20,-20,-20,-20,-20,-20,-20,-20,-20,-20,-20,-20,-20,-20,-20,-20,-20,-20,-20,-20,-20,-20,-20,-20,-20,-20,-20,-20,-20,-20,-20,-20,-20,-20,-20,-20,-20,-20,-20,-20,-20,-20,-20,-20,-20,-20,-20,-20,-20,-20,-20,-20,-20,-20,-20,-20,-20,-20,-20,-20,-20,-20,-20,-20,-20,-20,-20,-20,-20,-20,-20,-20,-20,-20,-20,-20,-20,-20,-20,-20,-20,-20,-20,-20,-20,-20,-20,-20,,,,,,,,,,,,,,,,,,,,,,,,,,,,,,,,,,,,,,,,,,,,,,,,,,,,,,,,,,,,,,,,,,,,,,,,,,,,,,,,,,,,,,,,,,,,,,,,,,,,,,,,,,,,,,,,,,,,,,,,,,,,,,,,,,,,,,,,,,,,,,,,,,,,,,,,,,,,,,,,,,,,,,,,,,
20,40,60,80,100,120,139,159,179,199,212,232,252,272,292,312,332,352,372,392,412,432,452,472,492,512,532,552,572,592,612,632,652,672,692,712,732,752,772,792,812,832,852,872,892,912,932,952,972,992,1012,1032,1052,1072,1092,1112,1132,1152,1172,1192,1212,1232,1252,1272,1292,1312,1332,1352,1372,1392,1412,1432,1452,1472,1492,1512,1532,1552,1572,1592,1612,1632,1652,1672,1692,1712,1732,1752,1772,1792,1812,1832,1852,1872,1892,1912,1932,1952,1972,1992,2012,,,,,,,,,,,,,,,,,,,,,,,,,,,,,,,,,,,,,,,,,,,,,,,,,,,,,,,,,,,,,,,,,,,,,,,,,,,,,,,,,,,,,,,,,,,,,,,,,,,,,,,,,,,,,,,,,,,,,,,,,,,,,,,,,,,,,,,,,,,,,,,,,,,,,,,,,,,,,,,,,,,,,,,,,,
-19,-20,-20,-20,-20,-17,-20,-20,-18,-18,-17,-14,-20,-20,-20,-20,-20,-20,-20,-20,-12,-6,-20,-10,-11,-7,-6,-6,-6,-6,-8,-6,-6,-6,-8,-6,-8,-9,-8,-6,-20,-17,-6,-6,-6,-6,-8,-6,-6,-6,-8,-6,-6,-6,-6,-6,-6,-6,-8,-6,-6,-6,-6,-6,-6,-6,-6,-6,-6,-6,-6,-6,-6,-6,-6,-8,-6,-6,-6,-6,-6,-6,-6,-7,-6,-6,-6,-6,-6,-6,-6,-6,-6,-6,-6,-6,-6,-6,-6,-6,-6,-6,-6,-6,-8,-6,-6,-6,-6,-6,-6,-8,-6,-6,-6,-6,-8,-6,-6,-6,-8,-6,-6,-6,-6,-6,-6,-6,-6,-6,-6,-6,-6,-8,-6,-6,-6,-6,-6,-6,-6,-6,-6,-6,-6,-6,-6,-6,-6,-6,-6,-6,-6,-6,-6,-6,-6,-6,-6,-6,-6,-6,-6,-6,-6,-6,-6,-6,-6,-6,-6,-6,-6,-6,-6,-6,-6,-6,-6,-6,-6,-6,-8,-6,-6,-6,-8,-20,-6,-6,-6,-6,-6,-6,-6,-6,-6,-6,-6,-6,-6,-6,-6,-7,-6,-6,-6,-6,-6,-6,-6,-6,-6,-6,-6,-6,-8,-6,-6,-6,-6,-8,-6,-6,-8,-6,-6,-6,-6,-8,-20,-6,-6,-6,-6,-6,-6,-6,-20,-6,-6,-6,-6,-6,-6,-6,-6,-6,-9,-6,-6,-8,-6,-6,-6,-6,-6,-6,-6,-6,-6,-6,-6,-8,-6,,,,,,
19,39,59,79,99,116,136,156,174,192,209,223,243,263,283,303,323,343,363,383,395,401,421,431,442,449,455,461,467,473,481,487,493,499,507,513,521,530,538,544,564,581,587,593,599,605,613,619,625,631,639,645,651,657,663,669,675,681,689,695,701,707,713,719,725,731,737,743,749,755,761,767,773,779,785,793,799,805,811,817,823,829,835,842,848,854,860,866,872,878,884,890,896,902,908,914,920,926,932,938,944,950,956,962,970,976,982,988,994,1000,1006,1014,1020,1026,1032,1038,1046,1052,1058,1064,1072,1078,1084,1090,1096,1102,1108,1114,1120,1126,1132,1138,1144,1152,1158,1164,1170,1176,1182,1188,1194,1200,1206,1212,1218,1224,1230,1236,1242,1248,1254,1260,1266,1272,1278,1284,1290,1296,1302,1308,1314,1320,1326,1332,1338,1344,1350,1356,1362,1368,1374,1380,1386,1392,1398,1404,1410,1416,1422,1428,1434,1440,1448,1454,1460,1466,1474,1494,1500,1506,1512,1518,1524,1530,1536,1542,1548,1554,1560,1566,1572,1578,1584,1591,1597,1603,1609,1615,1621,1627,1633,1639,1645,1651,1657,1663,1671,1677,1683,1689,1695,1703,1709,1715,1723,1729,1735,1741,1747,1755,1775,1781,1787,1793,1799,1805,1811,1817,1837,1843,1849,1855,1861,1867,1873,1879,1885,1891,1900,1906,1912,1920,1926,1932,1938,1944,1950,1956,1962,1968,1974,1980,1986,1994,2000,,,,,,
-9,-20,-20,-14,-20,-12,-10,-20,-11,-14,-20,-18,-20,-20,-18,-20,-20,-20,-20,-10,-6,-9,-17,-13,-13,-16,-8,-16,-9,-11,-8,-11,-9,-10,-8,-11,-10,-6,-6,-6,-7,-8,-8,-6,-11,-10,-6,-6,-6,-6,-6,-6,-6,-6,-6,-6,-8,-6,-6,-6,-6,-6,-6,-6,-6,-8,-6,-6,-6,-6,-6,-6,-6,-6,-6,-6,-6,-7,-8,-10,-20,-8,-6,-6,-7,-6,-6,-8,-20,-20,-6,-6,-7,-6,-6,-6,-6,-6,-6,-6,-6,-6,-8,-6,-6,-6,-6,-8,-6,-6,-6,-6,-6,-6,-8,-6,-6,-6,-6,-6,-6,-6,-6,-6,-6,-6,-6,-6,-8,-6,-8,-6,-6,-6,-6,-6,-6,-6,-6,-6,-6,-6,-6,-6,-6,-6,-6,-6,-6,-6,-6,-6,-6,-6,-6,-6,-6,-7,-8,-6,-7,-6,-6,-6,-6,-6,-6,-6,-6,-6,-6,-8,-6,-8,-6,-6,-6,-8,-6,-6,-6,-6,-6,-6,-6,-6,-6,-6,-8,-6,-6,-6,-6,-6,-6,-6,-6,-6,-6,-20,-6,-6,-6,-6,-6,-6,-6,-6,-6,-6,-6,-6,-6,-6,-9,-6,-6,-7,-7,-6,-6,-6,-6,-6,-6,-6,-6,-6,-6,-6,-6,-6,-6,-8,-6,-6,-6,-6,-6,-6,-6,-6,-6,-6,-6,-6,-6,-6,-6,-6,-6,-6,-6,-6,-6,-8,-6,-6,-8,-6,-6,-8,-6,-8,,,,,,,
9,29,49,63,83,95,105,125,136,150,170,188,208,228,246,266,286,306,326,336,342,351,368,381,394,410,418,434,443,454,462,473,482,492,500,511,521,527,533,539,546,554,562,568,579,589,595,601,607,613,619,625,631,637,643,649,657,663,669,675,681,687,693,699,705,713,719,725,731,737,743,749,755,761,767,773,779,786,794,804,824,832,838,844,851,857,863,871,891,911,917,923,930,936,942,948,954,960,966,972,978,984,992,998,1004,1010,1016,1024,1030,1036,1042,1048,1054,1060,1068,1074,1080,1086,1092,1098,1104,1110,1116,1122,1128,1134,1140,1146,1154,1160,1168,1174,1180,1186,1192,1198,1204,1210,1216,1222,1228,1234,1240,1246,1252,1258,1264,1270,1276,1282,1288,1294,1300,1306,1312,1318,1324,1331,1339,1345,1352,1358,1364,1370,1376,1382,1388,1394,1400,1406,1412,1420,1426,1434,1440,1446,1452,1460,1466,1472,1478,1484,1490,1496,1502,1508,1514,1520,1528,1534,1540,1546,1552,1558,1564,1570,1576,1582,1588,1608,1614,1620,1626,1632,1638,1644,1650,1656,1662,1668,1674,1680,1686,1692,1701,1707,1713,1720,1727,1733,1739,1745,1751,1757,1763,1769,1775,1781,1787,1793,1799,1805,1811,1819,1825,1831,1837,1843,1849,1855,1861,1867,1873,1879,1885,1891,1897,1903,1909,1915,1921,1927,1933,1939,1945,1953,1959,1965,1973,1979,1985,1993,1999,2007,,,,,,,
-15,-20,-20,-20,-20,-20,-20,-20,-20,-20,-20,-18,-20,-11,-20,-20,-20,-14,-6,-12,-20,-6,-20,-20,-20,-20,-20,-6,-20,-10,-16,-6,-9,-6,-8,-6,-6,-6,-6,-6,-6,-6,-6,-6,-6,-6,-6,-6,-6,-12,-20,-6,-6,-8,-20,-6,-6,-6,-20,-6,-6,-6,-6,-6,-6,-6,-8,-6,-8,-6,-8,-6,-6,-6,-6,-6,-6,-6,-6,-6,-6,-6,-6,-6,-6,-6,-6,-6,-6,-8,-6,-6,-6,-8,-6,-6,-6,-6,-6,-6,-8,-6,-6,-8,-6,-6,-6,-6,-6,-6,-6,-6,-6,-6,-6,-8,-6,-6,-6,-6,-6,-6,-6,-6,-6,-6,-6,-6,-6,-6,-6,-6,-6,-6,-6,-8,-6,-6,-6,-6,-6,-6,-6,-6,-6,-6,-6,-6,-6,-20,-6,-6,-6,-6,-6,-6,-6,-6,-20,-6,-6,-6,-8,-6,-6,-6,-6,-6,-6,-6,-8,-6,-6,-6,-6,-6,-6,-8,-6,-20,-6,-6,-6,-6,-6,-6,-6,-6,-6,-8,-6,-12,-6,-6,-6,-6,-6,-6,-6,-6,-6,-6,-6,-6,-6,-6,-6,-6,-6,-6,-6,-6,-6,-6,-6,-6,-6,-6,-6,-7,-6,-6,-6,-6,-6,-6,-6,-6,-6,-6,-6,-6,-6,-6,-6,-6,-6,-6,-6,-6,-6,-6,-6,-6,-8,-8,-8,-6,-8,-6,-20,,,,,,,,,,,,,,,,,,,,
15,35,55,75,95,115,135,155,175,195,215,233,253,264,284,304,324,338,344,356,376,382,402,422,442,462,482,488,508,518,534,540,549,555,563,569,575,581,587,593,599,605,611,617,623,629,635,641,647,659,679,685,691,699,719,725,731,737,757,763,769,775,781,787,793,799,807,813,821,827,835,841,847,853,859,865,871,877,883,889,895,901,907,913,919,925,931,937,943,951,957,963,969,977,983,989,995,1001,1007,1013,1021,1027,1033,1041,1047,1053,1059,1065,1071,1077,1083,1089,1095,1101,1107,1115,1121,1127,1133,1139,1145,1151,1157,1163,1169,1175,1181,1187,1193,1199,1205,1211,1217,1223,1229,1237,1243,1249,1255,1261,1267,1273,1279,1285,1291,1297,1303,1309,1315,1335,1341,1347,1353,1359,1365,1371,1377,1383,1403,1409,1415,1421,1429,1435,1441,1447,1453,1459,1465,1471,1479,1485,1491,1497,1503,1509,1515,1523,1529,1549,1555,1561,1567,1573,1579,1585,1591,1597,1603,1611,1617,1629,1635,1641,1647,1653,1659,1665,1671,1677,1683,1689,1695,1701,1707,1713,1719,1725,1731,1737,1743,1749,1755,1761,1767,1773,1779,1785,1791,1798,1804,1810,1816,1822,1828,1834,1840,1846,1852,1858,1864,1870,1876,1882,1888,1894,1900,1906,1912,1918,1924,1930,1936,1942,1950,1958,1966,1972,1980,1986,2006,,,,,,,,,,,,,,,,,,,,
-20,-20,-20,-20,-20,-20,-20,-20,-20,-20,-20,-20,-19,-20,-20,-20,-20,-20,-20,-20,-20,-20,-20,-20,-20,-20,-20,-20,-20,-20,-20,-20,-20,-20,-20,-20,-20,-20,-20,-20,-20,-20,-20,-20,-20,-20,-20,-20,-20,-20,-20,-20,-20,-20,-20,-20,-20,-20,-20,-20,-20,-20,-20,-20,-20,-20,-20,-20,-20,-20,-20,-20,-20,-20,-20,-20,-20,-20,-20,-20,-20,-20,-20,-20,-20,-20,-20,-20,-20,-20,-20,-20,-20,-20,-20,-20,-20,-20,-20,-20,-20,,,,,,,,,,,,,,,,,,,,,,,,,,,,,,,,,,,,,,,,,,,,,,,,,,,,,,,,,,,,,,,,,,,,,,,,,,,,,,,,,,,,,,,,,,,,,,,,,,,,,,,,,,,,,,,,,,,,,,,,,,,,,,,,,,,,,,,,,,,,,,,,,,,,,,,,,,,,,,,,,,,,,,,,,,
20,40,60,80,100,120,140,160,180,200,220,240,259,279,299,319,339,359,379,399,419,439,459,479,499,519,539,559,579,599,619,639,659,679,699,719,739,759,779,799,819,839,859,879,899,919,939,959,979,999,1019,1039,1059,1079,1099,1119,1139,1159,1179,1199,1219,1239,1259,1279,1299,1319,1339,1359,1379,1399,1419,1439,1459,1479,1499,1519,1539,1559,1579,1599,1619,1639,1659,1679,1699,1719,1739,1759,1779,1799,1819,1839,1859,1879,1899,1919,1939,1959,1979,1999,2019,,,,,,,,,,,,,,,,,,,,,,,,,,,,,,,,,,,,,,,,,,,,,,,,,,,,,,,,,,,,,,,,,,,,,,,,,,,,,,,,,,,,,,,,,,,,,,,,,,,,,,,,,,,,,,,,,,,,,,,,,,,,,,,,,,,,,,,,,,,,,,,,,,,,,,,,,,,,,,,,,,,,,,,,,,
-20,-20,-20,-20,-20,-20,-20,-10,-20,-20,-20,-14,-18,-20,-11,-20,-20,-20,-20,-20,-15,-20,-20,-20,-20,-20,-20,-20,-20,-8,-20,-20,-20,-20,-20,-20,-20,-20,-20,-20,-20,-20,-20,-20,-20,-20,-20,-20,-20,-20,-20,-20,-20,-20,-20,-20,-20,-20,-20,-20,-20,-20,-20,-20,-20,-20,-20,-20,-20,-20,-20,-20,-20,-20,-20,-20,-20,-20,-20,-20,-20,-20,-20,-20,-20,-20,-20,-20,-20,-20,-20,-20,-20,-20,-20,-20,-20,-20,-20,-20,-20,-20,-20,,,,,,,,,,,,,,,,,,,,,,,,,,,,,,,,,,,,,,,,,,,,,,,,,,,,,,,,,,,,,,,,,,,,,,,,,,,,,,,,,,,,,,,,,,,,,,,,,,,,,,,,,,,,,,,,,,,,,,,,,,,,,,,,,,,,,,,,,,,,,,,,,,,,,,,,,,,,,,,,,,,,,,,,
20,40,60,80,100,120,140,150,170,190,210,224,242,262,273,293,313,333,353,373,388,408,428,448,468,488,508,528,548,556,576,596,616,636,656,676,696,716,736,756,776,796,816,836,856,876,896,916,936,956,976,996,1016,1036,1056,1076,1096,1116,1136,1156,1176,1196,1216,1236,1256,1276,1296,1316,1336,1356,1376,1396,1416,1436,1456,1476,1496,1516,1536,1556,1576,1596,1616,1636,1656,1676,1696,1716,1736,1756,1776,1796,1816,1836,1856,1876,1896,1916,1936,1956,1976,1996,2016,,,,,,,,,,,,,,,,,,,,,,,,,,,,,,,,,,,,,,,,,,,,,,,,,,,,,,,,,,,,,,,,,,,,,,,,,,,,,,,,,,,,,,,,,,,,,,,,,,,,,,,,,,,,,,,,,,,,,,,,,,,,,,,,,,,,,,,,,,,,,,,,,,,,,,,,,,,,,,,,,,,,,,,,
-20,-20,-20,-20,-20,-20,-16,-20,-20,-10,-10,-20,-20,-20,-20,-20,-10,-20,-20,-16,-20,-20,-15,-20,-20,-20,-20,-20,-6,-20,-20,-20,-20,-20,-20,-20,-20,-20,-20,-20,-20,-20,-20,-20,-20,-20,-20,-20,-20,-20,-20,-20,-20,-20,-20,-20,-20,-20,-20,-20,-20,-20,-20,-20,-20,-20,-20,-20,-20,-20,-20,-20,-20,-20,-20,-20,-20,-20,-20,-20,-20,-20,-20,-20,-20,-20,-20,-20,-20,-20,-20,-20,-20,-20,-20,-20,-20,-20,-20,-20,-20,-20,-20,,,,,,,,,,,,,,,,,,,,,,,,,,,,,,,,,,,,,,,,,,,,,,,,,,,,,,,,,,,,,,,,,,,,,,,,,,,,,,,,,,,,,,,,,,,,,,,,,,,,,,,,,,,,,,,,,,,,,,,,,,,,,,,,,,,,,,,,,,,,,,,,,,,,,,,,,,,,,,,,,,,,,,,,
20,40,60,80,100,120,136,156,176,186,196,216,236,256,276,296,306,326,346,362,382,402,417,437,457,477,497,517,523,543,563,583,603,623,643,663,683,703,723,743,763,783,803,823,843,863,883,903,923,943,963,983,1003,1023,1043,1063,1083,1103,1123,1143,1163,1183,1203,1223,1243,1263,1283,1303,1323,1343,1363,1383,1403,1423,1443,1463,1483,1503,1523,1543,1563,1583,1603,1623,1643,1663,1683,1703,1723,1743,1763,1783,1803,1823,1843,1863,1883,1903,1923,1943,1963,1983,2003,,,,,,,,,,,,,,,,,,,,,,,,,,,,,,,,,,,,,,,,,,,,,,,,,,,,,,,,,,,,,,,,,,,,,,,,,,,,,,,,,,,,,,,,,,,,,,,,,,,,,,,,,,,,,,,,,,,,,,,,,,,,,,,,,,,,,,,,,,,,,,,,,,,,,,,,,,,,,,,,,,,,,,,,
-20,-20,-20,-20,-13,-20,-20,-17,-20,-14,-20,-20,-20,-16,-20,-13,-10,-11,-8,-17,-16,-20,-8,-6,-12,-14,-19,-10,-18,-8,-11,-18,-6,-8,-8,-6,-6,-8,-6,-8,-8,-6,-6,-8,-6,-8,-6,-8,-6,-6,-6,-6,-6,-6,-6,-6,-6,-6,-6,-6,-6,-6,-6,-6,-6,-6,-8,-6,-6,-6,-6,-6,-6,-6,-8,-6,-6,-6,-6,-6,-6,-8,-6,-6,-6,-8,-6,-6,-6,-6,-6,-6,-6,-6,-8,-11,-6,-6,-6,-7,-6,-6,-6,-6,-6,-6,-6,-6,-6,-6,-6,-6,-8,-6,-6,-6,-6,-6,-8,-8,-6,-6,-6,-6,-8,-6,-6,-8,-6,-6,-6,-6,-6,-8,-6,-6,-6,-6,-6,-6,-8,-6,-6,-6,-8,-6,-12,-6,-6,-8,-6,-6,-6,-6,-6,-6,-6,-6,-6,-6,-6,-6,-6,-6,-6,-6,-6,-6,-6,-6,-6,-6,-6,-6,-8,-9,-6,-6,-6,-6,-6,-6,-7,-7,-6,-8,-6,-6,-7,-6,-6,-6,-8,-6,-12,-6,-6,-6,-6,-6,-6,-6,-8,-6,-6,-8,-6,-6,-8,-6,-12,-6,-6,-8,-6,-8,-6,-6,-7,-6,-6,-6,-6,-10,-6,-6,-8,-6,-6,-6,-6,-6,-6,-6,-6,-6,-6,-7,-6,-6,-8,-6,-8,-6,-6,-6,-6,-8,-6,-6,-6,-6,-8,-6,-8,-6,-6,-6,-6,-6,-6,-6,-8,-8,,,,,,,
20,40,60,80,93,113,133,150,170,184,204,224,244,260,280,293,303,314,322,339,355,375,383,389,401,415,434,444,462,470,481,499,505,513,521,527,533,541,547,555,563,569,575,583,589,597,603,611,617,623,629,635,641,647,653,659,665,671,677,683,689,695,701,707,713,719,727,733,739,745,751,757,763,769,777,783,789,795,801,807,813,821,827,833,839,847,853,859,865,871,877,883,889,895,903,914,920,926,932,939,945,951,957,963,969,975,981,987,993,999,1005,1011,1019,1025,1031,1037,1043,1049,1057,1065,1071,1077,1083,1089,1097,1103,1109,1117,1123,1129,1135,1141,1147,1155,1161,1167,1173,1179,1185,1191,1199,1205,1211,1217,1225,1231,1243,1249,1255,1263,1269,1275,1281,1287,1293,1299,1305,1311,1317,1323,1329,1335,1341,1347,1353,1359,1365,1371,1377,1383,1389,1395,1401,1407,1415,1424,1430,1436,1442,1448,1454,1460,1467,1474,1480,1488,1494,1500,1507,1513,1519,1525,1533,1539,1551,1557,1563,1569,1575,1581,1587,1593,1601,1607,1613,1621,1627,1633,1641,1647,1659,1665,1671,1679,1685,1693,1699,1705,1712,1718,1724,1730,1736,1746,1752,1758,1766,1772,1778,1784,1790,1796,1802,1808,1814,1820,1826,1833,1839,1845,1853,1859,1867,1873,1879,1885,1891,1899,1905,1911,1917,1923,1931,1937,1945,1951,1957,1963,1969,1975,1981,1987,1995,2003,,,,,,,
-19,-20,-20,-20,-20,-17,-20,-20,-18,-18,-17,-14,-20,-20,-20,-20,-20,-20,-20,-20,-12,-6,-20,-10,-11,-7,-6,-6,-6,-6,-8,-6,-6,-6,-8,-6,-8,-9,-8,-6,-20,-17,-6,-6,-6,-6,-8,-6,-6,-6,-8,-6,-6,-6,-6,-6,-6,-6,-8,-6,-6,-6,-6,-6,-6,-6,-6,-6,-6,-6,-6,-6,-6,-6,-6,-8,-6,-6,-6,-6,-6,-6,-6,-7,-6,-6,-6,-6,-6,-6,-6,-6,-6,-6,-6,-6,-6,-6,-6,-6,-6,-6,-6,-6,-8,-6,-6,-6,-6,-6,-6,-8,-6,-6,-6,-6,-8,-6,-6,-6,-8,-6,-6,-6,-6,-6,-6,-6,-6,-6,-6,-6,-6,-8,-6,-6,-6,-6,-6,-6,-6,-6,-6,-6,-6,-6,-6,-6,-6,-6,-6,-6,-6,-6,-6,-6,-6,-6,-6,-6,-6,-6,-6,-6,-6,-6,-6,-6,-6,-6,-6,-6,-6,-6,-6,-6,-6,-6,-6,-6,-6,-6,-8,-6,-6,-6,-8,-20,-6,-6,-6,-6,-6,-6,-6,-6,-6,-6,-6,-6,-6,-6,-6,-7,-6,-6,-6,-6,-6,-6,-6,-6,-6,-6,-6,-6,-8,-6,-6,-6,-6,-8,-6,-6,-8,-6,-6,-6,-6,-8,-20,-6,-6,-6,-6,-6,-6,-6,-20,-6,-6,-6,-6,-6,-6,-6,-6,-6,-9,-6,-6,-8,-6,-6,-6,-6,-6,-6,-6,-6,-6,-6,-6,-8,-6,,,,,,
19,39,59,79,99,116,136,156,174,192,209,223,243,263,283,303,323,343,363,383,395,401,421,431,442,449,455,461,467,473,481,487,493,499,507,513,521,530,538,544,564,581,587,593,599,605,613,619,625,631,639,645,651,657,663,669,675,681,689,695,701,707,713,719,725,731,737,743,749,755,761,767,773,779,785,793,799,805,811,817,823,829,835,842,848,854,860,866,872,878,884,890,896,902,908,914,920,926,932,938,944,950,956,962,970,976,982,988,994,1000,1006,1014,1020,1026,1032,1038,1046,1052,1058,1064,1072,1078,1084,1090,1096,1102,1108,1114,1120,1126,1132,1138,1144,1152,1158,1164,1170,1176,1182,1188,1194,1200,1206,1212,1218,1224,1230,1236,1242,1248,1254,1260,1266,1272,1278,1284,1290,1296,1302,1308,1314,1320,1326,1332,1338,1344,1350,1356,1362,1368,1374,1380,1386,1392,1398,1404,1410,1416,1422,1428,1434,1440,1448,1454,1460,1466,1474,1494,1500,1506,1512,1518,1524,1530,1536,1542,1548,1554,1560,1566,1572,1578,1584,1591,1597,1603,1609,1615,1621,1627,1633,1639,1645,1651,1657,1663,1671,1677,1683,1689,1695,1703,1709,1715,1723,1729,1735,1741,1747,1755,1775,1781,1787,1793,1799,1805,1811,1817,1837,1843,1849,1855,1861,1867,1873,1879,1885,1891,1900,1906,1912,1920,1926,1932,1938,1944,1950,1956,1962,1968,1974,1980,1986,1994,2000,,,,,,
-19,-20,-20,-20,-20,-17,-20,-20,-18,-18,-17,-14,-20,-20,-20,-20,-20,-20,-20,-20,-12,-6,-20,-10,-11,-7,-6,-6,-6,-6,-8,-6,-6,-6,-8,-6,-8,-9,-8,-6,-20,-17,-6,-6,-6,-6,-8,-6,-6,-6,-8,-6,-6,-6,-6,-6,-6,-6,-8,-6,-6,-6,-6,-6,-6,-6,-6,-6,-6,-6,-6,-6,-6,-6,-6,-8,-6,-6,-6,-6,-6,-6,-6,-7,-6,-6,-6,-6,-6,-6,-6,-6,-6,-6,-6,-6,-6,-6,-6,-6,-6,-6,-6,-6,-8,-6,-6,-6,-6,-6,-6,-8,-6,-6,-6,-6,-8,-6,-6,-6,-8,-6,-6,-6,-6,-6,-6,-6,-6,-6,-6,-6,-6,-8,-6,-6,-6,-6,-6,-6,-6,-6,-6,-6,-6,-6,-6,-6,-6,-6,-6,-6,-6,-6,-6,-6,-6,-6,-6,-6,-6,-6,-6,-6,-6,-6,-6,-6,-6,-6,-6,-6,-6,-6,-6,-6,-6,-6,-6,-6,-6,-6,-8,-6,-6,-6,-8,-20,-6,-6,-6,-6,-6,-6,-6,-6,-6,-6,-6,-6,-6,-6,-6,-7,-6,-6,-6,-6,-6,-6,-6,-6,-6,-6,-6,-6,-8,-6,-6,-6,-6,-8,-6,-6,-8,-6,-6,-6,-6,-8,-20,-6,-6,-6,-6,-6,-6,-6,-20,-6,-6,-6,-6,-6,-6,-6,-6,-6,-9,-6,-6,-8,-6,-6,-6,-6,-6,-6,-6,-6,-6,-6,-6,-8,-6,,,,,,
19,39,59,79,99,116,136,156,174,192,209,223,243,263,283,303,323,343,363,383,395,401,421,431,442,449,455,461,467,473,481,487,493,499,507,513,521,530,538,544,564,581,587,593,599,605,613,619,625,631,639,645,651,657,663,669,675,681,689,695,701,707,713,719,725,731,737,743,749,755,761,767,773,779,785,793,799,805,811,817,823,829,835,842,848,854,860,866,872,878,884,890,896,902,908,914,920,926,932,938,944,950,956,962,970,976,982,988,994,1000,1006,1014,1020,1026,1032,1038,1046,1052,1058,1064,1072,1078,1084,1090,1096,1102,1108,1114,1120,1126,1132,1138,1144,1152,1158,1164,1170,1176,1182,1188,1194,1200,1206,1212,1218,1224,1230,1236,1242,1248,1254,1260,1266,1272,1278,1284,1290,1296,1302,1308,1314,1320,1326,1332,1338,1344,1350,1356,1362,1368,1374,1380,1386,1392,1398,1404,1410,1416,1422,1428,1434,1440,1448,1454,1460,1466,1474,1494,1500,1506,1512,1518,1524,1530,1536,1542,1548,1554,1560,1566,1572,1578,1584,1591,1597,1603,1609,1615,1621,1627,1633,1639,1645,1651,1657,1663,1671,1677,1683,1689,1695,1703,1709,1715,1723,1729,1735,1741,1747,1755,1775,1781,1787,1793,1799,1805,1811,1817,1837,1843,1849,1855,1861,1867,1873,1879,1885,1891,1900,1906,1912,1920,1926,1932,1938,1944,1950,1956,1962,1968,1974,1980,1986,1994,2000,,,,,,
-19,-20,-20,-20,-20,-17,-20,-20,-18,-18,-17,-14,-20,-20,-20,-20,-20,-20,-20,-20,-12,-6,-20,-10,-11,-7,-6,-6,-6,-6,-8,-6,-6,-6,-8,-6,-8,-9,-8,-6,-20,-17,-6,-6,-6,-6,-8,-6,-6,-6,-8,-6,-6,-6,-6,-6,-6,-6,-8,-6,-6,-6,-6,-6,-6,-6,-6,-6,-6,-6,-6,-6,-6,-6,-6,-8,-6,-6,-6,-6,-6,-6,-6,-7,-6,-6,-6,-6,-6,-6,-6,-6,-6,-6,-6,-6,-6,-6,-6,-6,-6,-6,-6,-6,-8,-6,-6,-6,-6,-6,-6,-8,-6,-6,-6,-6,-8,-6,-6,-6,-8,-6,-6,-6,-6,-6,-6,-6,-6,-6,-6,-6,-6,-8,-6,-6,-6,-6,-6,-6,-6,-6,-6,-6,-6,-6,-6,-6,-6,-6,-6,-6,-6,-6,-6,-6,-6,-6,-6,-6,-6,-6,-6,-6,-6,-6,-6,-6,-6,-6,-6,-6,-6,-6,-6,-6,-6,-6,-6,-6,-6,-6,-8,-6,-6,-6,-8,-20,-6,-6,-6,-6,-6,-6,-6,-6,-6,-6,-6,-6,-6,-6,-6,-7,-6,-6,-6,-6,-6,-6,-6,-6,-6,-6,-6,-6,-8,-6,-6,-6,-6,-8,-6,-6,-8,-6,-6,-6,-6,-8,-20,-6,-6,-6,-6,-6,-6,-6,-20,-6,-6,-6,-6,-6,-6,-6,-6,-6,-9,-6,-6,-8,-6,-6,-6,-6,-6,-6,-6,-6,-6,-6,-6,-8,-6,,,,,,
19,39,59,79,99,116,136,156,174,192,209,223,243,263,283,303,323,343,363,383,395,401,421,431,442,449,455,461,467,473,481,487,493,499,507,513,521,530,538,544,564,581,587,593,599,605,613,619,625,631,639,645,651,657,663,669,675,681,689,695,701,707,713,719,725,731,737,743,749,755,761,767,773,779,785,793,799,805,811,817,823,829,835,842,848,854,860,866,872,878,884,890,896,902,908,914,920,926,932,938,944,950,956,962,970,976,982,988,994,1000,1006,1014,1020,1026,1032,1038,1046,1052,1058,1064,1072,1078,1084,1090,1096,1102,1108,1114,1120,1126,1132,1138,1144,1152,1158,1164,1170,1176,1182,1188,1194,1200,1206,1212,1218,1224,1230,1236,1242,1248,1254,1260,1266,1272,1278,1284,1290,1296,1302,1308,1314,1320,1326,1332,1338,1344,1350,1356,1362,1368,1374,1380,1386,1392,1398,1404,1410,1416,1422,1428,1434,1440,1448,1454,1460,1466,1474,1494,1500,1506,1512,1518,1524,1530,1536,1542,1548,1554,1560,1566,1572,1578,1584,1591,1597,1603,1609,1615,1621,1627,1633,1639,1645,1651,1657,1663,1671,1677,1683,1689,1695,1703,1709,1715,1723,1729,1735,1741,1747,1755,1775,1781,1787,1793,1799,1805,1811,1817,1837,1843,1849,1855,1861,1867,1873,1879,1885,1891,1900,1906,1912,1920,1926,1932,1938,1944,1950,1956,1962,1968,1974,1980,1986,1994,2000,,,,,,
-20,-20,-20,-20,-20,-20,-20,-20,-20,-20,-20,-20,-20,-20,-20,-20,-20,-20,-20,-20,-20,-20,-20,-20,-20,-20,-20,-20,-20,-20,-20,-20,-20,-20,-20,-20,-20,-20,-20,-20,-20,-20,-20,-20,-20,-20,-20,-20,-20,-20,-20,-20,-20,-20,-20,-20,-20,-20,-20,-20,-20,-20,-20,-20,-20,-20,-20,-20,-20,-20,-20,-20,-20,-20,-20,-20,-20,-20,-20,-20,-20,-20,-20,-20,-20,-20,-20,-20,-20,-20,-20,-20,-20,-20,-20,-20,-20,-20,-20,-20,,,,,,,,,,,,,,,,,,,,,,,,,,,,,,,,,,,,,,,,,,,,,,,,,,,,,,,,,,,,,,,,,,,,,,,,,,,,,,,,,,,,,,,,,,,,,,,,,,,,,,,,,,,,,,,,,,,,,,,,,,,,,,,,,,,,,,,,,,,,,,,,,,,,,,,,,,,,,,,,,,,,,,,,,,,
20,40,60,80,100,120,140,160,180,200,220,240,260,280,300,320,340,360,380,400,420,440,460,480,500,520,540,560,580,600,620,640,660,680,700,720,740,760,780,800,820,840,860,880,900,920,940,960,980,1000,1020,1040,1060,1080,1100,1120,1140,1160,1180,1200,1220,1240,1260,1280,1300,1320,1340,1360,1380,1400,1420,1440,1460,1480,1500,1520,1540,1560,1580,1600,1620,1640,1660,1680,1700,1720,1740,1760,1780,1800,1820,1840,1860,1880,1900,1920,1940,1960,1980,2000,,,,,,,,,,,,,,,,,,,,,,,,,,,,,,,,,,,,,,,,,,,,,,,,,,,,,,,,,,,,,,,,,,,,,,,,,,,,,,,,,,,,,,,,,,,,,,,,,,,,,,,,,,,,,,,,,,,,,,,,,,,,,,,,,,,,,,,,,,,,,,,,,,,,,,,,,,,,,,,,,,,,,,,,,,,
-20,-20,-15,-20,-20,-20,-20,-20,-16,-20,-20,-20,-20,-20,-20,-20,-20,-20,-20,-20,-20,-20,-20,-20,-20,-20,-20,-20,-20,-20,-20,-20,-20,-20,-20,-20,-20,-20,-20,-20,-20,-20,-20,-20,-20,-20,-20,-20,-20,-20,-20,-20,-20,-20,-20,-20,-20,-20,-20,-20,-20,-20,-20,-20,-20,-20,-20,-20,-20,-20,-20,-20,-20,-20,-20,-20,-20,-20,-20,-20,-20,-20,-20,-20,-20,-20,-20,-20,-20,-20,-20,-20,-20,-20,-20,-20,-20,-20,-20,-20,-20,,,,,,,,,,,,,,,,,,,,,,,,,,,,,,,,,,,,,,,,,,,,,,,,,,,,,,,,,,,,,,,,,,,,,,,,,,,,,,,,,,,,,,,,,,,,,,,,,,,,,,,,,,,,,,,,,,,,,,,,,,,,,,,,,,,,,,,,,,,,,,,,,,,,,,,,,,,,,,,,,,,,,,,,,,
20,40,55,75,95,115,135,155,171,191,211,231,251,271,291,311,331,351,371,391,411,431,451,471,491,511,531,551,571,591,611,631,651,671,691,711,731,751,771,791,811,831,851,871,891,911,931,951,971,991,1011,1031,1051,1071,1091,1111,1131,1151,1171,1191,1211,1231,1251,1271,1291,1311,1331,1351,1371,1391,1411,1431,1451,1471,1491,1511,1531,1551,1571,1591,1611,1631,1651,1671,1691,1711,1731,1751,1771,1791,1811,1831,1851,1871,1891,1911,1931,1951,1971,1991,2011,,,,,,,,,,,,,,,,,,,,,,,,,,,,,,,,,,,,,,,,,,,,,,,,,,,,,,,,,,,,,,,,,,,,,,,,,,,,,,,,,,,,,,,,,,,,,,,,,,,,,,,,,,,,,,,,,,,,,,,,,,,,,,,,,,,,,,,,,,,,,,,,,,,,,,,,,,,,,,,,,,,,,,,,,,
-19,-20,-20,-20,-20,-17,-20,-20,-18,-18,-17,-14,-20,-20,-20,-20,-20,-20,-20,-20,-12,-6,-20,-10,-11,-7,-6,-6,-6,-6,-8,-6,-6,-6,-8,-6,-8,-9,-8,-6,-20,-17,-6,-6,-6,-6,-8,-6,-6,-6,-8,-6,-6,-6,-6,-6,-6,-6,-8,-6,-6,-6,-6,-6,-6,-6,-6,-6,-6,-6,-6,-6,-6,-6,-6,-8,-6,-6,-6,-6,-6,-6,-6,-7,-6,-6,-6,-6,-6,-6,-6,-6,-6,-6,-6,-6,-6,-6,-6,-6,-6,-6,-6,-6,-8,-6,-6,-6,-6,-6,-6,-8,-6,-6,-6,-6,-8,-6,-6,-6,-8,-6,-6,-6,-6,-6,-6,-6,-6,-6,-6,-6,-6,-8,-6,-6,-6,-6,-6,-6,-6,-6,-6,-6,-6,-6,-6,-6,-6,-6,-6,-6,-6,-6,-6,-6,-6,-6,-6,-6,-6,-6,-6,-6,-6,-6,-6,-6,-6,-6,-6,-6,-6,-6,-6,-6,-6,-6,-6,-6,-6,-6,-8,-6,-6,-6,-8,-20,-6,-6,-6,-6,-6,-6,-6,-6,-6,-6,-6,-6,-6,-6,-6,-7,-6,-6,-6,-6,-6,-6,-6,-6,-6,-6,-6,-6,-8,-6,-6,-6,-6,-8,-6,-6,-8,-6,-6,-6,-6,-8,-20,-6,-6,-6,-6,-6,-6,-6,-20,-6,-6,-6,-6,-6,-6,-6,-6,-6,-9,-6,-6,-8,-6,-6,-6,-6,-6,-6,-6,-6,-6,-6,-6,-8,-6,,,,,,
19,39,59,79,99,116,136,156,174,192,209,223,243,263,283,303,323,343,363,383,395,401,421,431,442,449,455,461,467,473,481,487,493,499,507,513,521,530,538,544,564,581,587,593,599,605,613,619,625,631,639,645,651,657,663,669,675,681,689,695,701,707,713,719,725,731,737,743,749,755,761,767,773,779,785,793,799,805,811,817,823,829,835,842,848,854,860,866,872,878,884,890,896,902,908,914,920,926,932,938,944,950,956,962,970,976,982,988,994,1000,1006,1014,1020,1026,1032,1038,1046,1052,1058,1064,1072,1078,1084,1090,1096,1102,1108,1114,1120,1126,1132,1138,1144,1152,1158,1164,1170,1176,1182,1188,1194,1200,1206,1212,1218,1224,1230,1236,1242,1248,1254,1260,1266,1272,1278,1284,1290,1296,1302,1308,1314,1320,1326,1332,1338,1344,1350,1356,1362,1368,1374,1380,1386,1392,1398,1404,1410,1416,1422,1428,1434,1440,1448,1454,1460,1466,1474,1494,1500,1506,1512,1518,1524,1530,1536,1542,1548,1554,1560,1566,1572,1578,1584,1591,1597,1603,1609,1615,1621,1627,1633,1639,1645,1651,1657,1663,1671,1677,1683,1689,1695,1703,1709,1715,1723,1729,1735,1741,1747,1755,1775,1781,1787,1793,1799,1805,1811,1817,1837,1843,1849,1855,1861,1867,1873,1879,1885,1891,1900,1906,1912,1920,1926,1932,1938,1944,1950,1956,1962,1968,1974,1980,1986,1994,2000,,,,,,
-20,-20,-20,-20,-20,-17,-18,-15,-20,-20,-15,-20,-20,-14,-20,-20,-20,-13,-20,-20,-20,-20,-20,-20,-6,-13,-15,-6,-14,-8,-8,-20,-20,-20,-20,-20,-20,-20,-20,-20,-20,-20,-6,-6,-6,-6,-6,-6,-6,-6,-6,-6,-6,-6,-6,-6,-6,-6,-6,-6,-6,-11,-6,-6,-6,-6,-6,-6,-6,-6,-6,-6,-6,-6,-6,-6,-6,-6,-6,-6,-6,-6,-6,-6,-6,-20,-6,-6,-6,-6,-6,-6,-8,-6,-6,-6,-6,-6,-6,-6,-6,-6,-6,-6,-8,-6,-6,-6,-6,-6,-6,-6,-6,-6,-8,-6,-6,-6,-6,-6,-6,-6,-6,-6,-6,-6,-6,-6,-6,-6,-6,-6,-6,-6,-6,-6,-6,-6,-6,-6,-6,-6,-6,-6,-6,-6,-6,-6,-8,-6,-6,-6,-6,-6,-6,-6,-6,-6,-6,-6,-6,-6,-6,-6,-6,-6,-6,-6,-20,-6,-6,-6,-6,-6,-6,-6,-7,-6,-6,-6,-6,-6,-6,-6,-6,-6,-6,-6,-6,-6,-6,-6,-6,-6,-8,-6,-6,-6,-6,-6,-6,-6,-6,-8,-6,-6,-6,-6,-6,-6,-6,-6,-6,-6,-6,-6,-6,-6,-6,-6,-6,-6,-6,-8,-6,-6,-12,-6,-6,-8,-6,-20,-6,-6,-6,-6,-6,-6,-6,-6,,,,,,,,,,,,,,,,,,,,,,,,,,,,,,,
20,40,60,80,100,117,135,150,170,190,205,225,245,259,279,299,319,332,352,372,392,412,432,452,458,471,486,492,506,514,522,542,562,582,602,622,642,662,682,702,722,742,748,754,760,766,772,778,784,790,796,802,808,814,820,826,832,838,844,850,856,867,873,879,885,891,897,903,909,915,921,927,933,939,945,951,957,963,969,975,981,987,993,999,1005,1025,1031,1037,1043,1049,1055,1061,1069,1075,1081,1087,1093,1099,1105,1111,1117,1123,1129,1135,1143,1149,1155,1161,1167,1173,1179,1185,1191,1197,1205,1211,1217,1223,1229,1235,1241,1247,1253,1259,1265,1271,1277,1283,1289,1295,1301,1307,1313,1319,1325,1331,1337,1343,1349,1355,1361,1367,1373,1379,1385,1391,1397,1403,1411,1417,1423,1429,1435,1441,1447,1453,1459,1465,1471,1477,1483,1489,1495,1501,1507,1513,1519,1525,1545,1551,1557,1563,1569,1575,1581,1587,1594,1600,1606,1612,1618,1624,1630,1636,1642,1648,1654,1660,1666,1672,1678,1684,1690,1696,1704,1710,1716,1722,1728,1734,1740,1746,1752,1760,1766,1772,1778,1784,1790,1796,1802,1808,1814,1820,1826,1832,1838,1844,1850,1856,1862,1868,1874,1882,1888,1894,1906,1912,1918,1926,1932,1952,1958,1964,1970,1976,1982,1988,1994,2000,,,,,,,,,,,,,,,,,,,,,,,,,,,,,,,
-20,-20,-20,-20,-20,-20,-20,-16,-11,-20,-20,-20,-20,-20,-17,-20,-20,-20,-20,-20,-13,-20,-20,-20,-20,-20,-20,-20,-20,-20,-20,-20,-20,-20,-20,-20,-20,-20,-20,-20,-20,-20,-20,-20,-20,-20,-20,-20,-20,-20,-20,-20,-20,-20,-20,-20,-20,-20,-20,-20,-20,-20,-20,-20,-20,-20,-20,-20,-20,-20,-20,-20,-20,-20,-20,-20,-20,-20,-20,-20,-20,-20,-20,-20,-20,-20,-20,-20,-20,-20,-20,-20,-20,-20,-20,-20,-20,-20,-20,-20,-20,-20,,,,,,,,,,,,,,,,,,,,,,,,,,,,,,,,,,,,,,,,,,,,,,,,,,,,,,,,,,,,,,,,,,,,,,,,,,,,,,,,,,,,,,,,,,,,,,,,,,,,,,,,,,,,,,,,,,,,,,,,,,,,,,,,,,,,,,,,,,,,,,,,,,,,,,,,,,,,,,,,,,,,,,,,,
20,40,60,80,100,120,140,156,167,187,207,227,247,267,284,304,324,344,364,384,397,417,437,457,477,497,517,537,557,577,597,617,637,657,677,697,717,737,757,777,797,817,837,857,877,897,917,937,957,977,997,1017,1037,1057,1077,1097,1117,1137,1157,1177,1197,1217,1237,1257,1277,1297,1317,1337,1357,1377,1397,1417,1437,1457,1477,1497,1517,1537,1557,1577,1597,1617,1637,1657,1677,1697,1717,1737,1757,1777,1797,1817,1837,1857,1877,1897,1917,1937,1957,1977,1997,2017,,,,,,,,,,,,,,,,,,,,,,,,,,,,,,,,,,,,,,,,,,,,,,,,,,,,,,,,,,,,,,,,,,,,,,,,,,,,,,,,,,,,,,,,,,,,,,,,,,,,,,,,,,,,,,,,,,,,,,,,,,,,,,,,,,,,,,,,,,,,,,,,,,,,,,,,,,,,,,,,,,,,,,,,,
-20,-20,-20,-12,-20,-20,-20,-20,-20,-20,-20,-20,-20,-20,-20,-20,-20,-20,-20,-20,-20,-20,-20,-20,-20,-20,-20,-20,-20,-20,-20,-20,-20,-20,-20,-20,-20,-20,-20,-20,-20,-20,-20,-20,-20,-20,-20,-20,-20,-20,-20,-20,-20,-20,-20,-20,-20,-20,-20,-20,-20,-20,-20,-20,-20,-20,-20,-20,-20,-20,-20,-20,-20,-20,-20,-20,-20,-20,-20,-20,-20,-20,-20,-20,-20,-20,-20,-20,-20,-20,-20,-20,-20,-20,-20,-20,-20,-20,-20,-20,-20,,,,,,,,,,,,,,,,,,,,,,,,,,,,,,,,,,,,,,,,,,,,,,,,,,,,,,,,,,,,,,,,,,,,,,,,,,,,,,,,,,,,,,,,,,,,,,,,,,,,,,,,,,,,,,,,,,,,,,,,,,,,,,,,,,,,,,,,,,,,,,,,,,,,,,,,,,,,,,,,,,,,,,,,,,
20,40,60,72,92,112,132,152,172,192,212,232,252,272,292,312,332,352,372,392,412,432,452,472,492,512,532,552,572,592,612,632,652,672,692,712,732,752,772,792,812,832,852,872,892,912,932,952,972,992,1012,1032,1052,1072,1092,1112,1132,1152,1172,1192,1212,1232,1252,1272,1292,1312,1332,1352,1372,1392,1412,1432,1452,1472,1492,1512,1532,1552,1572,1592,1612,1632,1652,1672,1692,1712,1732,1752,1772,1792,1812,1832,1852,1872,1892,1912,1932,1952,1972,1992,2012,,,,,,,,,,,,,,,,,,,,,,,,,,,,,,,,,,,,,,,,,,,,,,,,,,,,,,,,,,,,,,,,,,,,,,,,,,,,,,,,,,,,,,,,,,,,,,,,,,,,,,,,,,,,,,,,,,,,,,,,,,,,,,,,,,,,,,,,,,,,,,,,,,,,,,,,,,,,,,,,,,,,,,,,,,
-20,-20,-20,-20,-13,-20,-20,-20,-16,-20,-13,-10,-10,-9,-17,-6,-20,-8,-14,-12,-11,-7,-20,-10,-20,-9,-13,-12,-6,-8,-6,-6,-13,-10,-20,-15,-9,-8,-10,-10,-6,-20,-7,-9,-6,-6,-6,-6,-6,-6,-6,-8,-6,-8,-6,-6,-6,-6,-6,-6,-6,-8,-6,-6,-8,-8,-6,-8,-6,-8,-6,-6,-6,-6,-6,-6,-10,-6,-6,-6,-6,-6,-6,-6,-6,-6,-6,-6,-6,-8,-6,-6,-6,-8,-6,-6,-6,-6,-6,-6,-6,-6,-7,-6,-6,-6,-6,-7,-9,-8,-6,-6,-10,-6,-6,-6,-6,-6,-6,-6,-6,-6,-6,-7,-6,-8,-8,-6,-6,-6,-6,-6,-6,-10,-8,-6,-6,-6,-6,-6,-6,-6,-6,-6,-6,-6,-6,-20,-6,-8,-6,-6,-6,-8,-6,-8,-6,-6,-6,-6,-6,-8,-6,-6,-7,-6,-6,-20,-8,-6,-7,-6,-6,-7,-6,-8,-6,-6,-6,-6,-6,-6,-6,-6,-6,-8,-6,-6,-6,-6,-8,-6,-6,-6,-6,-6,-6,-6,-6,-6,-6,-6,-6,-6,-6,-6,-6,-6,-6,-6,-6,-6,-6,-6,-6,-8,-6,-6,-6,-6,-6,-8,-16,-6,-6,-6,-6,-6,-6,-6,-8,-6,-8,-6,-6,-6,-6,-6,-6,-6,-6,-6,-6,-6,-6,-6,-8,-6,-6,-6,-6,-6,-6,-6,-6,-6,-6,-6,-6,-6,-6,-6,-6,-6,,,,,,,
20,40,60,80,93,113,133,153,169,189,202,212,222,231,248,254,274,282,296,308,319,326,346,356,376,385,398,410,416,424,430,436,449,459,479,494,503,511,521,531,537,557,564,573,579,585,591,597,603,609,615,623,629,637,643,649,655,661,667,673,679,687,693,699,707,715,721,729,735,743,749,755,761,767,773,779,789,795,801,807,813,819,825,831,837,843,849,855,861,869,875,881,887,895,901,907,913,919,925,931,937,943,950,956,962,968,974,981,990,998,1004,1010,1020,1026,1032,1038,1044,1050,1056,1062,1068,1074,1080,1087,1093,1101,1109,1115,1121,1127,1133,1139,1145,1155,1163,1169,1175,1181,1187,1193,1199,1205,1211,1217,1223,1229,1235,1255,1261,1269,1275,1281,1287,1295,1301,1309,1315,1321,1327,1333,1339,1347,1353,1359,1366,1372,1378,1398,1406,1412,1419,1425,1431,1438,1444,1452,1458,1464,1470,1476,1482,1488,1494,1500,1506,1514,1520,1526,1532,1538,1546,1552,1558,1564,1570,1576,1582,1588,1594,1600,1606,1612,1618,1624,1630,1636,1642,1648,1654,1660,1666,1672,1678,1684,1690,1698,1704,1710,1716,1722,1728,1736,1752,1758,1764,1770,1776,1782,1788,1794,1802,1808,1816,1822,1828,1834,1840,1846,1852,1858,1864,1870,1876,1882,1888,1894,1902,1908,1914,1920,1926,1932,1938,1944,1950,1956,1962,1968,1974,1980,1986,1992,1998,2004,,,,,,,
-20,-20,-20,-16,-20,-20,-20,-20,-20,-20,-20,-20,-20,-20,-20,-20,-20,-20,-20,-20,-20,-20,-20,-20,-20,-20,-20,-20,-20,-20,-20,-20,-20,-20,-20,-20,-20,-20,-20,-20,-20,-20,-20,-20,-20,-20,-20,-20,-20,-20,-20,-20,-20,-20,-20,-20,-20,-20,-20,-20,-20,-20,-20,-20,-20,-20,-20,-20,-20,-20,-20,-20,-20,-20,-20,-20,-20,-20,-20,-20,-20,-20,-20,-20,-20,-20,-20,-20,-20,-20,-20,-20,-20,-20,-20,-20,-20,-20,-20,-20,-20,,,,,,,,,,,,,,,,,,,,,,,,,,,,,,,,,,,,,,,,,,,,,,,,,,,,,,,,,,,,,,,,,,,,,,,,,,,,,,,,,,,,,,,,,,,,,,,,,,,,,,,,,,,,,,,,,,,,,,,,,,,,,,,,,,,,,,,,,,,,,,,,,,,,,,,,,,,,,,,,,,,,,,,,,,
20,40,60,76,96,116,136,156,176,196,216,236,256,276,296,316,336,356,376,396,416,436,456,476,496,516,536,556,576,596,616,636,656,676,696,716,736,756,776,796,816,836,856,876,896,916,936,956,976,996,1016,1036,1056,1076,1096,1116,1136,1156,1176,1196,1216,1236,1256,1276,1296,1316,1336,1356,1376,1396,1416,1436,1456,1476,1496,1516,1536,1556,1576,1596,1616,1636,1656,1676,1696,1716,1736,1756,1776,1796,1816,1836,1856,1876,1896,1916,1936,1956,1976,1996,2016,,,,,,,,,,,,,,,,,,,,,,,,,,,,,,,,,,,,,,,,,,,,,,,,,,,,,,,,,,,,,,,,,,,,,,,,,,,,,,,,,,,,,,,,,,,,,,,,,,,,,,,,,,,,,,,,,,,,,,,,,,,,,,,,,,,,,,,,,,,,,,,,,,,,,,,,,,,,,,,,,,,,,,,,,,
-20,-20,-17,-20,-20,-20,-11,-20,-20,-20,-20,-20,-9,-20,-20,-8,-6,-14,-15,-20,-20,-20,-20,-20,-20,-20,-20,-20,-20,-20,-20,-20,-20,-20,-20,-20,-20,-20,-20,-20,-20,-20,-20,-20,-20,-20,-20,-20,-20,-20,-20,-20,-20,-20,-20,-20,-20,-20,-20,-20,-20,-20,-20,-20,-20,-20,-20,-20,-20,-20,-20,-20,-20,-20,-20,-20,-20,-20,-20,-20,-20,-20,-20,-20,-8,-20,-20,-20,-20,-20,-20,-20,-20,-20,-20,-20,-20,-20,-20,-20,-20,-20,-20,-20,,,,,,,,,,,,,,,,,,,,,,,,,,,,,,,,,,,,,,,,,,,,,,,,,,,,,,,,,,,,,,,,,,,,,,,,,,,,,,,,,,,,,,,,,,,,,,,,,,,,,,,,,,,,,,,,,,,,,,,,,,,,,,,,,,,,,,,,,,,,,,,,,,,,,,,,,,,,,,,,,,,,,,,
20,40,57,77,97,117,128,148,168,188,208,228,237,257,277,285,291,305,320,340,360,380,400,420,440,460,480,500,520,540,560,580,600,620,640,660,680,700,720,740,760,780,800,820,840,860,880,900,920,940,960,980,1000,1020,1040,1060,1080,1100,1120,1140,1160,1180,1200,1220,1240,1260,1280,1300,1320,1340,1360,1380,1400,1420,1440,1460,1480,1500,1520,1540,1560,1580,1600,1620,1628,1648,1668,1688,1708,1728,1748,1768,1788,1808,1828,1848,1868,1888,1908,1928,1948,1968,1988,2008,,,,,,,,,,,,,,,,,,,,,,,,,,,,,,,,,,,,,,,,,,,,,,,,,,,,,,,,,,,,,,,,,,,,,,,,,,,,,,,,,,,,,,,,,,,,,,,,,,,,,,,,,,,,,,,,,,,,,,,,,,,,,,,,,,,,,,,,,,,,,,,,,,,,,,,,,,,,,,,,,,,,,,,
-20,-20,-20,-20,-20,-20,-20,-20,-18,-20,-20,-20,-20,-20,-20,-20,-20,-20,-20,-20,-20,-20,-20,-20,-20,-20,-20,-20,-20,-20,-20,-20,-20,-20,-20,-20,-20,-20,-20,-20,-20,-20,-20,-20,-20,-20,-20,-20,-20,-20,-20,-20,-20,-20,-20,-20,-20,-20,-20,-20,-20,-20,-20,-20,-20,-20,-20,-20,-20,-20,-20,-20,-20,-20,-20,-20,-20,-20,-20,-20,-20,-20,-20,-20,-20,-20,-20,-20,-20,-20,-20,-20,-20,-20,-20,-20,-20,-20,-20,-20,-20,,,,,,,,,,,,,,,,,,,,,,,,,,,,,,,,,,,,,,,,,,,,,,,,,,,,,,,,,,,,,,,,,,,,,,,,,,,,,,,,,,,,,,,,,,,,,,,,,,,,,,,,,,,,,,,,,,,,,,,,,,,,,,,,,,,,,,,,,,,,,,,,,,,,,,,,,,,,,,,,,,,,,,,,,,
20,40,60,80,100,120,140,160,178,198,218,238,258,278,298,318,338,358,378,398,418,438,458,478,498,518,538,558,578,598,618,638,658,678,698,718,738,758,778,798,818,838,858,878,898,918,938,958,978,998,1018,1038,1058,1078,1098,1118,1138,1158,1178,1198,1218,1238,1258,1278,1298,1318,1338,1358,1378,1398,1418,1438,1458,1478,1498,1518,1538,1558,1578,1598,1618,1638,1658,1678,1698,1718,1738,1758,1778,1798,1818,1838,1858,1878,1898,1918,1938,1958,1978,1998,2018,,,,,,,,,,,,,,,,,,,,,,,,,,,,,,,,,,,,,,,,,,,,,,,,,,,,,,,,,,,,,,,,,,,,,,,,,,,,,,,,,,,,,,,,,,,,,,,,,,,,,,,,,,,,,,,,,,,,,,,,,,,,,,,,,,,,,,,,,,,,,,,,,,,,,,,,,,,,,,,,,,,,,,,,,,
-20,-11,-20,-20,-20,-20,-20,-20,-20,-8,-20,-20,-20,-20,-19,-20,-20,-20,-20,-20,-20,-20,-20,-14,-20,-20,-20,-20,-20,-20,-20,-20,-20,-20,-20,-20,-20,-20,-20,-20,-20,-20,-20,-20,-20,-20,-20,-20,-20,-20,-20,-20,-20,-20,-20,-20,-20,-20,-20,-20,-20,-20,-20,-20,-20,-20,-20,-20,-20,-20,-20,-20,-20,-20,-20,-20,-20,-20,-20,-20,-20,-20,-20,-20,-20,-20,-20,-20,-20,-20,-20,-20,-20,-20,-20,-20,-20,-20,-20,-20,-20,-20,,,,,,,,,,,,,,,,,,,,,,,,,,,,,,,,,,,,,,,,,,,,,,,,,,,,,,,,,,,,,,,,,,,,,,,,,,,,,,,,,,,,,,,,,,,,,,,,,,,,,,,,,,,,,,,,,,,,,,,,,,,,,,,,,,,,,,,,,,,,,,,,,,,,,,,,,,,,,,,,,,,,,,,,,
20,31,51,71,91,111,131,151,171,179,199,219,239,259,278,298,318,338,358,378,398,418,438,452,472,492,512,532,552,572,592,612,632,652,672,692,712,732,752,772,792,812,832,852,872,892,912,932,952,972,992,1012,1032,1052,1072,1092,1112,1132,1152,1172,1192,1212,1232,1252,1272,1292,1312,1332,1352,1372,1392,1412,1432,1452,1472,1492,1512,1532,1552,1572,1592,1612,1632,1652,1672,1692,1712,1732,1752,1772,1792,1812,1832,1852,1872,1892,1912,1932,1952,1972,1992,2012,,,,,,,,,,,,,,,,,,,,,,,,,,,,,,,,,,,,,,,,,,,,,,,,,,,,,,,,,,,,,,,,,,,,,,,,,,,,,,,,,,,,,,,,,,,,,,,,,,,,,,,,,,,,,,,,,,,,,,,,,,,,,,,,,,,,,,,,,,,,,,,,,,,,,,,,,,,,,,,,,,,,,,,,,
-20,-15,-15,-20,-20,-20,-6,-20,-15,-20,-20,-12,-20,-17,-17,-13,-20,-8,-20,-20,-20,-20,-6,-19,-12,-13,-6,-6,-6,-6,-11,-10,-8,-6,-8,-6,-11,-6,-6,-6,-6,-8,-6,-6,-6,-6,-6,-6,-8,-6,-6,-6,-6,-6,-8,-6,-6,-6,-6,-6,-6,-6,-6,-6,-6,-6,-6,-6,-6,-6,-20,-6,-6,-6,-6,-7,-6,-6,-6,-6,-6,-6,-7,-6,-6,-6,-6,-6,-6,-6,-11,-7,-6,-6,-6,-6,-6,-6,-6,-6,-6,-6,-6,-6,-6,-6,-8,-6,-6,-6,-6,-6,-7,-6,-6,-6,-6,-6,-6,-6,-6,-8,-6,-6,-6,-6,-8,-8,-9,-6,-6,-6,-6,-6,-6,-8,-6,-8,-6,-6,-8,-6,-6,-6,-6,-10,-6,-6,-6,-6,-8,-6,-6,-6,-6,-6,-6,-6,-6,-6,-7,-6,-6,-6,-6,-6,-6,-6,-6,-6,-6,-6,-6,-6,-6,-8,-6,-6,-6,-6,-6,-6,-6,-6,-8,-6,-6,-6,-6,-6,-6,-6,-9,-6,-6,-6,-6,-6,-8,-6,-8,-6,-8,-6,-6,-6,-6,-6,-6,-6,-6,-6,-6,-6,-6,-8,-6,-8,-6,-6,-6,-6,-6,-6,-6,-6,-6,-20,-6,-6,-6,-6,-6,-6,-6,-6,-6,-6,-6,-6,-6,-6,-6,-6,-6,-6,-6,-6,-6,-6,-6,-6,-6,-6,-7,-6,-6,-6,-6,-8,-6,-6,-6,-6,-6,-6,-6,-6,-6,-6,-6
20,35,50,70,90,110,116,136,151,171,191,203,223,240,257,270,290,298,318,338,358,378,384,403,415,428,434,440,446,452,463,473,481,487,495,501,512,518,524,530,536,544,550,556,562,568,574,580,588,594,600,606,612,618,626,632,638,644,650,656,662,668,674,680,686,692,698,704,710,716,736,742,748,754,760,767,773,779,785,791,797,803,810,816,822,828,834,840,846,852,863,870,876,882,888,894,900,906,912,918,924,930,936,942,948,954,962,968,974,980,986,992,999,1005,1011,1017,1023,1029,1035,1041,1047,1055,1061,1067,1073,1079,1087,1095,1104,1110,1116,1122,1128,1134,1140,1148,1154,1162,1168,1174,1182,1188,1194,1200,1206,1216,1222,1228,1234,1240,1248,1254,1260,1266,1272,1278,1284,1290,1296,1302,1309,1315,1321,1327,1333,1339,1345,1351,1357,1363,1369,1375,1381,1387,1393,1401,1407,1413,1419,1425,1431,1437,1443,1449,1457,1463,1469,1475,1481,1487,1493,1499,1508,1514,1520,1526,1532,1538,1546,1552,1560,1566,1574,1580,1586,1592,1598,1604,1610,1616,1622,1628,1634,1640,1646,1654,1660,1668,1674,1680,1686,1692,1698,1704,1710,1716,1722,1742,1748,1754,1760,1766,1772,1778,1784,1790,1796,1802,1808,1814,1820,1826,1832,1838,1844,1850,1856,1862,1868,1874,1880,1886,1892,1898,1905,1911,1917,1923,1929,1937,1943,1949,1955,1961,1967,1973,1979,1985,1991,1997,2003
-20,-20,-20,-20,-20,-20,-20,-20,-20,-20,-20,-12,-20,-20,-20,-20,-20,-20,-20,-20,-20,-20,-20,-20,-20,-20,-20,-20,-20,-20,-20,-20,-20,-20,-20,-20,-20,-20,-20,-20,-20,-20,-20,-20,-20,-20,-20,-20,-20,-20,-20,-20,-20,-20,-20,-20,-20,-20,-20,-20,-20,-20,-20,-20,-20,-20,-20,-20,-20,-20,-20,-20,-20,-20,-20,-20,-20,-20,-20,-20,-20,-20,-20,-20,-20,-20,-20,-20,-20,-20,-20,-20,-20,-20,-20,-20,-20,-20,-20,-20,-20,,,,,,,,,,,,,,,,,,,,,,,,,,,,,,,,,,,,,,,,,,,,,,,,,,,,,,,,,,,,,,,,,,,,,,,,,,,,,,,,,,,,,,,,,,,,,,,,,,,,,,,,,,,,,,,,,,,,,,,,,,,,,,,,,,,,,,,,,,,,,,,,,,,,,,,,,,,,,,,,,,,,,,,,,,
20,40,60,80,100,120,140,160,180,200,220,232,252,272,292,312,332,352,372,392,412,432,452,472,492,512,532,552,572,592,612,632,652,672,692,712,732,752,772,792,812,832,852,872,892,912,932,952,972,992,1012,1032,1052,1072,1092,1112,1132,1152,1172,1192,1212,1232,1252,1272,1292,1312,1332,1352,1372,1392,1412,1432,1452,1472,1492,1512,1532,1552,1572,1592,1612,1632,1652,1672,1692,1712,1732,1752,1772,1792,1812,1832,1852,1872,1892,1912,1932,1952,1972,1992,2012,,,,,,,,,,,,,,,,,,,,,,,,,,,,,,,,,,,,,,,,,,,,,,,,,,,,,,,,,,,,,,,,,,,,,,,,,,,,,,,,,,,,,,,,,,,,,,,,,,,,,,,,,,,,,,,,,,,,,,,,,,,,,,,,,,,,,,,,,,,,,,,,,,,,,,,,,,,,,,,,,,,,,,,,,,
-20,-20,-20,-20,-13,-20,-20,-20,-20,-20,-20,-20,-20,-20,-20,-20,-20,-20,-20,-20,-20,-20,-20,-20,-20,-20,-20,-20,-20,-20,-20,-20,-20,-20,-20,-20,-20,-20,-20,-20,-20,-20,-20,-20,-20,-20,-20,-20,-20,-20,-20,-20,-20,-20,-20,-20,-20,-20,-20,-20,-20,-20,-20,-20,-20,-20,-20,-20,-20,-20,-20,-20,-20,-20,-20,-20,-20,-20,-20,-20,-20,-20,-20,-20,-20,-20,-20,-20,-20,-20,-20,-20,-20,-20,-20,-20,-20,-20,-20,-20,-20,,,,,,,,,,,,,,,,,,,,,,,,,,,,,,,,,,,,,,,,,,,,,,,,,,,,,,,,,,,,,,,,,,,,,,,,,,,,,,,,,,,,,,,,,,,,,,,,,,,,,,,,,,,,,,,,,,,,,,,,,,,,,,,,,,,,,,,,,,,,,,,,,,,,,,,,,,,,,,,,,,,,,,,,,,
20,40,60,80,93,113,133,153,173,193,213,233,253,273,293,313,333,353,373,393,413,433,453,473,493,513,533,553,573,593,613,633,653,673,693,713,733,753,773,793,813,833,853,873,893,913,933,953,973,993,1013,1033,1053,1073,1093,1113,1133,1153,1173,1193,1213,1233,1253,1273,1293,1313,1333,1353,1373,1393,1413,1433,1453,1473,1493,1513,1533,1553,1573,1593,1613,1633,1653,1673,1693,1713,1733,1753,1773,1793,1813,1833,1853,1873,1893,1913,1933,1953,1973,1993,2013,,,,,,,,,,,,,,,,,,,,,,,,,,,,,,,,,,,,,,,,,,,,,,,,,,,,,,,,,,,,,,,,,,,,,,,,,,,,,,,,,,,,,,,,,,,,,,,,,,,,,,,,,,,,,,,,,,,,,,,,,,,,,,,,,,,,,,,,,,,,,,,,,,,,,,,,,,,,,,,,,,,,,,,,,,
-19,-8,-20,-20,-14,-20,-20,-20,-19,-20,-20,-20,-20,-10,-18,-18,-13,-20,-14,-20,-14,-12,-20,-20,-6,-10,-20,-8,-9,-8,-7,-10,-6,-6,-7,-6,-6,-6,-8,-8,-20,-20,-20,-20,-20,-20,-8,-6,-6,-6,-6,-6,-6,-6,-6,-6,-6,-8,-6,-6,-6,-6,-6,-6,-6,-6,-6,-6,-6,-8,-6,-8,-6,-6,-6,-6,-6,-6,-6,-8,-6,-6,-6,-6,-6,-6,-6,-8,-6,-6,-10,-20,-8,-6,-6,-6,-6,-6,-6,-6,-6,-8,-6,-6,-6,-6,-6,-8,-6,-6,-8,-6,-6,-6,-6,-6,-7,-6,-6,-6,-6,-6,-6,-6,-6,-6,-7,-6,-8,-8,-6,-6,-6,-6,-6,-6,-6,-6,-6,-6,-6,-8,-6,-7,-6,-8,-6,-6,-6,-6,-6,-6,-8,-20,-6,-6,-8,-8,-6,-8,-6,-6,-6,-8,-6,-20,-6,-6,-6,-6,-6,-6,-6,-6,-8,-6,-6,-6,-6,-6,-6,-8,-6,-6,-6,-6,-6,-6,-6,-6,-6,-6,-6,-6,-6,-8,-6,-6,-6,-6,-10,-6,-6,-8,-6,-6,-6,-7,-6,-6,-20,-6,-6,-6,-6,-6,-6,-8,-6,-6,-6,-6,-6,-6,-6,-8,-7,-6,-6,-6,-6,-6,-6,-6,-6,-8,-6,-6,-6,-6,-6,-8,-6,-6,-6,-6,-6,-7,,,,,,,,,,,,,,,,,,,,,,,
19,27,47,67,81,101,121,141,160,180,200,220,240,250,268,286,299,319,333,353,367,379,399,419,425,435,455,463,472,480,487,497,503,509,516,522,528,534,542,550,570,590,610,630,650,670,678,684,690,696,702,708,714,720,726,732,738,746,752,758,764,770,776,782,788,794,800,806,812,820,826,834,840,846,852,858,864,870,876,884,890,896,902,908,914,920,926,934,940,946,956,976,984,990,996,1002,1008,1014,1020,1026,1032,1040,1046,1052,1058,1064,1070,1078,1084,1090,1098,1104,1110,1116,1122,1128,1135,1141,1147,1153,1159,1165,1171,1177,1183,1189,1196,1202,1210,1218,1224,1230,1236,1242,1248,1254,1260,1266,1272,1278,1284,1292,1298,1305,1311,1319,1325,1331,1337,1343,1349,1355,1363,1383,1389,1395,1403,1411,1417,1425,1431,1437,1443,1451,1457,1477,1483,1489,1495,1501,1507,1513,1519,1525,1533,1539,1545,1551,1557,1563,1569,1577,1583,1589,1595,1601,1607,1613,1619,1625,1631,1637,1643,1649,1655,1663,1669,1675,1681,1687,1697,1703,1709,1717,1723,1729,1735,1742,1748,1754,1774,1780,1786,1792,1798,1804,1810,1818,1824,1830,1836,1842,1848,1854,1860,1868,1875,1881,1887,1893,1899,1905,1911,1917,1923,1931,1937,1943,1949,1955,1961,1969,1975,1981,1987,1993,1999,2006,,,,,,,,,,,,,,,,,,,,,,,
-16,-20,-20,-20,-20,-20,-20,-20,-20,-20,-20,-20,-20,-20,-20,-20,-20,-20,-20,-20,-20,-20,-20,-20,-20,-20,-20,-20,-20,-20,-20,-20,-20,-20,-20,-20,-20,-20,-20,-20,-20,-20,-20,-20,-20,-20,-20,-20,-20,-20,-20,-20,-20,-20,-20,-20,-20,-20,-20,-20,-20,-20,-20,-20,-20,-20,-20,-20,-20,-20,-20,-20,-20,-20,-20,-20,-20,-20,-20,-20,-20,-20,-20,-20,-20,-20,-20,-20,-20,-20,-20,-20,-20,-20,-20,-20,-20,-20,-20,-20,-20,,,,,,,,,,,,,,,,,,,,,,,,,,,,,,,,,,,,,,,,,,,,,,,,,,,,,,,,,,,,,,,,,,,,,,,,,,,,,,,,,,,,,,,,,,,,,,,,,,,,,,,,,,,,,,,,,,,,,,,,,,,,,,,,,,,,,,,,,,,,,,,,,,,,,,,,,,,,,,,,,,,,,,,,,,
16,36,56,76,96,116,136,156,176,196,216,236,256,276,296,316,336,356,376,396,416,436,456,476,496,516,536,556,576,596,616,636,656,676,696,716,736,756,776,796,816,836,856,876,896,916,936,956,976,996,1016,1036,1056,1076,1096,1116,1136,1156,1176,1196,1216,1236,1256,1276,1296,1316,1336,1356,1376,1396,1416,1436,1456,1476,1496,1516,1536,1556,1576,1596,1616,1636,1656,1676,1696,1716,1736,1756,1776,1796,1816,1836,1856,1876,1896,1916,1936,1956,1976,1996,2016,,,,,,,,,,,,,,,,,,,,,,,,,,,,,,,,,,,,,,,,,,,,,,,,,,,,,,,,,,,,,,,,,,,,,,,,,,,,,,,,,,,,,,,,,,,,,,,,,,,,,,,,,,,,,,,,,,,,,,,,,,,,,,,,,,,,,,,,,,,,,,,,,,,,,,,,,,,,,,,,,,,,,,,,,,
