-107.65,-138.03,-59.48,-248.25,-196.75,-260.39,-154.01,-125.93,-322.03,-258.88,-129.54,-232.09,-17.49,-228.37,-74.62,-472.51,-146.03,-296.51,-108.24,32.34,-236.85,3.87,-280.72,-73.29,-144.24,-301.55,-359.59,-293.46,-228.03,-93.11,-386.15,-203.69,-84.80,-158.81,20.68,-63.44,-52.18,-124.09,-132.93,-178.45,-89.22,-198.07,-35.42,-294.97,-142.78,-22.50,-201.08,-390.71,-120.29,-101.32,-49.55,-296.12,-40.71,-394.43,-90.70,-138.00,-28.20,-135.71,-43.53,-63.18,-186.47,-62.74,-135.00,-69.35,-205.81,-96.33,-107.01,-157.22,-83.40,-236.05,-134.15,-152.62,-96.99,-93.21,-101.18,-8.69,-300.82,-223.60,-201.91,-112.66,-313.97,-250.85,50.09,-15.78,-197.38,-178.29,-131.63,-194.45,-134.29,-266.00,-148.73,-38.83,-193.54,-80.33,-386.23,-202.62,-299.02,-118.78,-151.76,-216.46,-146.35,-147.13,-40.13,-202.59,-81.39,-249.29,-257.39,-62.35,-53.09,-74.60,-150.67,-204.76,-37.44,-78.98,15.58,-144.46,-373.41,-144.68,-126.11,-155.65,45.46,-153.18,-306.57,-8.77,16.79,-101.02,-37.13,-114.51,-234.44,164.47,-58.12,-89.30,-51.96,-26.53,-9.05,-43.87,43.24,-44.90,-230.65,-170.43,-87.93,-234.72,20.83,-157.41,-9.03,-47.96,-99.16,-180.64,-296.40,24.78,-134.75,-256.06,-88.81,5.60,-123.65,1.16,-130.89,-90.74,-125.68,-102.87,-36.46,-156.50,-290.33,-74.79,-35.67,-57.81,-93.61,-14.38,-18.98,-46.60,-154.29,-34.12,-158.58,-201.53,-75.98,-36.38,-56.33,-4.37,-56.27,-79.80,0.65,-107.78,-78.81,-73.52,-23.69,-48.60,-152.86,-90.87,-47.33,-195.14,241.63,-45.66,-75.89,-129.26,-88.02,-18.59,-51.37,-132.56,-17.44,-25.46,-48.35,-29.00,-64.34,-73.79,-12.75,-83.20,-28.45,-76.68,-131.88,-86.22,-7.68,-96.97,77.44,-131.81,-78.58,-105.44,-88.07,-68.52,-35.22,-52.01,,,,,,,,,,,,,,,,,,,,,,,,,,,,,,,,,,,,,,,,,,,,,,,,,,,,,,,,,,,,,,,,,,,,,,,,,,,,,,,,,,,,,,,,,,,,,,,,,,,,,,,,,,,,,,,,,,,,,,,,,,,,,,,,,,,,,,,,,,,,,,,,,,,,,,,,,,,,,,,,,,,,,,,,,,,,,,,,,,,,,,,,,,,,,,,,,,,,,,,,,,,,,,,,,,,,,,,
78.00,169.00,287.00,351.00,421.00,542.00,600.00,689.00,769.00,894.00,978.00,1089.00,1201.00,1269.00,1356.00,1471.00,1567.00,1674.00,1761.00,1848.00,1960.00,2047.00,2172.00,2245.00,2308.00,2418.00,2530.00,2644.00,2728.00,2810.00,2949.00,3065.00,3156.00,3251.00,3377.00,3443.00,3520.00,3583.00,3668.00,3763.00,3828.00,3908.00,3986.00,4102.00,4226.00,4299.00,4404.00,4520.00,4620.00,4731.00,4799.00,4950.00,5039.00,5138.00,5258.00,5327.00,5467.00,5576.00,5655.00,5770.00,5880.00,6004.00,6146.00,6329.00,6476.00,6592.00,6681.00,6785.00,6862.00,6950.00,7056.00,7190.00,7315.00,7474.00,7604.00,7732.00,7810.00,7938.00,8048.00,8118.00,8206.00,8308.00,8808.00,8956.00,9068.00,9146.00,9223.00,9324.00,9448.00,9557.00,9664.00,9770.00,9866.00,10003.00,10095.00,10243.00,10337.00,10456.00,10601.00,10734.00,10884.00,10961.00,11074.00,11170.00,11235.00,11414.00,11551.00,11651.00,11769.00,11922.00,12042.00,12129.00,12263.00,12417.00,12576.00,12741.00,12856.00,13150.00,13262.00,13456.00,13956.00,14104.00,14236.00,14390.00,14522.00,14636.00,14759.00,14927.00,15046.00,15546.00,15690.00,15855.00,16008.00,16143.00,16323.00,16454.00,16690.00,16822.00,16970.00,17090.00,17233.00,17384.00,17510.00,17690.00,17954.00,18162.00,18367.00,18561.00,18844.00,19081.00,19208.00,19659.00,20159.00,20659.00,21159.00,21659.00,22159.00,22659.00,22896.00,23396.00,23896.00,24136.00,24588.00,25088.00,25588.00,26088.00,26588.00,27088.00,27588.00,28088.00,28281.00,28781.00,29267.00,29643.00,30143.00,30643.00,31143.00,31643.00,32143.00,32643.00,33143.00,33643.00,34143.00,34643.00,35143.00,35643.00,36042.00,36542.00,37042.00,37375.00,37718.00,38218.00,38718.00,38931.00,39431.00,39931.00,40198.00,40698.00,41198.00,41698.00,41878.00,42378.00,42878.00,43088.00,43588.00,44088.00,44588.00,45088.00,45477.00,45977.00,46477.00,46977.00,47477.00,47829.00,48057.00,48557.00,48825.00,49325.00,49825.00,50325.00,,,,,,,,,,,,,,,,,,,,,,,,,,,,,,,,,,,,,,,,,,,,,,,,,,,,,,,,,,,,,,,,,,,,,,,,,,,,,,,,,,,,,,,,,,,,,,,,,,,,,,,,,,,,,,,,,,,,,,,,,,,,,,,,,,,,,,,,,,,,,,,,,,,,,,,,,,,,,,,,,,,,,,,,,,,,,,,,,,,,,,,,,,,,,,,,,,,,,,,,,,,,,,,,,,,,,,,
-344.76,-122.51,-122.44,-155.58,-69.88,-156.62,-140.39,-102.07,-296.13,-172.17,-108.15,-186.41,-101.71,-99.72,-101.01,-55.39,-129.27,-316.34,-295.20,-195.14,-304.94,-91.56,-135.30,-246.43,-103.42,-123.28,-205.41,-211.43,-68.77,-246.33,-87.84,-113.09,-103.83,-66.90,-125.17,-214.73,-14.08,-147.23,-308.60,-50.28,-55.34,-44.35,-140.69,-61.50,-138.72,-359.75,-72.37,-34.30,-84.67,-180.46,-329.82,-117.38,-196.89,-250.49,-91.54,-222.77,-104.26,-144.07,-244.69,-98.75,-98.43,-143.05,-28.18,-96.45,-77.65,-141.08,-124.05,-97.07,-93.94,-338.31,-23.17,-118.41,-149.89,-319.47,-133.52,-122.02,-120.00,-126.27,-273.38,-93.89,-54.72,-344.17,-23.77,-19.16,-146.98,-205.50,-109.52,-295.57,-46.44,-116.76,-0.25,-224.05,-88.10,-120.43,-424.91,-105.31,-78.51,-223.42,-60.79,-239.10,-236.97,-125.49,-158.78,-129.71,-167.25,-170.86,-82.26,-81.34,-336.22,-189.51,-215.03,-85.16,-187.19,-156.32,-205.91,-151.41,-322.88,-207.46,-323.95,-213.74,-228.20,-271.98,-135.20,-79.76,-143.07,-65.23,-261.62,-12.11,-213.20,-481.59,-155.76,-256.05,-172.35,-132.92,-173.43,14.70,-223.10,-129.63,-147.17,-86.51,-176.00,-414.15,-350.40,-213.57,-207.09,-122.32,-251.55,-123.42,-166.45,-302.56,-196.72,-173.22,-174.88,-168.76,-143.62,-199.75,-338.67,-194.73,-173.75,-234.85,-167.63,-70.69,-158.67,-190.81,-119.69,-125.79,-224.30,-242.20,-177.32,-251.45,-177.58,-189.16,-339.74,-190.07,-112.38,-321.10,-147.86,-240.26,-159.03,-197.81,-239.59,-288.39,-185.91,-225.83,-153.76,-174.13,-244.90,-208.32,-138.56,-159.95,-231.33,-318.22,-254.04,-124.92,-360.11,-147.16,-242.27,-277.09,-230.30,-208.57,-49.22,-105.42,-199.89,-484.20,-181.52,-183.30,-386.00,-247.42,-194.68,-283.54,-253.66,-209.26,-191.45,-176.08,-216.71,-215.15,-281.41,-171.29,-160.40,-308.44,-211.55,-248.47,-207.88,-304.20,-164.22,-209.14,-257.67,-291.56,-381.78,-200.19,-197.04,-235.70,-166.19,-240.39,-214.61,-160.06,-126.92,-197.61,-336.14,-179.58,-222.62,-481.96,-352.49,-368.74,-240.22,-220.98,18.28,-192.88,-202.57,-196.92,-261.83,-278.83,-214.02,-250.45,-223.44,-202.10,-326.54,-213.58,-208.75,-241.41,-205.68,-239.46,-245.02,-210.50,-209.72,2.93,-295.45,-277.22,-243.16,-229.97,-231.91,-113.11,-349.98,-360.61,-340.53,-233.53,-223.77,-213.18,-159.45,-208.02,-243.64,-196.35,-278.54,-269.62,-313.71,-154.90,-158.33,-194.90,-195.92,-189.49,-179.90,-242.52,-326.31,-281.27,-353.82,-130.25,-187.57,-226.54,-210.63,-71.08,-217.78,-35.89,-203.85,-175.92,-189.87,-296.36,-79.24,-323.41,-241.32,-133.95,-217.61,-111.18,-212.27,-53.85,-195.04,-168.31,-302.21,-202.95,-141.52,-205.38,-210.79,-190.46,-250.91,-188.09,-205.68,-186.97,-181.82,-209.25,-177.61,24.64,-178.05,-194.59,-212.23,-197.93,-223.67,-213.87,-200.24,-168.25,-223.61,-103.36,-165.71,-242.35,-243.21,-296.73,-217.40,-296.24,-91.93,-240.56,-367.10,-291.51,-165.72,-260.97,-272.70,-222.39,-326.41,-245.41,-235.52,-211.59,-239.65,-236.28,-223.04,-288.45,8.20,-278.62,-240.80,-354.06,-157.80,-292.94,-257.85,-225.71,-276.72,-275.61,-218.92,-207.93,-340.01,-186.81,-199.73,-331.75,-331.65,-253.61,-249.68,-204.92,-253.09,-227.40,-336.28,-260.67,-288.44,-391.07,-291.16,-299.60,-198.66,-173.08,-275.10,-206.64,-217.09,-226.37,-193.01,-123.65,-383.28,-157.92,-157.17,-354.00,-183.79,-256.99,-315.94,-236.41,-253.61,-276.31,-160.83,-250.85,-277.50,,,,,,,,,,,,,,,,,,,,,,,,
109.00,177.00,270.00,389.00,458.00,551.00,632.00,710.00,811.00,930.00,1023.00,1127.00,1195.00,1312.00,1379.00,1452.00,1526.00,1635.00,1760.00,1861.00,1979.00,2084.00,2151.00,2295.00,2410.00,2513.00,2592.00,2666.00,2790.00,2890.00,3028.00,3109.00,3202.00,3280.00,3396.00,3491.00,3567.00,3679.00,3771.00,3862.00,3942.00,4037.00,4128.00,4209.00,4318.00,4463.00,4529.00,4628.00,4758.00,4853.00,4957.00,5109.00,5231.00,5422.00,5519.00,5611.00,5704.00,5780.00,5882.00,5971.00,6044.00,6137.00,6234.00,6330.00,6409.00,6494.00,6607.00,6754.00,6846.00,6928.00,7009.00,7112.00,7220.00,7352.00,7468.00,7616.00,7723.00,7844.00,7940.00,8095.00,8217.00,8345.00,8488.00,8608.00,8692.00,8781.00,8886.00,9049.00,9176.00,9279.00,9399.00,9531.00,9634.00,9789.00,9970.00,10073.00,10201.00,10294.00,10467.00,10571.00,10679.00,10770.00,10872.00,11071.00,11160.00,11255.00,11398.00,11484.00,11599.00,11762.00,11877.00,12038.00,12132.00,12228.00,12322.00,12456.00,12563.00,12660.00,12768.00,12860.00,12990.00,13093.00,13215.00,13486.00,13574.00,13724.00,13839.00,14211.00,14326.00,14441.00,14525.00,14614.00,14721.00,14801.00,14928.00,15038.00,15133.00,15255.00,15365.00,15446.00,15543.00,15657.00,15817.00,15912.00,15999.00,16079.00,16183.00,16284.00,16365.00,16495.00,16579.00,16695.00,16782.00,16907.00,17007.00,17094.00,17271.00,17391.00,17508.00,17668.00,17755.00,17904.00,18055.00,18151.00,18227.00,18306.00,18399.00,18514.00,18617.00,18818.00,18910.00,18998.00,19106.00,19196.00,19318.00,19477.00,19560.00,19655.00,19746.00,19904.00,19995.00,20113.00,20250.00,20341.00,20432.00,20554.00,20640.00,20786.00,20879.00,20971.00,21065.00,21277.00,21367.00,21448.00,21630.00,21734.00,21829.00,22194.00,22288.00,22386.00,22536.00,22640.00,22736.00,22951.00,23042.00,23140.00,23320.00,23475.00,23571.00,23673.00,23771.00,23886.00,24053.00,24199.00,24291.00,24406.00,24511.00,24602.00,24770.00,24886.00,25026.00,25222.00,25321.00,25466.00,25604.00,25745.00,25888.00,26079.00,26285.00,26437.00,26557.00,26655.00,26767.00,26861.00,26957.00,27137.00,27266.00,27355.00,27568.00,27671.00,27851.00,27975.00,28159.00,28350.00,28448.00,28539.00,28697.00,28804.00,28970.00,29069.00,29227.00,29350.00,29544.00,29639.00,29733.00,29830.00,30161.00,30288.00,30383.00,30480.00,30601.00,30706.00,30903.00,30998.00,31117.00,31273.00,31444.00,31617.00,31780.00,31882.00,32049.00,32161.00,32372.00,32570.00,32785.00,32917.00,33045.00,33147.00,33239.00,33337.00,33434.00,33552.00,33697.00,33797.00,33975.00,34072.00,34162.00,34273.00,34371.00,34480.00,34579.00,34736.00,34914.00,35069.00,35236.00,35344.00,35496.00,35593.00,35690.00,35829.00,35933.00,36024.00,36118.00,36212.00,36374.00,36565.00,36700.00,36906.00,37062.00,37187.00,37303.00,37408.00,37507.00,37707.00,37806.00,37901.00,38101.00,38203.00,38292.00,38395.00,38505.00,38602.00,38708.00,38811.00,38915.00,39028.00,39165.00,39268.00,39384.00,39504.00,39602.00,39710.00,39823.00,39929.00,40081.00,40186.00,40297.00,40500.00,40600.00,40677.00,40792.00,40888.00,41072.00,41178.00,41291.00,41471.00,41610.00,41714.00,41957.00,42062.00,42277.00,42507.00,42611.00,42741.00,42902.00,43039.00,43132.00,43229.00,43337.00,43447.00,43535.00,43710.00,43832.00,43936.00,44037.00,44156.00,44307.00,44498.00,44633.00,44771.00,44945.00,45071.00,45183.00,45288.00,45480.00,45594.00,45705.00,45813.00,46047.00,46190.00,46335.00,46448.00,46552.00,46652.00,46879.00,46978.00,47079.00,47357.00,47460.00,47579.00,47678.00,47827.00,47942.00,48054.00,48177.00,48267.00,48365.00,48477.00,48611.00,48736.00,48854.00,49042.00,49140.00,49245.00,49394.00,49498.00,49600.00,49711.00,49871.00,49967.00,50069.00,,,,,,,,,,,,,,,,,,,,,,,,
-321.59,-308.71,-291.04,-369.66,-209.74,-114.66,-146.67,-123.38,-408.45,-137.73,-429.59,-253.18,-109.03,-151.16,-202.13,-156.37,-117.10,-358.76,-54.90,-469.89,-501.67,-222.68,-37.87,-348.77,-36.61,-176.20,-126.14,-101.77,-73.15,-228.13,-112.05,-144.79,-104.17,-227.53,-202.15,-134.44,-116.83,-64.17,-25.30,-104.14,-177.85,-80.41,-124.34,-68.79,-68.55,-188.20,-290.30,-46.91,-182.21,-284.81,-86.52,-91.82,-72.45,-301.91,-123.55,-232.01,-259.73,-251.09,-56.98,-230.61,-77.96,-33.34,-143.15,-111.53,28.10,-187.20,-275.52,-251.41,-204.32,-36.44,4.23,-172.23,-161.49,1.00,-102.79,-126.45,-145.09,-90.31,-273.71,-110.04,-93.25,-50.94,-161.37,-217.99,-103.90,-232.96,-112.48,-288.63,-87.36,-190.82,-199.12,-161.84,-102.44,-138.64,-87.77,-232.39,-51.47,-84.15,-193.57,-82.38,-102.14,-20.38,-41.55,-85.40,-116.61,-8.35,-202.13,-76.46,-236.46,-41.21,-273.46,-3.97,-177.50,-16.19,-75.37,-140.44,-11.75,-212.29,119.78,-188.26,-65.16,-12.98,-185.68,-43.88,-38.31,-86.64,-211.63,-204.60,-238.21,10.09,20.99,-64.66,-209.00,-41.16,-217.20,-112.69,-245.28,-214.17,-78.19,-226.61,130.65,-171.51,-167.52,-145.71,-177.88,-51.06,44.47,20.25,54.10,-348.35,54.91,-210.43,106.89,-183.61,23.74,-189.62,-178.85,-285.72,-223.97,-40.11,-78.76,211.81,199.85,-18.09,-88.80,228.95,-233.29,-221.12,-102.21,224.77,301.81,71.10,28.13,-210.16,6.81,226.77,-236.35,122.33,-253.01,-20.61,136.04,-263.80,51.82,98.88,24.56,216.71,79.49,238.18,150.84,-149.64,-78.46,-272.52,-31.33,-16.63,-141.45,156.29,223.45,-0.74,55.29,138.51,193.27,-165.36,10.35,-42.28,51.18,-31.55,-211.77,241.46,52.01,-23.23,110.34,92.81,-229.85,-194.31,18.73,266.84,1.62,3.51,-230.27,-70.56,-124.64,-174.45,11.36,-19.98,-38.71,46.62,-216.62,188.11,-4.29,-81.46,-93.01,-63.66,-219.67,-20.57,-17.64,65.63,-228.60,88.63,-15.65,180.19,,,,,,,,,,,,,,,,,,,,,,,,,,,,,,,,,,,,,,,,,,,,,,,,,,,,,,,,,,,,,,,,,,,,,,,,,,,,,,,,,,,,,,,,,,,,,,,,,,,,,,,,,,,,,,,,,,,,,,,,,,,,,,,,,,,,,,,,,,,,,,,,,,,,,,,,,,,,,,,,,,,,,,,,,,,,,,,,,,,,,,,,,,,,,,,,,,,
99.00,187.00,322.00,446.00,540.00,600.00,705.00,788.00,908.00,978.00,1095.00,1207.00,1282.00,1362.00,1465.00,1580.00,1663.00,1779.00,1889.00,2042.00,2156.00,2233.00,2330.00,2417.00,2490.00,2609.00,2708.00,2819.00,2894.00,3016.00,3103.00,3202.00,3345.00,3497.00,3617.00,3719.00,3825.00,3913.00,4030.00,4101.00,4203.00,4287.00,4396.00,4469.00,4570.00,4697.00,4795.00,4866.00,4979.00,5094.00,5216.00,5330.00,5443.00,5556.00,5665.00,5786.00,5875.00,5979.00,6054.00,6161.00,6269.00,6399.00,6482.00,6598.00,6720.00,6797.00,6898.00,6997.00,7091.00,7167.00,7300.00,7425.00,7507.00,7600.00,7727.00,7849.00,7952.00,8033.00,8121.00,8261.00,8324.00,8443.00,8550.00,8669.00,8768.00,8866.00,8950.00,9039.00,9160.00,9428.00,9514.00,9645.00,9756.00,9936.00,10044.00,10149.00,10283.00,10357.00,10454.00,10598.00,10695.00,10803.00,10931.00,11061.00,11210.00,11370.00,11529.00,11661.00,11811.00,11970.00,12146.00,12272.00,12368.00,12496.00,12666.00,12802.00,13003.00,13163.00,13663.00,13844.00,13962.00,14080.00,14301.00,14441.00,14566.00,14671.00,14895.00,15231.00,15487.00,15628.00,15786.00,15986.00,16478.00,16608.00,16861.00,17056.00,17344.00,17514.00,17646.00,17995.00,18495.00,18661.00,18824.00,18991.00,19370.00,19661.00,19839.00,20030.00,20530.00,20716.00,21216.00,21529.00,22029.00,22347.00,22537.00,22697.00,22858.00,23207.00,23464.00,23767.00,24062.00,24489.00,24924.00,25156.00,25329.00,25784.00,26034.00,26285.00,26425.00,26740.00,27053.00,27553.00,27728.00,28180.00,28355.00,28691.00,29132.00,29632.00,29876.00,30196.00,30696.00,30863.00,31363.00,31863.00,32055.00,32472.00,32972.00,33287.00,33713.00,34143.00,34404.00,34619.00,34835.00,35066.00,35295.00,35794.00,36238.00,36428.00,36928.00,37362.00,37808.00,37995.00,38241.00,38420.00,38920.00,39155.00,39389.00,39791.00,40291.00,40509.00,41009.00,41509.00,41988.00,42253.00,42489.00,42827.00,42996.00,43247.00,43552.00,43706.00,44131.00,44440.00,44625.00,44829.00,45068.00,45568.00,45846.00,46294.00,46559.00,46852.00,47074.00,47239.00,47636.00,47908.00,48121.00,48621.00,48959.00,49459.00,49628.00,50013.00,,,,,,,,,,,,,,,,,,,,,,,,,,,,,,,,,,,,,,,,,,,,,,,,,,,,,,,,,,,,,,,,,,,,,,,,,,,,,,,,,,,,,,,,,,,,,,,,,,,,,,,,,,,,,,,,,,,,,,,,,,,,,,,,,,,,,,,,,,,,,,,,,,,,,,,,,,,,,,,,,,,,,,,,,,,,,,,,,,,,,,,,,,,,,,,,,,,
-111.29,-274.22,-132.81,-285.60,-79.13,-155.03,-153.75,-153.77,-111.55,-210.48,-107.75,-239.80,-69.29,-129.02,36.24,-113.69,-98.10,-200.52,-288.62,-106.82,-65.22,-99.81,-102.42,-79.11,-216.43,-51.11,-57.70,-285.25,-109.87,-325.08,-163.21,-128.00,-111.71,19.84,-96.39,-101.10,-460.69,-90.26,-110.75,-2.42,-70.19,-73.55,-88.47,-107.98,-156.22,-123.12,-29.16,-73.33,-66.41,-279.83,-288.67,-74.81,-498.45,-304.16,-48.12,-98.73,-183.98,-128.18,-186.89,-54.38,-92.07,-81.97,-107.74,-175.67,-76.37,-151.38,-127.49,-201.67,-176.30,-42.28,-201.80,-133.80,-73.17,-66.72,-48.59,-155.92,-188.16,-278.41,-221.66,-98.34,-310.70,-172.66,-413.14,-190.06,-53.59,-472.62,-235.73,-9.91,-295.74,-97.19,-133.03,-321.85,-487.65,-88.67,-191.01,-166.98,-285.84,-86.22,-195.07,-317.29,-407.53,-245.43,-134.52,-243.22,-300.89,-143.95,-199.30,-386.20,-336.32,-132.65,-347.75,-122.86,-318.67,-112.93,-202.84,-338.63,-72.13,-314.55,-336.59,-146.91,-345.36,-122.16,-147.44,-266.00,-323.38,-308.08,-305.49,-371.16,-172.68,-276.96,-203.03,-199.25,-302.87,-29.40,-587.82,-396.64,-334.90,-392.64,-140.47,-308.41,-324.10,-376.91,-377.77,-242.51,-290.54,-25.30,-267.95,-225.57,-289.18,-108.02,-322.84,-315.71,-213.99,-257.89,-273.15,-428.00,-254.23,-355.07,-254.55,-336.02,-267.52,-160.77,-242.93,-286.49,-281.65,-368.73,-203.38,-257.49,-195.22,-360.30,-301.38,-287.10,-374.78,-355.72,-297.06,-298.48,-203.99,-323.17,-284.63,-436.97,-369.54,-283.57,-318.81,-274.22,-421.02,-262.19,-140.34,-342.01,-303.92,-279.61,-115.90,-291.71,-275.71,-119.10,-203.23,-236.82,-443.62,-354.51,-336.48,-234.86,-77.07,-123.96,-338.92,-341.01,-226.10,-304.78,-248.54,-275.04,-212.77,-356.02,-295.35,-259.02,-316.58,-270.74,-249.69,-125.36,-204.46,-308.07,-317.95,-238.16,-268.82,-249.35,-277.06,-149.58,-307.65,-337.57,-297.95,-309.40,-244.24,-146.45,-543.21,-310.08,-201.85,-93.42,-288.66,-270.78,-264.29,-282.00,-231.95,-239.48,-277.90,-111.04,-247.84,-220.56,-111.21,-107.86,-229.09,-97.61,-282.83,-221.91,-208.45,-151.78,-261.44,-245.57,-171.86,-300.98,-205.53,-220.46,-254.97,-218.80,-116.64,-293.86,-289.30,-130.70,-284.38,-193.00,-102.00,-411.25,-260.77,-237.34,-270.35,-202.00,-279.81,-176.66,-243.07,-259.59,-121.87,-155.97,-294.30,-88.39,-240.75,-210.72,-243.52,-182.36,-259.58,-229.40,-260.88,-201.68,-253.00,-255.32,-227.01,-110.36,-101.13,-246.25,-190.09,-188.23,-209.10,-221.66,-287.24,-282.96,-112.97,-148.84,-68.63,-257.03,-293.72,-98.86,-179.01,-272.89,-295.86,-253.61,-271.22,-258.91,-221.50,-213.61,-194.29,-268.02,-195.98,-268.80,-80.36,-157.25,-235.47,-275.89,-167.97,-239.85,-176.37,-289.15,-170.25,-234.70,-161.68,-239.02,-79.58,-313.43,-123.02,-232.05,-235.81,-289.50,-194.04,-229.12,-184.99,-245.60,-207.59,-259.66,-189.88,-265.74,-177.81,-82.61,-179.41,-101.53,-111.52,-252.89,,,,,,,,,,,,,,,,,,,,,,,,,,,,,,,,,,,,,,,,,,,,,,,,,,,,,,,,,,,,,,,,,,,,,,,,,,,,,,,,,,,,,
68.00,190.00,280.00,377.00,497.00,602.00,690.00,799.00,875.00,985.00,1063.00,1204.00,1290.00,1368.00,1461.00,1538.00,1627.00,1750.00,1842.00,1965.00,2064.00,2166.00,2246.00,2345.00,2430.00,2524.00,2597.00,2725.00,2820.00,2911.00,2991.00,3100.00,3174.00,3265.00,3381.00,3485.00,3600.00,3705.00,3817.00,3930.00,4048.00,4137.00,4248.00,4353.00,4446.00,4554.00,4690.00,4771.00,4903.00,5044.00,5147.00,5266.00,5373.00,5483.00,5552.00,5620.00,5731.00,5846.00,5916.00,6023.00,6179.00,6338.00,6475.00,6626.00,6774.00,6906.00,6988.00,7090.00,7211.00,7328.00,7470.00,7564.00,7716.00,7829.00,7975.00,8092.00,8172.00,8352.00,8465.00,8531.00,8663.00,8735.00,8832.00,9025.00,9144.00,9264.00,9373.00,9552.00,9780.00,9949.00,10031.00,10332.00,10459.00,10523.00,10665.00,10886.00,11032.00,11100.00,11236.00,11409.00,11538.00,11697.00,11880.00,12019.00,12156.00,12313.00,12482.00,12660.00,12792.00,12905.00,13066.00,13205.00,13337.00,13417.00,13611.00,13907.00,14069.00,14223.00,14344.00,14477.00,14659.00,14731.00,14811.00,14941.00,15073.00,15258.00,15410.00,15587.00,15738.00,15869.00,16009.00,16210.00,16348.00,16499.00,16655.00,16786.00,17006.00,17265.00,17357.00,17493.00,17634.00,17867.00,18064.00,18181.00,18306.00,18414.00,18565.00,18864.00,19011.00,19194.00,19355.00,19498.00,19605.00,19768.00,19900.00,20038.00,20234.00,20395.00,20825.00,20994.00,21125.00,21335.00,21539.00,21700.00,21820.00,21975.00,22125.00,22246.00,22397.00,22531.00,22687.00,22817.00,22952.00,23222.00,23376.00,23507.00,23634.00,23797.00,24065.00,24200.00,24358.00,24492.00,24639.00,24783.00,24934.00,25050.00,25135.00,25385.00,25511.00,25692.00,25860.00,26006.00,26139.00,26208.00,26323.00,26495.00,26627.00,26973.00,27103.00,27221.00,27312.00,27396.00,27555.00,27708.00,27822.00,27959.00,28236.00,28359.00,28469.00,28612.00,28736.00,28931.00,29064.00,29382.00,29569.00,29647.00,29999.00,30164.00,30300.00,30674.00,30938.00,31073.00,31199.00,31335.00,31547.00,31677.00,31859.00,32147.00,32260.00,32359.00,32528.00,32729.00,32957.00,33024.00,33179.00,33309.00,33474.00,33657.00,33784.00,33914.00,34056.00,34127.00,34265.00,34409.00,34496.00,34582.00,34715.00,34810.00,34962.00,35164.00,35270.00,35363.00,35487.00,35613.00,35823.00,35970.00,36091.00,36255.00,36405.00,36752.00,36838.00,36981.00,37127.00,37276.00,37429.00,37550.00,37622.00,37797.00,37972.00,38103.00,38321.00,38440.00,38596.00,38825.00,38964.00,39102.00,39181.00,39365.00,39516.00,39579.00,39734.00,39925.00,40083.00,40311.00,40463.00,40597.00,40739.00,40938.00,41063.00,41188.00,41374.00,41484.00,41561.00,41707.00,41880.00,42056.00,42291.00,42470.00,42592.00,42738.00,42898.00,43025.00,43147.00,43301.00,43439.00,43652.00,43758.00,43918.00,44033.00,44159.00,44314.00,44447.00,44653.00,44765.00,44985.00,45137.00,45390.00,45543.00,45606.00,45706.00,45827.00,45969.00,46144.00,46264.00,46378.00,46513.00,46603.00,46734.00,46877.00,47035.00,47100.00,47240.00,47317.00,47649.00,47824.00,47955.00,48151.00,48280.00,48507.00,48633.00,48777.00,48921.00,49099.00,49227.00,49407.00,49662.00,49772.00,49841.00,49910.00,50051.00,,,,,,,,,,,,,,,,,,,,,,,,,,,,,,,,,,,,,,,,,,,,,,,,,,,,,,,,,,,,,,,,,,,,,,,,,,,,,,,,,,,,,
-172.31,-158.68,-121.02,-191.05,-374.72,-82.75,-398.70,-294.12,-178.43,18.08,-123.51,-61.40,-151.27,-164.26,-91.55,-239.73,-367.44,-243.99,-139.43,-118.11,-78.80,-328.47,-61.38,-148.78,-382.50,-112.93,-295.16,-109.58,-118.30,-227.14,-221.66,-184.81,3.58,-225.65,-93.78,-89.20,-190.09,-100.14,-37.56,-304.13,-98.34,-302.26,-136.49,-137.02,-235.04,-369.90,-270.12,-280.84,-88.27,-197.08,-228.56,-110.05,-27.44,-33.58,-154.38,1.29,-143.44,-269.35,-102.07,-274.32,-228.35,-389.02,-113.93,-149.97,-147.44,-196.97,-80.98,-34.69,-198.40,-125.72,-259.96,-117.50,-113.11,-100.41,-151.66,-328.82,-0.72,-135.92,-182.53,-23.59,-177.43,-95.80,-318.02,-91.10,-284.77,-204.30,-57.84,-128.80,-202.88,-53.12,-314.19,-45.66,7.52,-170.02,-156.50,-298.37,-27.13,-286.00,-243.42,-312.15,-61.65,-64.98,-269.07,-80.71,-87.98,-81.53,-254.81,5.87,-202.28,-276.13,-248.12,-137.99,-285.80,-24.81,-57.08,-10.82,-280.28,-168.42,-333.42,-328.47,-202.60,-97.24,20.20,-34.79,-251.88,-228.70,-219.20,-450.69,-248.42,13.33,-258.03,-210.65,14.97,-326.01,-90.42,-231.76,-219.38,-261.34,23.04,-295.49,-285.07,-182.94,-255.73,-119.51,-100.38,-241.84,-108.35,-388.43,-270.87,-236.45,-84.83,-220.42,-101.23,-306.36,-102.80,-300.41,-201.64,-225.47,-251.06,-251.91,32.06,-214.54,-265.03,-174.75,-375.01,-300.92,-270.56,-304.02,-263.61,-244.29,-247.37,12.98,-166.83,-247.92,-243.82,-95.04,-224.72,-197.14,-253.01,-273.60,-393.99,-167.08,-134.95,-166.56,-201.70,-96.15,-235.05,-157.11,-213.53,-329.26,-171.31,-179.12,-189.39,9.06,-288.09,67.22,-196.75,-32.25,-203.18,-14.19,-280.64,-93.66,-255.10,-235.03,-149.52,-98.02,61.13,-123.15,-86.90,-87.79,-108.30,-233.48,-153.90,-238.11,-154.61,-120.10,-211.66,-181.85,-214.24,-226.32,-161.98,-216.51,-186.10,-291.92,-257.29,-182.79,-224.34,-75.99,-164.17,-320.90,-47.99,-166.73,-225.69,-115.18,-153.99,-167.72,-213.50,-70.56,-100.36,-197.53,-204.14,-248.56,-266.30,-215.10,-117.89,-195.15,-147.54,-224.46,-148.47,-107.78,-208.90,-154.28,-78.47,-166.56,-169.21,-173.97,-193.30,-152.52,-119.41,-90.60,-115.17,-73.10,-184.57,-219.40,-3.04,-78.26,-124.19,-161.04,-115.53,-145.76,-95.15,-52.25,-149.98,-169.57,-79.84,-212.70,-213.75,-196.82,-95.36,-144.41,-145.95,-176.48,-161.66,-103.25,-42.76,-103.30,-178.82,-141.69,-189.97,-115.80,-187.56,-149.88,-160.83,-110.85,-107.53,-96.93,-142.20,-11.57,-79.05,-190.74,-146.54,-114.50,-347.47,-198.14,-106.91,-95.97,-184.17,-125.31,-193.19,112.62,-187.83,-154.18,-171.63,10.52,-189.32,-65.18,-80.68,6.65,-162.87,-105.78,-122.62,-64.35,-228.43,-111.66,-39.96,-244.35,-157.80,-312.70,-161.37,-119.36,-155.94,-191.75,-137.05,-228.32,-215.77,-168.57,-187.56,-18.55,-308.84,-126.41,-124.66,-220.99,-120.76,-135.90,-223.88,-258.97,-107.98,-21.72,-98.03,-203.38,-83.50,-233.68,-385.56,-19.32,-208.06,-234.21,-224.96,-147.98,-198.67,-526.51,-146.03,-77.20,-240.90,-263.03,-100.23,-262.11,-112.84,-36.10,-104.10,-105.39,,,,,,,,,,,,,,,,,,,,,,,,,,,,,,,,,,,,,,,,,,,,,,,,,,,,,,,,,,,,,,,,,
95.00,183.00,300.00,389.00,489.00,587.00,685.00,783.00,914.00,1005.00,1075.00,1149.00,1264.00,1347.00,1477.00,1546.00,1649.00,1728.00,1845.00,1975.00,2066.00,2185.00,2293.00,2400.00,2491.00,2598.00,2719.00,2861.00,2935.00,3019.00,3116.00,3249.00,3379.00,3484.00,3585.00,3698.00,3805.00,3921.00,4007.00,4131.00,4215.00,4301.00,4383.00,4503.00,4630.00,4734.00,4878.00,4972.00,5056.00,5168.00,5263.00,5362.00,5512.00,5784.00,5880.00,6073.00,6166.00,6285.00,6402.00,6556.00,6674.00,6840.00,6930.00,7054.00,7142.00,7279.00,7384.00,7499.00,7593.00,7751.00,7874.00,7971.00,8102.00,8266.00,8397.00,8498.00,8719.00,8866.00,8972.00,9080.00,9204.00,9296.00,9405.00,9563.00,9685.00,9836.00,9973.00,10055.00,10214.00,10440.00,10550.00,10673.00,10819.00,11004.00,11107.00,11221.00,11448.00,11601.00,11791.00,11953.00,12060.00,12231.00,12353.00,12516.00,12696.00,12895.00,13036.00,13201.00,13364.00,13497.00,13618.00,13769.00,13961.00,14112.00,14301.00,14465.00,14557.00,14704.00,14894.00,15079.00,15254.00,15416.00,15554.00,15657.00,15793.00,15899.00,15994.00,16140.00,16260.00,16389.00,16518.00,16626.00,16795.00,16912.00,17019.00,17132.00,17255.00,17389.00,17512.00,17636.00,17761.00,17859.00,17996.00,18155.00,18260.00,18384.00,18511.00,18628.00,18761.00,18874.00,18982.00,19097.00,19221.00,19336.00,19487.00,19635.00,19727.00,19831.00,19953.00,20053.00,20200.00,20295.00,20421.00,20528.00,20659.00,20792.00,20929.00,21058.00,21198.00,21311.00,21412.00,21536.00,21637.00,21765.00,21912.00,22011.00,22145.00,22276.00,22406.00,22537.00,22687.00,22791.00,22915.00,23013.00,23141.00,23251.00,23396.00,23500.00,23641.00,23833.00,23940.00,24091.00,24234.00,24350.00,24477.00,24610.00,24731.00,24861.00,25012.00,25147.00,25284.00,25403.00,25523.00,25660.00,25772.00,25902.00,26054.00,26154.00,26287.00,26445.00,26542.00,26668.00,26803.00,26932.00,27027.00,27129.00,27319.00,27451.00,27565.00,27698.00,27798.00,27940.00,28071.00,28262.00,28398.00,28530.00,28638.00,28751.00,28959.00,29089.00,29412.00,29554.00,29706.00,29899.00,30044.00,30148.00,30285.00,30416.00,30521.00,30658.00,30813.00,30991.00,31128.00,31296.00,31410.00,31542.00,31642.00,31784.00,31929.00,32066.00,32202.00,32293.00,32403.00,32533.00,32679.00,32810.00,32913.00,33037.00,33184.00,33286.00,33477.00,33705.00,33843.00,33986.00,34291.00,34396.00,34504.00,34601.00,34710.00,34861.00,34975.00,35075.00,35181.00,35303.00,35439.00,35616.00,35809.00,35985.00,36091.00,36193.00,36325.00,36462.00,36587.00,36692.00,36873.00,36982.00,37132.00,37264.00,37392.00,37547.00,37687.00,37811.00,37945.00,38066.00,38267.00,38428.00,38578.00,38818.00,38932.00,39031.00,39217.00,39356.00,39506.00,39634.00,39791.00,39937.00,40054.00,40183.00,40317.00,40817.00,41256.00,41407.00,41522.00,41643.00,41784.00,42062.00,42222.00,42360.00,42522.00,42696.00,42794.00,42927.00,43057.00,43192.00,43299.00,43508.00,43667.00,43847.00,43981.00,44105.00,44230.00,44328.00,44470.00,44601.00,44705.00,44839.00,44978.00,45185.00,45314.00,45485.00,45631.00,45767.00,45907.00,46054.00,46202.00,46332.00,46485.00,46683.00,46845.00,46994.00,47188.00,47294.00,47481.00,47603.00,47769.00,47885.00,48086.00,48263.00,48432.00,48667.00,48768.00,48903.00,49130.00,49268.00,49375.00,49531.00,49638.00,49777.00,49919.00,50060.00,,,,,,,,,,,,,,,,,,,,,,,,,,,,,,,,,,,,,,,,,,,,,,,,,,,,,,,,,,,,,,,,,
-87.36,-184.31,-375.58,-219.01,-98.80,-192.56,-65.79,-510.63,-87.54,-121.99,-222.52,-224.21,-113.42,-241.35,-341.46,-53.24,-65.28,-252.10,-340.14,-464.70,-76.04,-240.30,-124.69,-127.60,-97.44,-117.48,-111.82,-228.39,-116.57,-65.58,-172.94,-161.78,-172.77,-41.41,-122.58,-150.68,-94.69,109.45,-531.46,-255.25,-195.82,-280.24,-144.28,-145.19,-71.13,-209.91,-43.67,-266.14,-175.90,-124.62,-216.63,-68.33,-65.84,-97.47,-306.71,-115.47,-81.45,-53.49,-276.55,-191.86,-157.13,-21.08,-273.90,-374.81,-165.07,-351.43,-95.14,-200.77,-268.98,-316.56,-104.19,-192.70,-310.07,-185.90,-196.35,-121.67,-362.43,-126.85,-70.43,-282.31,-174.04,-88.12,-138.97,-182.01,-224.44,-220.02,-116.27,-42.66,-178.63,-49.85,-315.94,-146.01,-478.02,-235.63,-129.80,-337.99,-146.32,-234.56,-132.45,-163.38,-43.68,-117.68,-65.63,-458.38,-278.72,-210.87,-27.03,-172.21,-181.17,-50.96,-85.01,-211.32,-161.70,-102.93,-285.00,-294.51,-244.22,-182.20,-89.75,-102.34,-256.60,-293.79,-170.35,-201.64,-258.24,-117.15,-339.73,-80.02,-197.32,-202.24,-163.65,-94.02,-240.99,-374.00,-257.38,-36.48,-222.75,-146.32,-77.76,113.55,-216.33,-199.74,-163.21,-110.74,-150.12,-227.87,-320.44,-88.83,-22.23,-58.75,-311.89,-51.48,-116.09,-75.85,-484.75,-59.65,-307.51,-55.83,-195.91,-88.02,-139.41,-53.78,-248.48,-191.30,-203.89,-250.84,-92.18,-359.91,-226.92,-116.76,-231.56,-246.36,-139.97,-158.80,-139.92,-251.60,-130.99,-120.94,-140.17,-157.00,162.46,-278.68,-119.60,-140.70,-143.61,-163.82,-144.62,-138.74,-249.09,-141.12,-344.58,-267.10,-238.85,-190.77,-172.59,-234.69,-219.77,-111.88,-235.67,-175.38,-138.87,-35.45,-415.56,-179.01,-245.16,-215.46,-265.13,-253.71,-261.76,-255.90,-402.67,-254.35,-166.57,-278.22,-139.67,-173.01,-227.13,-188.72,-238.90,-197.37,-285.72,-174.06,-182.62,-134.71,-184.00,-181.60,-144.08,-327.39,-202.25,-346.80,-173.87,-330.51,-330.76,-170.51,-245.53,-243.17,-228.05,-346.05,-157.31,-228.09,-255.55,-195.34,-163.85,-255.76,-93.47,-134.96,-80.03,-187.55,-81.53,-218.07,-221.30,-236.43,-218.36,-166.75,-254.50,-242.06,-123.64,-160.41,-296.67,-203.88,-172.24,-391.57,-229.68,-334.28,-210.67,-240.10,-214.33,-200.11,-203.96,-127.59,-161.20,-191.47,-178.12,-308.05,-292.83,-211.26,-310.19,-219.35,-201.22,-246.92,-197.21,-142.08,-128.39,-160.08,-233.96,-171.99,-186.65,-221.93,-200.20,-248.56,-168.93,-124.08,-174.13,-203.91,-187.46,-201.43,-78.57,-129.05,-116.08,-332.98,-185.94,-200.57,-156.25,-202.28,-217.96,-207.17,-239.49,-186.95,-322.57,-175.46,-188.67,-186.56,-191.67,-331.70,-209.27,-217.30,-208.79,-178.19,-176.22,-148.56,-198.39,-171.02,-195.19,-184.06,-389.46,-293.35,-236.29,-224.36,-154.39,,,,,,,,,,,,,,,,,,,,,,,,,,,,,,,,,,,,,,,,,,,,,,,,,,,,,,,,,,,,,,,,,,,,,,,,,,,,,,,,,,,,,,,,,,,,,,,,,,,,,,,,,,
80.00,184.00,280.00,371.00,458.00,595.00,672.00,781.00,885.00,1008.00,1122.00,1239.00,1317.00,1424.00,1523.00,1644.00,1708.00,1817.00,1903.00,2024.00,2116.00,2181.00,2296.00,2391.00,2491.00,2574.00,2661.00,2771.00,2877.00,2977.00,3038.00,3153.00,3231.00,3308.00,3402.00,3497.00,3626.00,4126.00,4234.00,4350.00,4453.00,4548.00,4665.00,4789.00,4890.00,4976.00,5110.00,5209.00,5284.00,5451.00,5535.00,5660.00,5772.00,5911.00,5995.00,6089.00,6166.00,6255.00,6371.00,6497.00,6619.00,6754.00,6850.00,6949.00,7041.00,7211.00,7326.00,7388.00,7508.00,7613.00,7774.00,7897.00,8022.00,8110.00,8179.00,8249.00,8320.00,8420.00,8516.00,8625.00,8712.00,8914.00,9014.00,9108.00,9202.00,9288.00,9402.00,9555.00,9663.00,9834.00,9990.00,10062.00,10181.00,10260.00,10372.00,10453.00,10631.00,10727.00,10847.00,10991.00,11100.00,11191.00,11278.00,11488.00,11610.00,11693.00,11880.00,11945.00,12021.00,12108.00,12251.00,12334.00,12473.00,12570.00,12851.00,13153.00,13318.00,13465.00,13677.00,13816.00,14018.00,14131.00,14283.00,14390.00,14546.00,14687.00,14810.00,15148.00,15258.00,15382.00,15490.00,15604.00,15725.00,16033.00,16152.00,16263.00,16388.00,16482.00,16681.00,17181.00,17295.00,17471.00,17596.00,17803.00,17932.00,18062.00,18387.00,18887.00,19064.00,19281.00,19447.00,19947.00,20036.00,20536.00,20762.00,21118.00,21269.00,21769.00,22126.00,22212.00,22589.00,23089.00,23218.00,23713.00,24122.00,24265.00,24371.00,24564.00,24775.00,24918.00,25040.00,25189.00,25268.00,25405.00,25560.00,25681.00,25773.00,25970.00,26139.00,26264.00,26611.00,26743.00,26894.00,27037.00,27110.00,27237.00,27348.00,27462.00,27871.00,27944.00,28047.00,28171.00,28601.00,28757.00,28907.00,29027.00,29149.00,29260.00,29446.00,29548.00,29824.00,29986.00,30294.00,30416.00,30505.00,30883.00,31004.00,31126.00,31228.00,31356.00,31577.00,31733.00,31829.00,31931.00,32154.00,32288.00,32381.00,32476.00,32611.00,32768.00,32928.00,33136.00,33271.00,33401.00,33639.00,33787.00,33951.00,34101.00,34394.00,34564.00,34712.00,34888.00,35062.00,35203.00,35506.00,35617.00,35754.00,35911.00,36109.00,36213.00,36464.00,36548.00,36647.00,36775.00,36926.00,37076.00,37209.00,37329.00,37617.00,37781.00,38032.00,38149.00,38307.00,38379.00,38597.00,38765.00,38897.00,39038.00,39205.00,39384.00,39480.00,39639.00,39740.00,39908.00,40091.00,40253.00,40400.00,40567.00,40713.00,40817.00,40914.00,41047.00,41156.00,41324.00,41495.00,41716.00,41864.00,42056.00,42244.00,42401.00,42570.00,42682.00,42784.00,42914.00,43058.00,43201.00,43352.00,43501.00,43718.00,43867.00,43997.00,44142.00,44310.00,44480.00,44588.00,44731.00,44919.00,45035.00,45124.00,45313.00,45433.00,45570.00,45678.00,45826.00,46002.00,46159.00,46355.00,46482.00,46638.00,46770.00,47005.00,47159.00,47265.00,47436.00,47531.00,47741.00,47938.00,48093.00,48238.00,48340.00,48464.00,48556.00,49031.00,49211.00,49402.00,49578.00,49722.00,49874.00,50062.00,,,,,,,,,,,,,,,,,,,,,,,,,,,,,,,,,,,,,,,,,,,,,,,,,,,,,,,,,,,,,,,,,,,,,,,,,,,,,,,,,,,,,,,,,,,,,,,,,,,,,,,,,,
-410.75,-84.97,-145.47,-90.43,-63.37,-130.41,-182.47,-179.30,-292.55,-172.06,-179.36,-256.99,-126.52,-226.81,-138.78,-209.38,-179.80,-166.15,-385.93,-135.20,-109.04,-241.59,-325.97,-73.96,-79.54,-173.41,-106.06,-232.60,-209.72,-113.31,-210.65,-192.97,-109.21,-212.17,-94.95,-105.85,-44.60,-196.02,45.03,-274.87,-89.27,-216.68,-44.78,-88.06,-171.53,-292.05,-296.03,-109.43,-150.19,-238.20,-139.10,-129.27,-250.81,-67.23,-101.32,-466.39,-76.26,-173.78,-95.58,-201.04,-135.31,-243.59,-84.81,-47.06,-166.25,-140.53,-79.13,-280.64,-213.57,-293.64,-116.80,-236.54,-200.24,-56.41,-261.65,-295.96,-355.84,-47.29,-124.70,-264.21,-60.72,-12.12,-280.91,-84.78,-66.71,-98.70,-199.22,-317.81,-328.70,-239.56,-169.30,-348.47,-191.87,-38.17,-100.40,-91.10,-219.20,-242.50,-55.73,-208.66,-254.06,-317.34,-245.00,-159.06,-352.94,-194.21,-154.98,-215.56,-203.45,-180.75,-193.25,-102.04,39.98,-240.28,-12.41,-257.68,-257.19,-198.62,-71.94,-227.53,-204.58,-163.25,-259.60,-131.70,-210.19,-170.67,-193.54,-248.42,-209.59,-152.39,-186.49,-296.60,-187.54,-183.32,-210.07,-155.44,-321.89,-237.65,-204.67,-282.08,-262.21,-275.24,-339.12,-276.70,-121.38,-296.10,-269.27,-177.72,-316.28,-235.39,-336.26,-204.78,-374.29,-343.35,-264.40,-290.91,-311.00,-171.93,-324.93,-321.10,-294.55,-390.57,-200.70,-235.59,-524.57,-263.09,-324.53,-258.56,-360.60,-266.57,-238.09,-268.27,-195.41,-252.40,-325.99,-216.20,-318.06,-265.13,-180.58,-273.37,-345.75,-263.31,-162.97,-262.11,-463.66,-287.50,-142.40,-387.05,-268.83,-328.90,-228.84,-296.82,-322.93,-275.35,-379.53,-208.85,-362.29,-139.99,-251.91,-297.57,-329.70,-277.97,-207.06,-288.89,-277.16,-318.75,-312.32,-228.79,-360.29,-245.26,-220.64,-257.68,-373.86,-225.22,-221.49,-265.18,-286.73,-217.90,-243.83,-304.88,-236.25,-300.96,-186.23,-194.61,-145.97,-131.60,-206.53,-241.06,-118.93,-230.24,-252.26,-384.04,-303.57,-245.46,-161.71,-175.87,-262.78,-181.93,-246.52,-134.05,-194.20,-275.24,-178.19,-363.71,-389.71,-208.56,-254.87,-223.46,-193.63,-279.81,-148.57,-40.75,-262.89,-133.53,-194.56,-206.58,-237.05,-316.98,-261.30,-277.08,-225.48,-328.99,-298.47,-156.79,-340.61,-207.95,-188.64,-251.27,-205.98,-309.87,-272.96,-203.77,-193.97,-61.88,-184.35,-373.86,-247.91,-189.44,-261.97,-274.49,-215.06,-139.87,-153.99,-320.73,-207.84,-225.66,-186.71,-193.53,-82.37,-312.80,-231.33,-266.37,-204.78,-426.99,-110.90,-230.80,-243.89,-284.89,,,,,,,,,,,,,,,,,,,,,,,,,,,,,,,,,,,,,,,,,,,,,,,,,,,,,,,,,,,,,,,,,,,,,,,,,,,,,,,,,,,,,,,,,,,,,,,,,,,,,,,,,,,,,,,,,,,,,,,,,,,,,,,,,,,,,,,,,
80.00,148.00,207.00,353.00,418.00,540.00,664.00,752.00,842.00,955.00,1016.00,1100.00,1222.00,1307.00,1374.00,1497.00,1564.00,1675.00,1762.00,1856.00,1957.00,2065.00,2173.00,2248.00,2327.00,2438.00,2563.00,2651.00,2723.00,2809.00,2904.00,3010.00,3133.00,3220.00,3291.00,3380.00,3447.00,3549.00,3621.00,3749.00,3820.00,3924.00,4033.00,4148.00,4242.00,4357.00,4453.00,4557.00,4664.00,4768.00,4857.00,4956.00,5109.00,5173.00,5237.00,5367.00,5502.00,5599.00,5719.00,5824.00,5939.00,6042.00,6118.00,6192.00,6319.00,6476.00,6596.00,6702.00,6807.00,6935.00,7055.00,7155.00,7257.00,7401.00,7486.00,7593.00,7719.00,7794.00,7894.00,8001.00,8079.00,8167.00,8313.00,8416.00,8537.00,8648.00,8736.00,8839.00,8967.00,9084.00,9185.00,9301.00,9399.00,9498.00,9585.00,9684.00,9853.00,9958.00,10026.00,10129.00,10256.00,10371.00,10502.00,10615.00,10806.00,10973.00,11083.00,11263.00,11357.00,11482.00,11634.00,11718.00,11824.00,11967.00,12084.00,12196.00,12331.00,12447.00,12628.00,12761.00,12888.00,13017.00,13350.00,13567.00,13864.00,13985.00,14114.00,14247.00,14430.00,14590.00,14747.00,14895.00,15102.00,15231.00,15393.00,15559.00,15850.00,15992.00,16208.00,16371.00,16473.00,16760.00,16877.00,17013.00,17145.00,17267.00,17508.00,17692.00,17999.00,18171.00,18437.00,18610.00,18961.00,19154.00,19326.00,19620.00,19879.00,20013.00,20130.00,20456.00,20691.00,20950.00,21066.00,21273.00,21391.00,21597.00,21727.00,21870.00,22015.00,22241.00,22446.00,22573.00,22722.00,22986.00,23320.00,23453.00,23737.00,23967.00,24160.00,24388.00,24702.00,24910.00,25053.00,25262.00,25608.00,25878.00,26151.00,26525.00,26828.00,27084.00,27289.00,27462.00,27562.00,27864.00,28187.00,28343.00,28648.00,28837.00,29006.00,29230.00,29460.00,29751.00,29902.00,30207.00,30306.00,30604.00,30892.00,30999.00,31292.00,31385.00,31517.00,31710.00,31985.00,32312.00,32422.00,32744.00,32909.00,33141.00,33383.00,33665.00,33896.00,34235.00,34445.00,34699.00,34919.00,35243.00,35454.00,35576.00,35825.00,36074.00,36467.00,36949.00,37276.00,37578.00,37785.00,38014.00,38315.00,38528.00,38624.00,38783.00,39015.00,39108.00,39273.00,39560.00,39854.00,40155.00,40262.00,40385.00,40659.00,41095.00,41170.00,41413.00,41507.00,41561.00,41678.00,41795.00,42087.00,42362.00,42795.00,42934.00,43207.00,43434.00,43524.00,43825.00,44203.00,44421.00,44579.00,44679.00,44916.00,45074.00,45160.00,45280.00,45418.00,45605.00,45764.00,46155.00,46314.00,46387.00,46512.00,46600.00,46777.00,46970.00,47390.00,47491.00,47648.00,47781.00,47920.00,48045.00,48287.00,48566.00,48713.00,48803.00,49019.00,49287.00,49485.00,49590.00,49764.00,50055.00,,,,,,,,,,,,,,,,,,,,,,,,,,,,,,,,,,,,,,,,,,,,,,,,,,,,,,,,,,,,,,,,,,,,,,,,,,,,,,,,,,,,,,,,,,,,,,,,,,,,,,,,,,,,,,,,,,,,,,,,,,,,,,,,,,,,,,,,,
-142.02,-110.05,-134.08,-127.01,-142.60,-224.86,-137.36,-79.76,-118.58,-114.39,-194.54,-379.57,-115.27,-478.40,-314.83,-111.29,-66.54,-78.98,-264.32,-86.88,-402.90,-183.40,-292.91,-292.11,-112.47,-122.74,-129.45,-176.72,-108.24,-124.43,-92.11,-131.22,-311.74,4.40,-105.05,-183.56,-114.80,-166.29,-243.71,-81.86,-97.79,-442.42,-112.57,-105.14,-165.74,-164.04,-155.17,-31.63,-171.94,4.64,-53.93,-224.95,-166.32,-249.97,-92.63,-298.28,-105.28,-161.77,-136.05,-52.40,-116.79,-93.41,-98.56,-135.43,-59.65,-275.30,-8.05,-123.05,-153.95,-99.27,-101.26,-226.43,-60.06,-85.58,-238.64,-49.82,-137.27,-101.11,-263.31,-203.32,-134.04,-76.43,-210.63,-244.81,-4.56,-205.90,-140.68,-117.82,-245.95,-128.00,-145.47,-234.95,-153.15,52.52,-137.14,-26.52,-152.60,-179.87,-126.24,-190.89,-104.39,-297.38,-249.31,-241.30,-29.13,-111.30,-126.85,-198.41,-312.89,-190.11,-422.81,-104.45,-199.69,-168.37,-41.06,-324.55,-150.26,-223.97,-202.53,-266.74,-145.20,-390.90,-104.32,-139.31,-111.72,-58.10,-73.38,-436.39,-171.02,-172.21,-200.02,-180.41,-166.85,-71.39,-237.31,-220.79,-138.15,-306.09,-169.63,-261.05,-260.73,-228.13,-128.39,-190.21,-217.70,-219.57,-206.63,-131.31,-161.45,-229.82,-139.39,-180.66,-154.89,-237.04,-453.51,-186.92,-220.16,-325.54,-288.51,-235.44,-156.72,-258.01,-459.53,-306.37,-304.43,-101.45,-298.42,-270.69,-237.75,-381.14,-126.72,-166.82,-270.69,-271.08,-127.08,-324.90,-383.08,-97.13,-129.04,-225.35,-224.00,-149.12,-139.97,-256.71,-388.27,-400.28,-134.75,-187.10,-186.96,-116.21,-289.82,-232.88,-365.62,-104.84,-291.76,-288.16,-160.96,-154.03,-280.89,-342.12,-276.82,-232.42,-263.00,-283.38,-209.97,-254.07,-260.31,-105.27,-253.09,-239.45,-170.12,-104.17,-88.21,-164.02,-250.24,-256.07,-267.09,-303.21,-260.28,-300.91,-133.99,-256.72,-165.85,-201.53,-160.08,-252.07,-213.02,-235.91,-150.24,-124.02,-221.49,-263.94,49.91,-141.75,-169.28,-187.18,-232.26,-263.48,-245.39,-232.34,-245.44,-233.30,-242.18,-179.13,-264.25,-141.19,-164.40,-86.00,-183.40,-237.33,-283.01,-249.94,-162.67,-275.45,-252.96,-181.01,-172.00,-274.68,-132.59,-248.96,-153.54,-53.82,-101.09,-242.08,-308.15,-294.59,-167.28,-302.33,-298.68,-134.82,-128.54,-198.86,-260.62,-216.37,-288.27,-471.90,-186.75,-386.87,-244.56,-327.80,-104.57,-406.10,-314.53,-265.08,-240.48,-146.55,-242.90,-284.99,-180.93,-193.70,-273.56,-247.17,-276.27,-278.75,-352.73,-257.39,-227.49,-273.43,-202.16,-195.56,-110.72,-62.28,-10.25,-389.50,-175.57,-457.95,-237.67,-218.45,-192.63,-242.06,-124.50,-83.92,-174.65,-342.30,-245.66,-295.19,-277.22,-234.88,-230.13,-301.04,-239.42,-168.63,-248.59,-114.00,-85.44,-247.41,-263.61,-263.53,-164.86,-44.58,-171.86,-303.60,-72.85,-101.63,-273.97,-269.06,-409.06,-288.03,-248.06,-170.84,-317.27,-264.02,,,,,,,,,,,,,,,,,,,,,,,,,,,,,,,,,,,,,,,,,,,,,,,,,,,,,,,,,,,,,,,,,,,,,,,,,,,,,,,,,,,,,,,,,,,,,
102.00,203.00,294.00,389.00,493.00,588.00,687.00,772.00,887.00,955.00,1057.00,1131.00,1213.00,1310.00,1406.00,1515.00,1611.00,1679.00,1791.00,1860.00,1973.00,2095.00,2153.00,2286.00,2374.00,2487.00,2577.00,2648.00,2778.00,2882.00,2952.00,3057.00,3191.00,3287.00,3421.00,3526.00,3615.00,3714.00,3833.00,3914.00,3970.00,4064.00,4153.00,4250.00,4329.00,4428.00,4508.00,4623.00,4718.00,4831.00,4962.00,5096.00,5218.00,5339.00,5431.00,5553.00,5661.00,5824.00,5959.00,6045.00,6117.00,6269.00,6375.00,6513.00,6693.00,6803.00,6932.00,7059.00,7167.00,7318.00,7429.00,7563.00,7661.00,7746.00,7892.00,8025.00,8141.00,8263.00,8372.00,8516.00,8645.00,8774.00,8908.00,9053.00,9156.00,9273.00,9441.00,9614.00,9730.00,9857.00,9991.00,10124.00,10271.00,10413.00,10534.00,10620.00,10734.00,10843.00,10943.00,11103.00,11337.00,11474.00,11596.00,11751.00,11862.00,11948.00,12112.00,12244.00,12398.00,12469.00,12640.00,12717.00,12874.00,13166.00,13298.00,13670.00,13751.00,13846.00,14194.00,14317.00,14558.00,14686.00,14798.00,14996.00,15140.00,15266.00,15437.00,15522.00,15652.00,15760.00,16092.00,16561.00,16997.00,17147.00,17342.00,17460.00,17600.00,17769.00,17882.00,18054.00,18191.00,18340.00,18482.00,18594.00,18702.00,18869.00,18997.00,19131.00,19260.00,19451.00,19537.00,19636.00,19708.00,19851.00,20086.00,20238.00,20408.00,20664.00,20877.00,21009.00,21151.00,21288.00,21464.00,21706.00,21813.00,21977.00,22163.00,22356.00,22488.00,22695.00,22865.00,22950.00,23136.00,23295.00,23469.00,23687.00,23905.00,24052.00,24229.00,24339.00,24535.00,24823.00,25005.00,25127.00,25300.00,25467.00,25641.00,25741.00,25892.00,26062.00,26204.00,26303.00,26513.00,26718.00,26797.00,26992.00,27157.00,27224.00,27456.00,27590.00,27760.00,27924.00,28079.00,28261.00,28384.00,28537.00,28719.00,28887.00,29059.00,29210.00,29280.00,29426.00,29559.00,29623.00,29749.00,29915.00,30096.00,30280.00,30507.00,30695.00,30836.00,31000.00,31140.00,31317.00,31486.00,31680.00,31817.00,31989.00,32145.00,32287.00,32390.00,32564.00,32630.00,32681.00,32809.00,32882.00,33001.00,33195.00,33334.00,33503.00,33685.00,33833.00,33999.00,34185.00,34353.00,34498.00,34574.00,34704.00,34816.00,35011.00,35193.00,35371.00,35530.00,35719.00,35889.00,36014.00,36113.00,36327.00,36478.00,36708.00,36904.00,37404.00,37630.00,37807.00,37977.00,38154.00,38220.00,38388.00,38519.00,38673.00,38868.00,38972.00,39170.00,39374.00,39561.00,39793.00,39861.00,40153.00,40287.00,40421.00,40605.00,40779.00,40892.00,41078.00,41235.00,41288.00,41412.00,41567.00,41640.00,41811.00,41979.00,42111.00,42302.00,42428.00,42670.00,42840.00,42975.00,43133.00,43248.00,43473.00,43640.00,43815.00,43947.00,44110.00,44251.00,44419.00,44550.00,44684.00,44865.00,45007.00,45174.00,45355.00,45489.00,45754.00,45958.00,46135.00,46306.00,46427.00,46530.00,46704.00,46926.00,47010.00,47114.00,47249.00,47304.00,47616.00,47780.00,47956.00,48106.00,48246.00,48416.00,48573.00,48685.00,48831.00,48950.00,49113.00,49332.00,49484.00,49601.00,49687.00,49901.00,50092.00,,,,,,,,,,,,,,,,,,,,,,,,,,,,,,,,,,,,,,,,,,,,,,,,,,,,,,,,,,,,,,,,,,,,,,,,,,,,,,,,,,,,,,,,,,,,,
-108.56,-401.78,-131.83,-194.56,-236.19,-369.87,-88.66,-129.25,-366.30,-63.60,-242.18,-70.45,-79.10,-67.74,-232.29,-331.46,-131.37,-131.60,-138.52,-261.32,-171.66,-174.61,-147.63,-151.44,-166.22,-275.79,-319.14,-92.52,-276.87,-86.55,-156.30,-214.38,-65.53,-187.84,-77.20,-79.65,-232.87,-359.83,-75.36,-71.17,-77.58,-235.73,-186.50,-138.13,-345.71,-87.84,-284.10,-73.75,-159.34,-206.71,-283.67,-66.36,-92.22,-72.49,-144.24,-170.80,-76.45,-81.48,-194.02,-321.00,-335.03,-240.16,-13.49,-249.22,-323.80,-68.47,-245.71,-95.42,-11.08,-70.00,-111.30,-91.13,-91.68,-99.65,-341.01,-98.59,-133.81,-257.30,-311.61,-89.26,-155.84,-80.36,-168.23,-158.60,-79.57,-71.67,-87.28,-295.12,-76.28,-241.98,-70.00,89.36,-78.79,-297.11,-251.45,-73.62,-203.62,-77.15,-111.04,-88.30,-47.98,-224.79,-269.35,-112.60,-118.69,-155.13,-164.63,-60.79,-250.10,-135.96,-201.26,1.21,-0.78,-217.74,-308.66,-99.86,-193.29,-57.74,-105.32,-88.53,-315.84,-58.24,-106.06,-93.62,-181.54,-285.25,-262.34,-259.99,-48.26,-101.29,-305.77,-255.84,-119.17,-199.40,-320.16,-391.59,-279.49,-103.21,-302.56,-409.42,-74.91,-21.08,-233.38,-146.06,-320.90,-96.38,-284.59,-89.12,-376.95,-204.00,-81.14,-470.96,-75.66,-53.15,-187.64,-145.00,-92.00,-131.75,-138.49,-285.64,-388.41,-228.97,-258.49,-203.22,-136.63,46.65,-177.13,-48.32,-188.91,-74.77,-184.17,-184.05,-48.88,-67.85,-182.47,-82.81,-197.59,22.08,-214.00,-109.77,-57.31,-57.88,-188.97,16.78,-101.61,-182.29,-86.40,40.70,-278.65,-182.39,-253.83,-233.88,-270.54,-236.16,-154.29,-84.80,-169.62,-359.79,-154.66,-180.09,-208.91,-260.75,-176.23,-110.29,-206.06,-253.50,-191.88,-140.46,-104.75,-97.72,-173.15,-296.68,-221.48,-153.43,-162.25,-208.19,-162.51,-173.10,-147.49,-202.85,-153.00,-172.39,-116.50,-54.28,-227.08,-201.47,-196.86,-190.17,-39.12,-191.47,-22.76,6.70,-388.93,-167.32,16.35,-66.21,-41.05,-276.30,-137.90,-78.58,-423.31,-132.52,-222.76,-222.78,-78.87,-325.13,-114.10,-190.81,-221.24,-569.28,-178.22,-226.33,-167.21,-139.80,-6.69,-537.53,-162.96,156.31,-151.70,-60.79,-141.28,-356.88,-121.81,-199.56,-38.78,-317.86,5.88,-126.79,-37.24,-142.52,-185.03,-170.21,-46.94,-119.10,-45.79,-155.47,-149.90,-63.63,-141.83,-80.28,-62.71,-77.90,-144.71,-42.05,-143.93,-143.59,-103.69,-166.07,-216.89,-239.49,-136.59,-164.84,-133.39,-65.48,-4.00,-143.05,-216.02,-182.79,-275.92,-180.99,-42.11,-184.69,-171.47,-339.57,-36.22,-8.05,-162.37,-197.15,-184.98,-82.16,-150.39,-158.24,-145.94,7.29,-22.95,-77.65,-190.48,-184.30,-24.84,-127.09,-69.39,-372.92,-250.83,-212.47,132.62,-367.06,-52.38,-58.09,-204.93,-201.61,-188.68,-229.09,8.96,-175.42,-239.53,-203.64,-182.43,-139.05,-231.49,33.54,-209.77,-201.95,-231.56,-156.38,-86.42,-95.92,-168.06,-195.38,-259.18,-170.11,-93.79,-224.44,-121.87,-183.87,-190.10,-267.87,-140.31,-286.94,-260.57,-121.80,-262.41,-234.23,-206.63,-147.39,-187.98,-135.18,-428.31,-152.10,-124.07,13.86,-258.31,-203.21,-143.64,-187.77,-264.75,-189.13,-160.87,-118.58,-152.43,-202.95,-208.56,-178.89,-135.11,-254.81,-253.73,-155.86,-27.01,-173.79,-105.74,-185.69,-230.27,-96.09,-98.45,-259.34,-342.38,-14.53,-180.71,-159.05,-178.32,-161.13,-181.44,-218.47,-94.45,-328.18,-262.74,-168.08,-251.13,-17.68,-178.45,-266.95,-261.77,125.64,-230.12,-201.80,-245.49,-144.52,-113.61,-173.06,-257.92,-164.21,-260.29,-258.38,-185.22,-209.96,-173.76,-171.22,-225.74,-315.75,-5.54,-251.53,-28.88,-313.75,-204.99,-95.30,-282.72
109.00,211.00,294.00,358.00,487.00,636.00,722.00,794.00,911.00,981.00,1089.00,1157.00,1279.00,1350.00,1440.00,1553.00,1641.00,1748.00,1843.00,1942.00,2009.00,2116.00,2197.00,2271.00,2353.00,2462.00,2564.00,2661.00,2763.00,2858.00,2935.00,3019.00,3129.00,3202.00,3332.00,3426.00,3511.00,3636.00,3713.00,3822.00,3917.00,4016.00,4095.00,4195.00,4312.00,4380.00,4493.00,4576.00,4688.00,4808.00,4920.00,4997.00,5105.00,5181.00,5272.00,5387.00,5453.00,5544.00,5607.00,5709.00,5807.00,5910.00,6033.00,6129.00,6231.00,6322.00,6408.00,6500.00,6594.00,6685.00,6788.00,6906.00,6997.00,7113.00,7228.00,7371.00,7484.00,7589.00,7685.00,7789.00,7894.00,7981.00,8080.00,8142.00,8258.00,8341.00,8429.00,8539.00,8634.00,8723.00,8827.00,9327.00,9439.00,9536.00,9621.00,9715.00,9806.00,9916.00,9989.00,10091.00,10209.00,10340.00,10440.00,10545.00,10645.00,10719.00,10826.00,10902.00,10997.00,11068.00,11155.00,11265.00,11441.00,11535.00,11637.00,11717.00,11798.00,11896.00,11973.00,12063.00,12154.00,12237.00,12329.00,12413.00,12490.00,12581.00,12679.00,12770.00,12870.00,13006.00,13102.00,13197.00,13285.00,13401.00,13497.00,13599.00,13680.00,13779.00,13843.00,13938.00,14031.00,14142.00,14229.00,14336.00,14418.00,14503.00,14580.00,14665.00,14760.00,14940.00,15035.00,15258.00,15340.00,15436.00,15518.00,15587.00,15693.00,15800.00,15874.00,15976.00,16080.00,16159.00,16274.00,16372.00,16446.00,16569.00,16659.00,16769.00,16900.00,16985.00,17056.00,17157.00,17265.00,17356.00,17432.00,17569.00,17653.00,17772.00,17846.00,17960.00,18064.00,18167.00,18242.00,18366.00,18475.00,18572.00,18676.00,18810.00,18933.00,19026.00,19203.00,19296.00,19393.00,19487.00,19552.00,19653.00,19746.00,19831.00,19916.00,20002.00,20080.00,20180.00,20265.00,20341.00,20437.00,20542.00,20670.00,20775.00,20858.00,20975.00,21088.00,21192.00,21286.00,21397.00,21489.00,21580.00,21643.00,21740.00,21814.00,21892.00,21993.00,22096.00,22198.00,22299.00,22386.00,22499.00,22588.00,22693.00,22765.00,22868.00,22962.00,23062.00,23186.00,23261.00,23401.00,23508.00,23613.00,23707.00,23810.00,23892.00,24003.00,24096.00,24199.00,24289.00,24419.00,24566.00,24673.00,24799.00,24893.00,25173.00,25252.00,25342.00,25427.00,25502.00,25601.00,26091.00,26266.00,26692.00,26773.00,26954.00,27055.00,27220.00,27317.00,27413.00,27507.00,27621.00,27732.00,27829.00,27918.00,28017.00,28106.00,28202.00,28301.00,28397.00,28502.00,28600.00,28695.00,28796.00,28888.00,28983.00,29091.00,29183.00,29274.00,29387.00,29479.00,29567.00,29639.00,29788.00,29904.00,30026.00,30128.00,30239.00,30348.00,30457.00,30579.00,30683.00,30786.00,30883.00,31202.00,31557.00,31667.00,31784.00,31896.00,32095.00,32186.00,32295.00,32424.00,32517.00,32622.00,32747.00,32858.00,32959.00,33027.00,33181.00,33291.00,33394.00,33480.00,33576.00,33687.00,33790.00,33932.00,34037.00,34241.00,34344.00,34844.00,34948.00,35047.00,35167.00,35267.00,35347.00,35435.00,35555.00,35654.00,35745.00,36113.00,36199.00,36276.00,36465.00,36590.00,36730.00,36868.00,36959.00,37051.00,37178.00,37274.00,37385.00,37532.00,37626.00,37765.00,37918.00,38028.00,38374.00,38468.00,38562.00,38677.00,38873.00,38948.00,39088.00,39187.00,39397.00,39517.00,39712.00,39877.00,39977.00,40075.00,40174.00,40286.00,40381.00,40489.00,40595.00,40717.00,40830.00,40907.00,41002.00,41103.00,41292.00,41369.00,41475.00,41558.00,41660.00,41763.00,41868.00,41992.00,42118.00,42364.00,42457.00,42545.00,42645.00,42764.00,42903.00,43230.00,43528.00,43638.00,43850.00,44154.00,44293.00,44392.00,44490.00,44618.00,44711.00,44814.00,44921.00,45051.00,45164.00,45284.00,45391.00,45492.00,45664.00,45764.00,45937.00,46062.00,46562.00,46682.00,47067.00,47192.00,47283.00,47555.00,47645.00,47788.00,47886.00,48003.00,48217.00,48372.00,48584.00,48697.00,48810.00,48981.00,49105.00,49192.00,49414.00,49641.00,49752.00,49849.00,49959.00,50114.00
-95.12,-289.83,-230.27,-122.79,-373.28,-68.92,-202.67,-234.48,-25.70,-99.17,-366.04,-261.58,-324.75,-148.11,-202.91,-171.54,-83.85,-95.40,-174.71,-405.54,-97.89,-49.11,-305.78,-122.27,-232.52,-96.46,-247.65,-95.60,-44.45,-158.10,-186.97,-105.31,-148.01,-210.37,-111.25,-140.45,-272.31,-183.22,-193.34,-86.47,-87.53,-95.18,-102.03,-123.47,-64.01,-152.41,-188.78,-74.98,-201.14,-120.09,-75.34,-224.28,-11.00,-214.80,-85.54,-120.57,-111.50,-58.14,-3.97,-227.87,-216.65,-162.40,-107.94,-71.64,-262.58,-13.87,-123.26,-140.98,-60.13,-73.14,-209.75,-87.61,-80.48,-172.94,-215.53,-124.11,-69.64,-161.17,2.05,-153.17,-111.57,-19.20,-140.30,-111.15,-92.15,-100.87,-84.81,-111.52,-130.70,-116.88,-97.10,-123.89,-142.51,-111.92,-161.69,-209.81,-68.85,-115.36,-161.79,-133.25,-132.33,-128.06,-193.27,-203.33,-120.52,-155.62,-341.60,-74.17,-122.81,-108.52,-87.47,-158.11,-130.56,-92.18,-116.51,-73.44,-127.95,-146.18,-248.59,-122.52,-104.63,-79.89,-56.62,-129.51,-128.55,-132.57,-99.88,-40.75,-54.68,-165.13,-93.58,-241.67,-144.15,-84.16,-147.69,-108.06,-109.78,-59.70,-227.28,-111.87,-112.50,-104.77,-56.83,-35.06,-181.39,-120.88,-139.15,-94.66,-152.45,-62.85,-117.80,-79.59,-71.42,-141.30,-375.12,-162.19,-193.20,-49.56,-139.13,23.96,-21.32,-32.21,-263.35,-126.71,-61.20,-22.79,-146.43,-49.57,-230.64,-112.38,-253.71,-535.32,-120.14,-21.56,-92.39,-52.86,-241.05,-203.32,-75.62,-99.34,-185.85,-93.00,-210.45,-144.39,28.50,-48.84,-147.05,-318.85,-58.62,-127.70,-98.04,-159.07,-98.85,-80.77,-113.94,-89.41,-93.98,-229.10,-159.56,-124.60,9.11,-114.11,-183.29,-80.83,-191.68,-114.35,-106.85,-76.21,-108.05,-51.68,0.35,-134.13,-211.63,-47.13,-135.15,-88.59,-20.30,-181.20,12.28,-102.83,-148.73,-87.70,-66.39,-96.79,-124.87,-187.26,-212.34,-79.05,-193.65,-164.92,-207.88,-205.91,-59.20,-170.23,-99.73,3.76,-94.75,-87.82,-141.04,-98.61,-94.37,-58.14,-135.04,-64.36,-90.08,-142.66,-165.91,-86.06,-108.63,-206.34,-143.47,-55.64,-75.02,-103.73,-100.42,-190.00,-120.20,-133.24,-104.22,-135.52,-122.02,-127.85,-141.14,-69.34,-53.17,-57.54,-109.68,-150.81,-109.90,-104.23,-121.12,-52.19,-162.67,-33.17,-57.88,-145.80,-106.53,-286.70,-203.77,-137.93,169.09,-115.26,-189.23,-105.50,-115.36,-48.63,-33.60,-143.86,-135.85,-85.80,-134.47,-187.14,-74.85,-48.91,-129.72,-234.49,-153.79,-47.65,-102.22,5.77,-86.61,-83.35,-140.33,-94.23,-127.14,-114.95,-31.34,-60.12,-83.75,-35.80,-107.96,-88.50,-122.36,-162.55,-95.06,-125.30,-40.74,-95.08,-104.72,-151.83,-182.61,-73.64,-92.33,-48.91,-152.14,-149.47,-125.55,-91.21,-123.43,-66.79,-101.81,-76.25,-200.85,-206.35,-224.93,-213.25,-301.84,-133.96,-392.21,,,,,,,,,,,,,,,,,,,,,,,,,,,,,,,,,,,,,,,,,,,,,,,,,,,,,,,,,,,,,,,,,,,,,,,,,,,,,,,,,,,,,,,,,,,,,,,,
64.00,161.00,233.00,297.00,372.00,471.00,551.00,639.00,712.00,788.00,931.00,1047.00,1144.00,1238.00,1338.00,1409.00,1533.00,1636.00,1741.00,1886.00,1966.00,2064.00,2148.00,2231.00,2314.00,2411.00,2570.00,2645.00,2771.00,2888.00,2973.00,3085.00,3188.00,3281.00,3403.00,3469.00,3591.00,3670.00,3778.00,3906.00,3964.00,4054.00,4144.00,4223.00,4328.00,4406.00,4520.00,4613.00,4716.00,4855.00,4975.00,5074.00,5166.00,5262.00,5334.00,5464.00,5562.00,5696.00,5843.00,5956.00,6078.00,6224.00,6365.00,6458.00,6593.00,6756.00,6845.00,6936.00,7035.00,7125.00,7259.00,7384.00,7496.00,7642.00,7787.00,7942.00,8117.00,8274.00,8438.00,8584.00,8723.00,8873.00,8976.00,9045.00,9200.00,9295.00,9430.00,9516.00,9616.00,9772.00,9876.00,9960.00,10061.00,10230.00,10309.00,10442.00,10571.00,10684.00,10808.00,10915.00,11067.00,11212.00,11323.00,11476.00,11555.00,11692.00,11794.00,11947.00,12044.00,12207.00,12301.00,12378.00,12460.00,12619.00,12786.00,12899.00,12987.00,13186.00,13534.00,13695.00,13847.00,14010.00,14184.00,14273.00,14460.00,14598.00,14674.00,14833.00,15044.00,15145.00,15292.00,15439.00,15517.00,15676.00,15812.00,15877.00,16062.00,16235.00,16365.00,16445.00,16682.00,16769.00,17204.00,17454.00,17616.00,17726.00,17836.00,17966.00,18198.00,18383.00,18526.00,18694.00,18891.00,18997.00,19275.00,19489.00,19711.00,19893.00,19996.00,20208.00,20419.00,20575.00,20919.00,21052.00,21234.00,21402.00,21519.00,21673.00,21917.00,22006.00,22253.00,22587.00,22722.00,22896.00,22966.00,23119.00,23356.00,23493.00,23650.00,23822.00,24322.00,24472.00,24624.00,24698.00,24839.00,25006.00,25368.00,25555.00,25728.00,25834.00,25928.00,26020.00,26086.00,26248.00,26429.00,26571.00,26721.00,26838.00,26917.00,27052.00,27262.00,27442.00,27650.00,27810.00,28040.00,28178.00,28246.00,28398.00,28554.00,28730.00,28996.00,29094.00,29269.00,29653.00,29764.00,29957.00,30161.00,30364.00,30586.00,30705.00,30835.00,30984.00,31160.00,31331.00,31441.00,31640.00,31830.00,31961.00,32184.00,32275.00,32452.00,32544.00,32645.00,32751.00,32917.00,33066.00,33223.00,33328.00,33466.00,33624.00,33782.00,33931.00,34035.00,34253.00,34399.00,34608.00,34743.00,34922.00,35103.00,35233.00,35336.00,35526.00,35692.00,35772.00,35919.00,36081.00,36202.00,36479.00,36561.00,36698.00,36889.00,36996.00,37206.00,37364.00,37656.00,37831.00,37998.00,38204.00,38294.00,38615.00,38723.00,39084.00,39202.00,39366.00,39547.00,39692.00,39764.00,40109.00,40296.00,40430.00,40862.00,41057.00,41356.00,41486.00,41588.00,41687.00,41836.00,41955.00,42144.00,42323.00,42601.00,42801.00,42973.00,43123.00,43330.00,43596.00,43713.00,43877.00,44026.00,44203.00,44269.00,44453.00,44639.00,44731.00,44836.00,44997.00,45150.00,45323.00,45454.00,45722.00,45832.00,46001.00,46213.00,46340.00,46507.00,46627.00,46771.00,46902.00,46977.00,47165.00,47267.00,47425.00,47554.00,47781.00,47964.00,48080.00,48251.00,48348.00,48441.00,48671.00,48782.00,48933.00,49052.00,49328.00,49635.00,49757.00,49878.00,49973.00,50085.00,,,,,,,,,,,,,,,,,,,,,,,,,,,,,,,,,,,,,,,,,,,,,,,,,,,,,,,,,,,,,,,,,,,,,,,,,,,,,,,,,,,,,,,,,,,,,,,,
