-228.27,-205.04,-145.17,-370.15,-419.47,-362.96,-91.36,-211.19,-98.09,-126.18,-88.20,-94.12,-97.26,-84.02,-108.76,-188.64,-125.28,-322.97,-126.38,-154.94,-129.56,-87.27,-103.13,-233.95,-106.05,-166.58,-287.91,-123.20,-22.89,-39.55,-344.98,-133.40,-133.14,148.38,-410.86,-209.27,-62.16,-124.23,-118.47,-282.02,-199.69,-81.40,-251.32,-130.51,-414.60,-189.46,-348.93,-46.75,-235.88,-66.90,-244.73,-111.01,-150.42,-145.76,-126.60,-217.38,-201.24,-41.63,-183.07,-217.32,-81.88,-127.91,-55.64,-133.89,-78.58,-29.09,-165.92,-61.19,-217.88,-72.96,-75.89,-323.38,-70.30,-110.87,-190.00,-103.32,-35.85,-205.05,-115.15,-35.52,-61.01,-205.51,-220.56,-191.72,-250.29,-132.48,-204.33,-300.01,-14.62,-91.55,-66.06,-96.71,-97.01,-121.23,-148.52,-85.14,-312.01,-213.07,-60.69,-144.53,-341.66,-361.93,-52.24,-233.03,-105.88,-373.76,-134.65,-93.34,-508.12,-182.10,-214.60,-242.60,-433.00,-165.20,-171.43,-202.81,-69.22,-172.37,-87.36,-137.54,-247.90,-329.82,-207.89,-0.07,-46.04,-190.65,-169.96,-49.52,-310.88,11.70,-69.39,11.96,-229.79,-25.85,-174.90,-189.02,-134.99,-11.21,-59.78,-70.20,-48.09,-194.68,-39.64,54.63,-223.53,33.97,-185.82,19.72,-260.63,-550.45,-288.89,-202.67,-187.36,-156.77,-45.89,-180.87,-442.26,-345.70,-312.64,-103.26,-284.81,-514.85,-241.75,-302.70,-232.14,-407.54,-320.46,-46.33,-2.71,-184.83,-398.16,-157.35,-148.16,-267.14,-223.84,-427.83,-196.40,-248.23,11.88,-41.47,25.76,-96.42,-111.49,-114.50,-355.84,19.18,-187.53,-49.50,-119.00,-108.56,-230.00,-61.62,-275.26,-171.88,-218.62,-120.79,-167.29,-33.11,-25.87,-117.63,40.71,-387.93,-192.62,-42.85,-198.67,-322.46,-130.64,-174.51,-91.64,-353.41,-134.87,-89.85,-217.30,190.51,-197.65,-48.49,-160.00,-199.19,-116.51,-117.72,-243.63,-336.55,-284.87,0.00,-59.61,-90.93,-290.89,-64.22,-59.33,-211.78,-166.54,-122.90,-140.25,-234.13,-272.86,-175.31,-261.72,-190.66,-124.39,-111.35,-107.40,-284.31,-107.50,-131.59,-362.77,-264.66,-104.88,-224.03,-41.38,-307.90,-270.70,-235.24,-38.51,-382.69,-74.74,-117.10,-163.39,-177.14,-165.93,-302.98,8.86,-326.40,-49.95,-80.21,4.75,-180.82,-379.50,-22.87,-316.42,-227.75,-110.62,29.25,-89.83,-155.26,-446.55,30.74,-241.35,-225.52,-411.57,-95.51,-214.80,-350.66,-189.30,-128.12,-84.77,-118.59,-31.70,-144.54,-264.31,-100.86,-139.07,-58.64,-260.27,14.58,-311.43,-271.13,-271.90,-28.85,-75.44,-256.77,-215.20,-89.83,-236.34,-131.46,-195.84,-177.05,-121.40,-144.06,-345.31,-99.54,-305.26,,,,,,,,,,,,,,,,,,,,,,,,,,,,,,,,,,,,,,,,,,,,,,,,,,,,,,,,,,,,,,,,,,,,,,,,,,,,,,,,,,,,,
67.00,153.00,232.00,335.00,435.00,517.00,610.00,733.00,810.00,926.00,993.00,1055.00,1133.00,1220.00,1318.00,1388.00,1489.00,1597.00,1699.00,1783.00,1896.00,1994.00,2103.00,2231.00,2346.00,2436.00,2549.00,2666.00,2762.00,2843.00,2944.00,3031.00,3154.00,3654.00,3773.00,3848.00,3915.00,4015.00,4103.00,4212.00,4349.00,4483.00,4598.00,4704.00,4862.00,4990.00,5105.00,5197.00,5327.00,5428.00,5506.00,5589.00,5705.00,5768.00,5879.00,5969.00,6029.00,6112.00,6208.00,6290.00,6368.00,6527.00,6606.00,6711.00,6819.00,6941.00,7087.00,7201.00,7320.00,7439.00,7541.00,7705.00,7854.00,8024.00,8116.00,8184.00,8316.00,8475.00,8615.00,8724.00,8838.00,8988.00,9117.00,9202.00,9300.00,9421.00,9524.00,9636.00,9845.00,9985.00,10091.00,10192.00,10318.00,10579.00,10717.00,10789.00,10933.00,11045.00,11169.00,11392.00,11508.00,11731.00,11857.00,11980.00,12142.00,12308.00,12463.00,12648.00,12795.00,12955.00,13133.00,13312.00,13423.00,13631.00,13749.00,13881.00,14009.00,14171.00,14319.00,14429.00,14740.00,14983.00,15152.00,15463.00,15590.00,15759.00,15877.00,15998.00,16089.00,16239.00,16366.00,16507.00,16708.00,16841.00,16972.00,17213.00,17483.00,17625.00,17745.00,18016.00,18286.00,18387.00,18887.00,19037.00,19242.00,19395.00,19603.00,19765.00,19914.00,20192.00,20400.00,20836.00,21080.00,21203.00,21356.00,21543.00,21635.00,21916.00,22221.00,22514.00,22729.00,22887.00,23034.00,23229.00,23474.00,23653.00,23818.00,24030.00,24305.00,24441.00,24620.00,24737.00,24835.00,24997.00,25142.00,25294.00,25483.00,25669.00,25867.00,26255.00,26445.00,26557.00,26730.00,27119.00,27368.00,27554.00,27707.00,27917.00,28064.00,28360.00,28740.00,28832.00,29014.00,29165.00,29343.00,29668.00,30000.00,30115.00,30222.00,30399.00,30571.00,30808.00,30964.00,31101.00,31261.00,31405.00,31595.00,31750.00,31879.00,32081.00,32357.00,32498.00,32649.00,32985.00,33234.00,33338.00,33467.00,33601.00,33815.00,33895.00,34139.00,34493.00,34655.00,34878.00,35031.00,35203.00,35367.00,35569.00,35724.00,36122.00,36458.00,36804.00,36880.00,37052.00,37298.00,37455.00,37615.00,37699.00,37825.00,38026.00,38197.00,38314.00,38419.00,38618.00,38770.00,38907.00,39107.00,39261.00,39666.00,39904.00,40089.00,40271.00,40367.00,40505.00,40652.00,40777.00,41027.00,41153.00,41261.00,41568.00,41766.00,41965.00,42088.00,42208.00,42354.00,42568.00,42709.00,42813.00,43083.00,43296.00,43430.00,43661.00,43751.00,43859.00,44049.00,44264.00,44440.00,44618.00,44791.00,45037.00,45224.00,45516.00,45752.00,45840.00,45937.00,46110.00,46280.00,46418.00,46540.00,46781.00,46940.00,47051.00,47183.00,47338.00,47476.00,47644.00,47838.00,48019.00,48141.00,48341.00,48463.00,48592.00,48746.00,48891.00,48980.00,49102.00,49271.00,49547.00,49712.00,49882.00,50035.00,,,,,,,,,,,,,,,,,,,,,,,,,,,,,,,,,,,,,,,,,,,,,,,,,,,,,,,,,,,,,,,,,,,,,,,,,,,,,,,,,,,,,
-305.37,-438.36,-185.71,-176.45,-144.84,-120.68,-163.20,-132.60,-88.53,-91.21,-134.21,-186.35,-118.10,-24.70,-344.79,-206.74,-102.17,-103.71,-237.59,-38.34,-147.18,-460.00,-180.66,-57.19,-103.59,-102.74,-280.03,-399.30,-148.00,-235.82,-78.55,-56.59,-149.68,-75.08,-91.26,-171.95,-319.56,-147.21,-112.28,-118.67,-123.44,-225.79,-34.30,-286.32,-146.74,-215.11,-141.11,-235.23,-157.12,-139.00,-303.00,-207.74,1.19,-144.78,-102.60,-264.60,-114.78,-103.01,-194.52,-88.56,-86.18,-97.13,-117.15,-127.58,-107.49,-117.92,-47.35,-75.39,-186.88,-60.01,-131.08,-54.70,-118.17,-217.66,-41.58,-86.22,-252.21,-98.70,-83.76,-74.67,-108.52,-93.87,-75.19,-41.18,-85.50,-196.62,-71.48,-83.21,-67.00,-80.51,-78.89,-17.75,-158.89,-5.03,-112.27,-250.79,-56.93,-250.68,-43.45,-15.35,-83.88,22.76,-175.02,-239.49,-177.31,-102.53,-83.01,-191.13,-87.19,-20.13,-445.29,-179.40,-120.03,-123.51,-26.59,-20.12,-251.51,-82.58,-34.05,-74.24,-81.41,-139.84,-137.63,-96.47,-96.90,-37.15,-322.14,-292.28,-155.99,-197.26,-21.03,-86.52,-61.52,-51.97,-258.68,-96.35,-46.57,-27.03,-30.23,-24.03,-67.06,-329.14,-54.84,-18.16,-43.97,-232.62,-169.20,-47.35,53.81,-76.62,-22.66,-184.57,-171.88,-191.76,-72.85,-66.58,-97.47,-55.91,-64.42,120.47,-68.69,-236.66,-346.25,-307.10,-177.07,-44.57,-188.21,-94.87,-185.47,-140.52,-24.40,14.93,-298.50,-221.87,-78.89,-177.50,-274.91,-482.26,-292.76,-196.85,-6.73,-36.70,-253.08,3.06,-90.71,-218.28,36.92,-296.88,-285.13,-36.73,-45.44,-104.49,-437.10,13.76,-240.83,-0.09,-310.89,-107.80,-14.75,-108.36,-71.70,-58.46,-214.71,-225.18,-96.58,-201.36,-223.78,-63.90,-246.90,-109.53,-67.48,-40.22,-56.97,-180.97,-49.85,-71.94,-137.53,-3.78,-282.92,-148.46,-10.90,-262.45,-108.17,5.50,-254.08,-189.76,-17.03,-73.89,-88.49,-89.73,3.07,-33.41,-23.65,-126.14,-157.17,-71.89,3.49,-71.77,-225.83,-76.38,-182.17,-185.96,-36.71,-22.78,-81.59,-63.19,-92.02,52.37,-194.59,-52.63,-91.05,-270.58,-79.37,-281.74,-249.86,-184.49,-53.41,-61.84,-51.76,18.30,-134.32,-65.87,-10.06,17.33,-192.39,-40.31,-269.21,-77.40,-17.99,-108.51,-122.48,-181.43,-110.17,-92.73,-188.38,-77.22,-257.50,-65.69,-229.35,-145.95,-227.74,-290.12,-9.28,-175.26,-132.11,-87.03,-66.35,-217.54,22.67,-235.34,-111.57,-97.69,-196.85,-49.23,-12.60,-126.26,-62.98,-61.44,-148.37,-272.80,-143.74,-20.56,-161.71,-144.17,-104.94,-81.74,-29.85,-125.02,-9.96,-281.88,-89.23,-30.63,-11.49,-96.76,-272.63,-54.17,-35.04,-1.02,-109.06,-101.07,-184.73,-49.04,-295.59,-249.69,-557.19,-68.07,-155.68,-22.98,-52.13,-132.37,-23.26,-159.23,-268.14,-465.36,-101.77,11.95,-99.00,-99.63,-63.06,-113.80,-194.01,-54.34,-66.64,-383.35,-215.95,-200.53,-195.01,-239.74,108.91,-338.27,44.76,-498.03,-28.83,-56.40,-77.93,-234.51,-97.71,-10.70,-288.73,-297.26,-276.43,-114.49,-248.40,-61.08,-127.40,-185.10,-220.52,6.48,,,,,,,,,,,,,,,,,,,,,,,,,,,,
85.00,179.00,264.00,360.00,445.00,530.00,590.00,684.00,749.00,836.00,925.00,1018.00,1113.00,1222.00,1339.00,1450.00,1555.00,1670.00,1738.00,1819.00,1879.00,1997.00,2065.00,2134.00,2215.00,2332.00,2473.00,2595.00,2659.00,2763.00,2893.00,2975.00,3036.00,3155.00,3244.00,3352.00,3447.00,3529.00,3619.00,3693.00,3790.00,3961.00,4036.00,4162.00,4267.00,4375.00,4477.00,4586.00,4693.00,4801.00,4959.00,5034.00,5138.00,5198.00,5310.00,5435.00,5552.00,5636.00,5764.00,5841.00,5917.00,6019.00,6100.00,6184.00,6288.00,6383.00,6511.00,6607.00,6700.00,6802.00,6886.00,6982.00,7072.00,7175.00,7248.00,7307.00,7422.00,7525.00,7640.00,7706.00,7811.00,7883.00,7968.00,8063.00,8143.00,8238.00,8323.00,8395.00,8474.00,8584.00,8684.00,8799.00,8900.00,9032.00,9155.00,9251.00,9332.00,9435.00,9516.00,9611.00,9702.00,9842.00,9958.00,10073.00,10181.00,10298.00,10368.00,10513.00,10625.00,10752.00,10861.00,10976.00,11126.00,11229.00,11346.00,11490.00,11631.00,11714.00,11911.00,12023.00,12118.00,12210.00,12298.00,12421.00,12499.00,12639.00,12774.00,12890.00,12978.00,13087.00,13219.00,13346.00,13449.00,13653.00,13765.00,13884.00,14021.00,14186.00,14272.00,14430.00,14755.00,14923.00,15068.00,15178.00,15421.00,15597.00,15804.00,15948.00,16041.00,16170.00,16303.00,16403.00,16516.00,16699.00,16809.00,16917.00,17123.00,17284.00,17394.00,17894.00,18055.00,18164.00,18330.00,18459.00,18592.00,18773.00,18909.00,19107.00,19219.00,19351.00,19461.00,19583.00,19724.00,20024.00,20349.00,20543.00,20695.00,20813.00,20960.00,21075.00,21281.00,21404.00,21562.00,21689.00,21817.00,22052.00,22179.00,22338.00,22540.00,22770.00,22891.00,23014.00,23281.00,23717.00,23880.00,24004.00,24095.00,24309.00,24437.00,24560.00,24664.00,24761.00,24884.00,25076.00,25215.00,25505.00,25704.00,25947.00,26122.00,26257.00,26407.00,26557.00,26632.00,26895.00,26999.00,27111.00,27223.00,27363.00,27541.00,27728.00,27949.00,28118.00,28256.00,28398.00,28574.00,28792.00,29070.00,29145.00,29331.00,29456.00,29568.00,29666.00,29851.00,30011.00,30192.00,30289.00,30386.00,30494.00,30634.00,30799.00,30918.00,31045.00,31133.00,31251.00,31394.00,31557.00,31716.00,31823.00,31908.00,32009.00,32132.00,32339.00,32465.00,32630.00,32754.00,32920.00,33046.00,33172.00,33294.00,33420.00,33560.00,33686.00,33786.00,33991.00,34136.00,34287.00,34492.00,34668.00,34767.00,34927.00,35115.00,35291.00,35557.00,35746.00,35853.00,36018.00,36303.00,36569.00,36718.00,36889.00,37124.00,37299.00,37420.00,37546.00,37663.00,37990.00,38079.00,38228.00,38419.00,38656.00,38799.00,38974.00,39131.00,39213.00,39317.00,39493.00,39576.00,39689.00,40047.00,40237.00,40369.00,40486.00,40704.00,40827.00,40953.00,41064.00,41188.00,41301.00,41432.00,41547.00,41644.00,42063.00,42186.00,42291.00,42473.00,42629.00,42732.00,42900.00,42993.00,43108.00,43243.00,43391.00,43502.00,43609.00,43754.00,43941.00,44037.00,44254.00,44361.00,44560.00,44677.00,44821.00,44962.00,45083.00,45174.00,45363.00,45538.00,45741.00,45903.00,46056.00,46171.00,46289.00,46411.00,46523.00,46651.00,46809.00,46973.00,47128.00,47628.00,47760.00,47882.00,48042.00,48153.00,48248.00,48413.00,48511.00,48586.00,48765.00,48880.00,49004.00,49122.00,49234.00,49364.00,49529.00,49696.00,49805.00,49904.00,50001.00,,,,,,,,,,,,,,,,,,,,,,,,,,,,
-116.31,-62.04,-154.35,-300.81,-217.81,-103.61,-223.18,-247.31,-398.07,-241.44,-271.37,-216.11,-130.56,-211.87,-232.24,-118.75,-69.10,-283.82,-81.16,-172.59,-66.65,-227.72,-166.77,-220.82,-26.39,-130.88,-145.15,-296.18,-14.74,-270.16,-64.80,-112.23,-83.33,-92.72,-101.47,-226.11,-167.53,-158.82,-115.19,-74.27,-77.94,-49.39,-66.28,-288.93,-209.37,-190.24,-129.16,-85.08,-176.55,-113.29,-115.43,-204.93,-68.14,-80.39,-232.58,-337.80,-94.06,-89.29,-357.45,-254.00,-114.50,-37.49,-89.74,-76.58,-37.84,-79.21,-37.33,-233.71,-60.91,-87.20,-40.17,-80.97,-104.30,-95.31,-284.43,-244.57,-97.77,-108.44,-72.62,-71.73,-145.40,-163.17,-117.08,-45.09,-85.03,-94.35,-91.82,-136.52,-296.46,-262.57,-202.62,-49.99,-139.61,-180.11,-86.84,-126.18,-227.26,-70.34,-135.93,-147.96,-140.61,-40.85,-144.31,-49.24,-151.62,-206.52,15.45,-72.82,-56.34,-44.57,-45.05,-121.51,-460.84,-67.17,-310.40,-74.48,-53.74,-81.18,7.92,-63.51,-62.34,-322.94,-78.58,-25.65,-189.17,-184.55,-259.62,-21.92,-27.13,27.65,-21.27,-93.45,-250.82,-10.50,-49.34,-109.83,-69.51,-24.68,-134.54,-121.72,-80.91,-121.94,-47.81,-124.40,-304.40,6.28,-102.88,-158.91,-221.20,-206.20,-93.10,-204.35,-3.74,-68.33,-14.96,-64.77,-169.38,-195.98,-36.76,-100.15,-234.74,-282.95,-97.00,-143.99,-149.43,-108.55,-286.66,42.89,-97.99,-298.15,-305.35,-271.97,-16.95,-175.56,-104.53,-41.95,-220.32,-210.82,-8.28,-315.48,-194.44,-52.24,-148.78,-36.86,-11.08,-33.98,-219.36,-163.26,-65.42,-57.73,-52.97,32.74,-272.45,-202.87,-261.44,29.75,-49.09,-136.34,-322.24,6.82,-169.92,-60.94,-91.68,-105.90,-51.00,-87.43,-448.86,-127.05,-139.07,-328.22,-168.28,-12.22,-272.40,-87.95,-360.72,-273.99,-27.43,-181.27,-155.85,-214.78,-40.42,-328.37,-336.44,-121.86,-103.81,-197.67,-197.14,-224.35,-84.26,-126.30,-86.33,-6.19,-83.31,-37.85,-376.63,-284.03,-277.02,-230.01,-81.27,-245.45,-184.05,-60.17,0.25,-329.44,-109.66,-175.43,-102.45,5.63,-21.49,-44.48,-87.35,-2.03,-212.94,-24.17,-47.58,-160.26,-310.36,-231.43,-376.28,-273.67,-121.05,-55.76,-234.36,-92.50,-56.45,-120.26,-234.34,11.44,-290.72,-93.67,49.27,-43.60,-101.92,-260.04,-41.75,-33.20,-242.25,-63.14,-174.80,-245.16,-259.39,-90.72,-12.34,-126.80,-54.99,-180.23,-330.24,-470.96,-194.06,-8.01,-120.63,-198.64,-100.38,-94.57,4.98,-66.48,8.29,-318.64,-401.84,-142.48,-129.55,-78.84,-374.02,-63.09,-85.26,-195.68,-156.01,-22.69,-266.24,-80.98,-101.82,-80.31,-190.29,-252.13,-14.20,6.71,-361.11,-79.10,-93.40,-70.23,-70.50,113.09,-93.56,-290.81,-305.46,-45.11,-157.90,-244.57,-167.40,176.59,-69.19,-81.91,-2.79,-10.34,-567.55,58.57,2.82,-196.18,-367.94,-327.99,-140.22,-97.81,-81.03,-57.96,-96.89,-46.46,-292.84,-140.33,-27.83,-98.08,-169.61,-73.51,-82.01,-9.03,-152.98,-36.71,-103.29,-348.25,22.07,-54.45,20.58,-87.97,4.30,-50.06,-146.30,-81.36,-133.74,-374.08,-35.00,-76.03,-275.12,5.77,-54.02,33.66,-55.37,-138.49,-36.94,-250.24,-333.13,-74.32,-249.68,-122.72,-100.74,-20.95,-74.34,-60.27,-36.13,-69.51,-21.18,-277.03,-68.16,-81.01,-62.79,,,
117.00,183.00,247.00,348.00,420.00,507.00,608.00,687.00,769.00,862.00,944.00,1049.00,1120.00,1215.00,1323.00,1417.00,1484.00,1565.00,1660.00,1757.00,1828.00,1898.00,2009.00,2116.00,2207.00,2271.00,2381.00,2495.00,2568.00,2644.00,2715.00,2779.00,2851.00,2970.00,3038.00,3137.00,3252.00,3339.00,3453.00,3552.00,3633.00,3727.00,3784.00,3903.00,4004.00,4124.00,4208.00,4319.00,4404.00,4524.00,4617.00,4708.00,4836.00,4902.00,5019.00,5150.00,5222.00,5287.00,5376.00,5513.00,5575.00,5659.00,5736.00,5822.00,5905.00,5994.00,6153.00,6242.00,6347.00,6452.00,6517.00,6594.00,6664.00,6730.00,6813.00,6919.00,7052.00,7180.00,7265.00,7329.00,7436.00,7559.00,7689.00,7776.00,7850.00,7970.00,8045.00,8145.00,8248.00,8367.00,8477.00,8614.00,8721.00,8828.00,8959.00,9058.00,9193.00,9280.00,9350.00,9485.00,9634.00,9719.00,9815.00,9890.00,10019.00,10120.00,10246.00,10387.00,10477.00,10552.00,10639.00,10766.00,10872.00,10951.00,11057.00,11119.00,11232.00,11373.00,11466.00,11572.00,11646.00,11743.00,11831.00,11995.00,12070.00,12170.00,12266.00,12348.00,12425.00,12530.00,12614.00,12787.00,12881.00,12983.00,13131.00,13232.00,13320.00,13427.00,13531.00,13653.00,13759.00,13857.00,13990.00,14104.00,14240.00,14325.00,14435.00,14516.00,14622.00,14745.00,14854.00,14953.00,15074.00,15266.00,15386.00,15470.00,15586.00,15701.00,15794.00,15958.00,16134.00,16234.00,16351.00,16455.00,16616.00,16799.00,16939.00,17052.00,17145.00,17256.00,17353.00,17580.00,17650.00,17785.00,17988.00,18071.00,18223.00,18304.00,18419.00,18572.00,18680.00,18819.00,18957.00,19086.00,19185.00,19312.00,19411.00,19680.00,19829.00,19986.00,20106.00,20230.00,20352.00,20489.00,20616.00,20728.00,20853.00,20982.00,21151.00,21282.00,21423.00,21537.00,21700.00,21861.00,22036.00,22178.00,22370.00,22450.00,22585.00,22700.00,22872.00,22998.00,23084.00,23243.00,23398.00,23549.00,23685.00,23813.00,23960.00,24096.00,24259.00,24386.00,24525.00,24648.00,24811.00,24893.00,25005.00,25140.00,25304.00,25397.00,25529.00,25634.00,26003.00,26149.00,26316.00,26464.00,26630.00,26772.00,26872.00,27043.00,27224.00,27355.00,27454.00,27599.00,27714.00,27853.00,27986.00,28119.00,28202.00,28372.00,28477.00,28642.00,28869.00,28984.00,29097.00,29341.00,29516.00,29769.00,29953.00,30084.00,30189.00,30368.00,30539.00,30710.00,30817.00,30941.00,31434.00,31548.00,31710.00,31810.00,31927.00,32060.00,32149.00,32332.00,32469.00,32614.00,32771.00,32999.00,33094.00,33238.00,33368.00,33569.00,33702.00,33825.00,33943.00,34063.00,34181.00,34330.00,34452.00,34586.00,34742.00,34851.00,34940.00,35033.00,35190.00,35335.00,35529.00,35704.00,35804.00,35951.00,36211.00,36343.00,36486.00,36617.00,36702.00,36861.00,37094.00,37255.00,37488.00,37692.00,37787.00,37909.00,38057.00,38238.00,38435.00,38552.00,38679.00,38807.00,38912.00,39005.00,39142.00,39642.00,39752.00,39853.00,39993.00,40116.00,40260.00,40357.00,40481.00,40981.00,41097.00,41220.00,41326.00,41547.00,41713.00,41883.00,41972.00,42063.00,42253.00,42362.00,42482.00,42595.00,42706.00,42912.00,42993.00,43128.00,43227.00,43437.00,43591.00,43868.00,44013.00,44157.00,44391.00,44513.00,44639.00,44758.00,44840.00,44938.00,45200.00,45335.00,45481.00,45561.00,45722.00,45922.00,46032.00,46129.00,46251.00,46314.00,46450.00,46648.00,46814.00,46892.00,47185.00,47685.00,47849.00,47961.00,48089.00,48213.00,48348.00,48452.00,48559.00,48700.00,48831.00,48939.00,49044.00,49159.00,49260.00,49364.00,49483.00,49640.00,49773.00,49912.00,50024.00,,,
-112.68,-255.63,-102.00,-184.66,-343.19,-141.04,-101.08,-174.21,-316.07,-195.29,-199.98,-260.02,-112.80,-103.16,-507.65,-135.76,-254.62,-411.48,-88.09,-169.43,-67.32,-138.52,-194.02,-84.87,-273.37,-386.51,33.18,-109.14,-117.56,-93.27,-87.80,-63.60,-322.10,-111.60,-106.43,-105.38,-93.59,-71.93,-19.79,-148.16,-262.27,-163.75,-539.63,-116.71,-121.61,-66.64,-140.46,-89.15,-278.31,-72.39,-97.03,-91.17,-252.81,-256.20,-335.96,-202.06,-259.89,-146.18,-77.78,-211.65,-21.25,-169.61,-132.67,-103.87,-264.00,-88.36,-259.76,-95.53,-79.19,-177.31,-133.21,-95.30,-327.88,-86.33,-120.22,-292.80,-66.02,-103.24,-57.36,-66.32,-108.37,19.09,-71.28,-64.54,-59.39,-74.71,-100.36,-85.88,-41.77,-100.31,-99.25,-149.85,-39.41,-320.25,-56.33,-177.30,-99.76,-28.75,-66.55,-40.59,-88.08,-109.58,-73.54,-47.87,-242.68,-128.87,-205.59,-51.52,-110.42,-104.84,-282.76,-320.61,-189.76,-90.32,-87.16,-50.49,-197.79,-155.72,-45.53,-121.06,-264.61,-128.19,-92.11,-13.07,-205.82,-80.55,-96.93,-62.86,-74.42,-195.61,-93.01,-251.30,-257.22,-285.17,-71.09,-373.90,-43.43,-143.01,-151.72,-246.70,-90.50,-79.42,-22.98,-185.78,-33.27,-24.04,-61.78,-214.17,-304.80,-217.93,1.49,5.87,-52.27,-76.24,-126.91,-201.13,-51.41,-152.19,-32.94,-8.21,-116.69,-266.11,-216.68,-200.50,-242.74,-171.40,-43.42,-113.82,-119.06,-316.53,-176.16,-82.71,-150.60,-35.85,106.24,-330.58,-99.52,-37.65,-248.67,-79.75,-36.41,-209.73,43.24,-96.36,-81.68,-167.00,-92.47,-149.75,-104.64,-80.03,-59.94,-55.79,-201.00,-337.44,-90.60,-160.81,-229.31,33.25,24.74,-28.73,-67.86,-245.42,-196.52,-407.10,-309.78,-47.24,-221.17,-330.95,-141.95,-308.79,-242.09,-92.58,-154.68,-235.70,-97.09,-226.97,-207.26,-184.91,-229.10,-335.35,-328.78,-114.30,-337.87,-70.11,-111.05,-48.27,-144.74,-103.87,-16.09,-153.31,-188.17,-344.72,-68.50,-54.60,-109.90,-30.13,-40.85,-234.82,-218.49,-87.64,-239.63,-113.94,-128.74,-60.50,-102.58,-58.87,-31.52,-371.71,-167.22,-82.43,-148.06,-142.60,-83.03,-44.11,-153.59,-127.28,-73.40,-101.30,-113.89,-237.90,-85.93,-334.38,-129.99,-86.59,-90.86,-216.20,-192.28,-93.98,3.43,-113.21,13.41,-187.16,-69.96,-94.28,-85.16,-20.87,126.41,-292.52,-49.24,9.18,-80.48,-193.48,-79.83,-138.95,-69.26,-29.44,-81.26,-115.74,-376.39,-220.92,-102.97,-87.71,-91.16,-51.36,-129.16,-177.56,-126.86,-53.69,32.87,-67.82,-224.84,-8.42,-93.76,-219.58,-121.07,-155.30,-215.89,-64.00,-64.59,-78.68,-180.76,-141.45,-63.49,-91.65,-24.94,-145.82,-111.09,-65.60,-113.93,-43.07,-83.35,2.34,-3.83,-39.95,-115.14,-70.26,-271.48,-43.49,-121.14,-360.39,-57.54,-103.74,13.49,-73.66,-329.66,-260.81,-43.35,-31.95,16.82,-151.72,-160.13,-106.76,-26.87,-45.56,-89.96,-114.66,-115.27,-93.22,-122.12,-83.82,-32.49,-6.78,-41.18,-105.18,-100.81,258.45,-54.54,-94.68,-27.49,-58.13,-74.89,-286.21,-190.00,-12.12,-95.43,-101.85,-31.45,-294.05,-116.92,-128.32,-213.16,-13.11,8.58,-0.02,-163.80,37.67,-60.66,-154.60,-219.92,-110.72,-375.62,-15.45,40.90,-64.38,-43.78,-83.81,-66.83,-198.99,-48.98,88.36,-284.67,-127.87,-201.47,-71.85,-279.96,-217.60
76.00,187.00,323.00,409.00,500.00,575.00,639.00,734.00,867.00,946.00,1074.00,1203.00,1270.00,1343.00,1428.00,1546.00,1655.00,1741.00,1804.00,1894.00,1964.00,2067.00,2170.00,2239.00,2360.00,2453.00,2605.00,2704.00,2762.00,2871.00,2941.00,3015.00,3120.00,3214.00,3301.00,3396.00,3494.00,3621.00,3738.00,3842.00,3984.00,4051.00,4163.00,4251.00,4345.00,4461.00,4534.00,4626.00,4773.00,4849.00,4999.00,5075.00,5186.00,5283.00,5409.00,5505.00,5614.00,5717.00,5788.00,5916.00,6016.00,6104.00,6197.00,6301.00,6407.00,6522.00,6597.00,6683.00,6783.00,6870.00,7004.00,7117.00,7256.00,7330.00,7430.00,7547.00,7678.00,7829.00,8029.00,8111.00,8182.00,8311.00,8390.00,8460.00,8535.00,8643.00,8765.00,8911.00,8993.00,9121.00,9239.00,9351.00,9436.00,9549.00,9653.00,9789.00,9884.00,9999.00,10118.00,10206.00,10289.00,10394.00,10464.00,10557.00,10696.00,10813.00,10916.00,11056.00,11184.00,11299.00,11567.00,11694.00,11811.00,11916.00,12000.00,12132.00,12238.00,12353.00,12483.00,12794.00,12996.00,13117.00,13202.00,13345.00,13445.00,13582.00,13659.00,13821.00,13982.00,14080.00,14212.00,14410.00,14581.00,14677.00,14800.00,14913.00,15008.00,15156.00,15248.00,15346.00,15457.00,15571.00,15699.00,15914.00,16067.00,16192.00,16287.00,16396.00,16485.00,16618.00,16804.00,16975.00,17169.00,17285.00,17355.00,17468.00,17627.00,17728.00,17821.00,17971.00,18115.00,18347.00,18467.00,18586.00,18744.00,18851.00,19022.00,19095.00,19182.00,19335.00,19461.00,19580.00,19729.00,19834.00,20334.00,20482.00,20587.00,20685.00,20802.00,20935.00,21029.00,21199.00,21333.00,21410.00,21582.00,21720.00,21879.00,22013.00,22142.00,22215.00,22340.00,22439.00,22545.00,22731.00,22916.00,23047.00,23174.00,23277.00,23430.00,23542.00,23692.00,23771.00,23885.00,24027.00,24195.00,24282.00,24422.00,24573.00,24700.00,24846.00,24946.00,25025.00,25215.00,25333.00,25468.00,25543.00,25633.00,25715.00,25808.00,25944.00,26025.00,26130.00,26336.00,26412.00,26514.00,26609.00,26701.00,26818.00,26940.00,27025.00,27108.00,27217.00,27316.00,27479.00,27598.00,27691.00,27786.00,27887.00,27980.00,28068.00,28142.00,28247.00,28340.00,28447.00,28540.00,28653.00,28739.00,28869.00,28943.00,29026.00,29119.00,29197.00,29327.00,29423.00,29538.00,29650.00,29749.00,29870.00,30009.00,30144.00,30243.00,30472.00,30597.00,30693.00,30964.00,31062.00,31354.00,31449.00,31573.00,31688.00,31878.00,32036.00,32165.00,32253.00,32395.00,32524.00,33024.00,33205.00,33348.00,33443.00,33559.00,33755.00,33879.00,33970.00,34073.00,34173.00,34323.00,34445.00,34636.00,34795.00,34872.00,35023.00,35117.00,35245.00,35388.00,35515.00,35591.00,35666.00,35833.00,35983.00,36072.00,36218.00,36329.00,36510.00,36607.00,36727.00,36901.00,36970.00,37115.00,37239.00,37349.00,37507.00,37618.00,37746.00,37867.00,38003.00,38133.00,38239.00,38351.00,38457.00,38544.00,38668.00,38802.00,38931.00,39048.00,39151.00,39382.00,39517.00,39611.00,39727.00,39925.00,40047.00,40547.00,40675.00,40895.00,41076.00,41171.00,41301.00,41403.00,41500.00,41603.00,41660.00,41849.00,41980.00,42269.00,42355.00,42445.00,42655.00,42775.00,42890.00,42995.00,43085.00,43208.00,43294.00,43412.00,43766.00,43890.00,44125.00,44315.00,44455.00,44611.00,44779.00,44872.00,44985.00,45109.00,45213.00,45327.00,45428.00,45510.00,45637.00,45755.00,45925.00,46059.00,46240.00,46382.00,46882.00,46994.00,47179.00,47369.00,47477.00,47653.00,47820.00,47943.00,48067.00,48230.00,48326.00,48458.00,48670.00,48767.00,49267.00,49409.00,49556.00,49669.00,49788.00,49974.00,50161.00
-140.09,-511.97,-119.58,-103.67,-356.84,-74.90,-231.68,-337.16,-316.38,-364.81,-313.21,-142.38,-111.99,-8.98,-221.71,-69.26,-337.20,-129.41,-172.35,-102.52,-515.91,-127.80,-96.84,-381.36,-137.57,-374.67,-102.47,-108.72,-142.41,-132.37,-101.81,-265.76,-261.29,-112.65,-202.44,-98.82,-224.22,-121.70,-105.21,-91.00,-113.25,-75.43,-150.69,-61.22,-127.80,-118.14,-52.51,12.99,-345.49,-44.01,-173.22,-88.44,-110.56,-28.00,-224.26,-93.49,-322.80,-281.71,-129.11,-84.11,-219.40,-73.67,-71.48,-47.91,-136.05,-250.29,-108.72,-270.88,-283.01,-53.90,-62.16,-43.82,-32.20,-110.30,-32.04,-87.02,-4.25,-90.55,-210.91,-227.14,-120.75,-69.39,-111.04,-246.27,-210.31,-255.70,-74.47,-92.65,-93.17,13.02,-45.88,-153.77,-230.66,-215.04,-253.05,-449.56,-87.10,-170.79,-86.29,-117.32,-30.95,-42.71,-100.13,-199.59,-282.62,-90.80,-65.87,-145.64,-28.42,-154.83,-235.30,-101.53,-52.85,-68.84,-329.83,-239.55,-30.75,-166.52,-50.15,-49.56,-85.68,-7.71,-92.29,-47.58,-265.86,-243.44,-91.46,-173.08,-167.21,-243.44,-127.01,-137.91,-104.38,-135.57,-57.08,-247.89,-282.06,-37.80,-144.64,-289.23,-17.55,-88.59,-64.22,-206.48,-290.78,-52.84,-159.92,3.57,-123.66,-36.69,-81.64,-50.48,-191.66,-334.50,-196.42,-11.09,-87.38,-96.05,-213.65,-19.48,-73.19,-33.99,-56.20,-91.82,-107.30,-382.42,-20.96,-125.10,-42.76,-180.31,-164.57,-86.68,-419.22,-266.35,-261.84,-75.60,-269.04,-94.48,22.90,-32.51,-56.61,-131.91,-172.08,-94.88,-103.46,-62.85,-3.31,-48.41,-118.91,159.56,-20.85,-222.15,-88.15,-55.79,-101.80,-106.85,-163.13,-218.67,-179.23,-48.01,-42.30,-46.95,-223.09,-43.65,-56.15,-280.31,-40.62,-39.61,-107.17,1.43,-43.69,-5.45,-24.26,-102.01,-77.30,-296.70,-445.21,-58.97,-224.78,-94.77,-416.31,-97.35,-258.88,-38.16,-147.85,-56.69,-255.65,158.90,-87.70,-125.99,-56.39,-241.98,-58.03,-79.59,-1.73,-166.56,-66.49,-76.95,-151.64,-50.63,-332.01,-255.96,-10.21,-283.49,-77.75,-113.52,-79.16,-347.06,-269.10,-317.69,-47.08,9.44,5.97,-242.16,-86.22,-2.08,-43.64,-86.47,-94.16,-114.46,-31.66,22.87,-135.73,-49.63,-22.96,-44.70,-25.70,-144.99,-47.09,-234.22,-56.83,16.02,-166.58,-89.42,6.93,-47.74,-302.82,3.36,-15.22,-226.33,-105.80,-147.93,-247.27,-342.12,-245.12,-109.80,-34.08,-30.43,-99.20,-59.21,-49.82,-378.73,-334.88,-226.86,-89.61,-34.84,-106.61,-308.48,-262.90,-260.17,-32.26,-16.72,-41.78,-51.05,-137.23,-329.53,31.25,-82.94,-400.06,-423.36,0.10,-32.09,46.45,-191.07,-89.41,-305.69,-129.48,-160.20,-70.30,-154.55,-108.49,-93.23,-76.90,15.23,-24.07,-348.92,-27.67,-169.04,-168.93,-104.95,-380.74,-149.73,-131.94,-213.10,-91.99,-7.22,-246.00,-25.00,-43.84,-216.07,-211.66,-57.27,-33.42,-217.78,-86.35,-45.05,109.19,-10.36,279.66,-30.87,-45.23,-78.92,-26.47,-240.64,-110.01,-61.92,-247.10,-221.70,-112.77,-90.53,-315.93,-128.90,-293.39,104.79,-75.75,-141.66,6.75,-76.13,-280.42,,,,,,,,,,,,,,,,,,,,,,,,,,,
92.00,201.00,280.00,403.00,516.00,576.00,665.00,779.00,865.00,971.00,1093.00,1169.00,1242.00,1348.00,1417.00,1491.00,1590.00,1656.00,1730.00,1849.00,1972.00,2046.00,2180.00,2275.00,2348.00,2487.00,2593.00,2710.00,2773.00,2897.00,2992.00,3085.00,3232.00,3338.00,3462.00,3565.00,3632.00,3740.00,3820.00,3906.00,4022.00,4134.00,4219.00,4305.00,4416.00,4533.00,4672.00,4741.00,4860.00,4983.00,5059.00,5140.00,5243.00,5312.00,5414.00,5535.00,5618.00,5715.00,5802.00,5919.00,6024.00,6092.00,6164.00,6235.00,6339.00,6437.00,6537.00,6635.00,6815.00,6961.00,7032.00,7131.00,7200.00,7290.00,7422.00,7512.00,7676.00,7791.00,7895.00,8002.00,8116.00,8192.00,8285.00,8434.00,8573.00,8689.00,8783.00,8886.00,8964.00,9090.00,9191.00,9310.00,9402.00,9490.00,9632.00,9769.00,9872.00,9999.00,10087.00,10185.00,10298.00,10420.00,10525.00,10602.00,10708.00,10775.00,10839.00,10945.00,11036.00,11109.00,11296.00,11364.00,11455.00,11569.00,11681.00,11834.00,11976.00,12061.00,12207.00,12318.00,12416.00,12525.00,12598.00,12668.00,12799.00,12928.00,13042.00,13141.00,13331.00,13442.00,13646.00,13746.00,13830.00,13967.00,14055.00,14215.00,14320.00,14496.00,14638.00,14772.00,14852.00,14917.00,15088.00,15215.00,15354.00,15435.00,15608.00,15770.00,15889.00,16056.00,16136.00,16268.00,16406.00,16574.00,16718.00,16803.00,16897.00,17022.00,17147.00,17296.00,17409.00,17516.00,17641.00,17753.00,18007.00,18117.00,18237.00,18336.00,18594.00,18716.00,18821.00,19092.00,19184.00,19366.00,19545.00,19745.00,19897.00,20009.00,20402.00,20543.00,20740.00,20877.00,20940.00,21224.00,21326.00,21499.00,21761.00,22145.00,22272.00,22763.00,22855.00,22961.00,23134.00,23317.00,23489.00,23576.00,23765.00,23912.00,24055.00,24143.00,24315.00,24413.00,24552.00,24719.00,24839.00,25090.00,25207.00,25318.00,25430.00,25589.00,25713.00,25853.00,26006.00,26133.00,26260.00,26390.00,26645.00,26834.00,27061.00,27158.00,27422.00,27577.00,27791.00,27967.00,28133.00,28233.00,28433.00,28701.00,28850.00,29034.00,29384.00,29570.00,29764.00,29894.00,29987.00,30082.00,30262.00,30431.00,30548.00,30654.00,30877.00,31032.00,31140.00,31308.00,31430.00,31597.00,31724.00,31925.00,32158.00,32305.00,32457.00,32557.00,32685.00,32813.00,32996.00,33181.00,33329.00,33430.00,33593.00,33704.00,33822.00,34010.00,34197.00,34294.00,34430.00,34646.00,34759.00,34969.00,35091.00,35273.00,35429.00,35617.00,35723.00,35876.00,35998.00,36120.00,36252.00,36353.00,36446.00,36544.00,36635.00,36759.00,36895.00,37031.00,37191.00,37341.00,37457.00,37609.00,37792.00,37939.00,38050.00,38192.00,38288.00,38478.00,38589.00,38711.00,38824.00,38942.00,39082.00,39150.00,39335.00,39449.00,39539.00,39725.00,39835.00,39975.00,40084.00,40237.00,40370.00,40612.00,40730.00,40903.00,41403.00,41663.00,41789.00,41907.00,42030.00,42124.00,42261.00,42335.00,42465.00,42734.00,42856.00,42974.00,43085.00,43293.00,43422.00,43539.00,43643.00,43800.00,43953.00,44032.00,44143.00,44440.00,44542.00,44647.00,44749.00,44865.00,44993.00,45091.00,45195.00,45337.00,45467.00,45581.00,45705.00,45872.00,46372.00,46571.00,47003.00,47110.00,47206.00,47334.00,47419.00,47542.00,47691.00,47807.00,47962.00,48077.00,48260.00,48387.00,48573.00,48665.00,48755.00,49255.00,49469.00,49619.00,49725.00,49865.00,50071.00,,,,,,,,,,,,,,,,,,,,,,,,,,,
-92.87,-78.91,-332.09,-234.28,-172.05,-73.72,-477.17,-87.30,-103.66,-60.81,-406.70,-406.30,-257.47,-230.00,-118.81,-289.14,-118.06,-209.33,-240.50,-171.42,-132.93,-44.50,-277.46,-244.33,-101.69,-82.22,-298.36,-89.87,-70.87,-165.76,-401.18,-415.06,-153.02,-55.07,-66.71,-110.97,-71.32,-420.24,-299.59,-170.94,0.37,-85.79,-95.89,-83.72,-59.03,-97.72,-204.51,-61.01,-107.97,-71.85,-312.24,-119.96,-188.57,-103.06,-123.82,-164.00,-113.14,-155.60,-142.87,-69.69,-234.25,-51.85,-81.62,-121.54,-70.23,-65.29,-110.02,-53.61,-136.88,-65.66,-370.84,-85.20,-381.30,-96.18,-153.01,-129.89,-131.27,-76.34,-77.16,-99.18,-85.53,-102.74,-114.80,-262.56,-120.70,-78.50,-89.29,-217.37,-91.40,-115.62,-93.55,-109.38,-40.50,-200.58,-90.99,-85.15,-158.14,-98.60,-9.74,-60.37,-22.42,-308.10,-86.32,-341.34,-94.77,-31.41,-36.42,-247.09,27.38,-248.07,-79.75,-119.46,-105.16,-117.28,-93.17,-157.93,-46.72,-300.72,-68.39,34.09,-125.07,-84.13,-64.94,-15.98,-108.46,-153.35,-156.06,-57.72,-16.13,-271.06,12.63,-14.28,-0.59,-236.54,-162.52,-139.85,-28.28,-23.47,-27.86,-58.99,-102.63,-189.54,-97.96,-35.66,-193.88,-545.63,-184.37,-30.03,-58.40,-40.27,-158.61,-204.37,-5.18,-30.68,-285.40,-260.82,-83.36,-64.24,-115.26,-81.24,-47.31,-112.66,42.66,-70.90,-200.20,-61.53,-94.98,-134.18,-21.03,-22.08,-39.86,-283.76,-153.96,-472.38,-260.57,-364.64,-207.33,22.06,-653.86,-218.34,-95.25,-117.29,-53.36,-140.21,-170.94,-112.84,-429.46,-44.59,-68.76,-135.09,-120.43,-137.82,-106.64,-94.94,-295.42,-11.98,-96.99,-13.79,-324.62,-93.49,-33.10,-42.12,-122.24,-199.56,-44.07,-158.28,-156.54,-86.08,-109.42,-44.73,-168.27,-103.33,-39.36,-30.00,-73.20,-73.37,-56.05,-95.19,-96.03,-60.16,-78.65,-215.14,5.55,-114.50,-188.66,-95.55,-233.93,-26.90,-36.48,-111.60,0.23,-46.93,-19.41,-13.83,-228.49,-226.78,-46.87,-111.02,-268.52,-23.41,-362.68,-206.20,-107.03,-62.62,-128.03,-76.44,-87.77,-113.05,-28.97,-292.33,-28.92,-226.41,-330.38,-141.28,-169.89,-30.05,-104.87,-115.78,-50.50,-323.05,-72.72,-230.15,-129.77,-60.24,-105.16,-155.33,-93.39,-189.51,-50.15,-162.76,-89.51,-323.78,-62.50,-81.10,-246.45,-49.29,-7.99,167.21,-41.46,-25.27,-123.57,8.99,32.56,-35.07,-165.27,-252.87,-75.22,-14.62,-61.35,-55.36,-245.94,-49.85,-7.34,-358.21,-32.46,-249.54,-77.54,-177.81,-90.96,-11.89,8.21,-318.10,-40.53,-236.85,-42.95,-89.59,-189.30,-36.96,-116.93,-393.98,-45.60,4.57,-0.58,-78.28,-63.51,-38.16,15.75,-26.63,-109.32,-120.03,-252.75,-162.89,-100.00,-36.63,-143.79,-186.86,155.25,-243.48,-10.42,3.33,-90.93,-89.34,-32.34,-258.44,-20.26,-39.30,-37.78,-215.42,-42.48,-23.88,-264.22,-220.86,-131.01,-42.03,-313.69,-99.70,47.77,-132.53,56.20,-210.55,-122.19,-28.42,-194.41,-35.66,-63.29,-19.59,-319.22,-43.87,-224.06,-76.77,-102.16,-3.82,-106.78,-111.78,-298.59,-76.05,-122.60,-176.11,271.20,,,,,,,,,,,,,,,,,,,,,,,,,,,
93.00,169.00,282.00,349.00,472.00,539.00,655.00,729.00,801.00,866.00,975.00,1075.00,1199.00,1269.00,1381.00,1472.00,1545.00,1626.00,1747.00,1823.00,1953.00,2029.00,2124.00,2207.00,2282.00,2409.00,2493.00,2569.00,2637.00,2728.00,2848.00,2995.00,3068.00,3134.00,3203.00,3270.00,3357.00,3461.00,3578.00,3697.00,3807.00,3904.00,4009.00,4148.00,4246.00,4344.00,4428.00,4506.00,4629.00,4719.00,4808.00,4901.00,4973.00,5041.00,5134.00,5253.00,5337.00,5434.00,5550.00,5625.00,5733.00,5804.00,5895.00,6020.00,6087.00,6167.00,6231.00,6381.00,6495.00,6609.00,6690.00,6765.00,6867.00,6989.00,7090.00,7183.00,7278.00,7383.00,7462.00,7546.00,7661.00,7756.00,7826.00,7937.00,8036.00,8149.00,8238.00,8334.00,8430.00,8521.00,8683.00,8777.00,8876.00,9017.00,9135.00,9253.00,9373.00,9474.00,9609.00,9687.00,9769.00,9883.00,10013.00,10120.00,10184.00,10290.00,10405.00,10538.00,10629.00,10736.00,10846.00,10914.00,11043.00,11149.00,11268.00,11349.00,11465.00,11734.00,11850.00,11940.00,12034.00,12217.00,12344.00,12483.00,12620.00,12708.00,12805.00,12905.00,13066.00,13191.00,13351.00,13491.00,13629.00,13794.00,13958.00,14095.00,14175.00,14287.00,14426.00,14548.00,14834.00,14995.00,15154.00,15244.00,15401.00,15532.00,15611.00,15745.00,15892.00,16032.00,16131.00,16241.00,16397.00,16559.00,16668.00,16931.00,17028.00,17163.00,17430.00,17590.00,17767.00,17879.00,18017.00,18324.00,18416.00,18538.00,18720.00,19038.00,19169.00,19298.00,19423.00,19538.00,19709.00,19884.00,19998.00,20118.00,20223.00,20326.00,20826.00,20959.00,21050.00,21168.00,21269.00,21552.00,21705.00,21822.00,21980.00,22131.00,22241.00,22371.00,22492.00,22631.00,22765.00,22864.00,22986.00,23197.00,23303.00,23439.00,23589.00,23684.00,23873.00,23982.00,24160.00,24316.00,24435.00,24546.00,24736.00,24950.00,25064.00,25231.00,25433.00,25541.00,25695.00,25840.00,26044.00,26245.00,26435.00,26615.00,26733.00,26861.00,26973.00,27161.00,27314.00,27461.00,27702.00,27804.00,27926.00,28097.00,28292.00,28435.00,28590.00,28677.00,28778.00,28902.00,28997.00,29226.00,29352.00,29497.00,29653.00,29849.00,30164.00,30406.00,30530.00,30713.00,30854.00,31020.00,31180.00,31306.00,31415.00,31680.00,31853.00,31979.00,32163.00,32308.00,32451.00,32579.00,32690.00,32777.00,32901.00,33078.00,33232.00,33352.00,33441.00,33571.00,33720.00,33805.00,33936.00,34014.00,34164.00,34288.00,34488.00,34603.00,34714.00,34829.00,34955.00,35160.00,35596.00,36096.00,36206.00,36308.00,36417.00,36509.00,36661.00,36864.00,37008.00,37100.00,37196.00,37307.00,37424.00,37721.00,37976.00,38124.00,38222.00,38401.00,38518.00,38702.00,38892.00,39021.00,39174.00,39343.00,39577.00,39773.00,39962.00,40081.00,40201.00,40351.00,40659.00,40780.00,40865.00,40959.00,41097.00,41280.00,41464.00,41656.00,41848.00,42096.00,42225.00,42382.00,42481.00,42621.00,42783.00,42938.00,43195.00,43377.00,43519.00,43675.00,44074.00,44294.00,44552.00,44648.00,44776.00,44898.00,45022.00,45128.00,45256.00,45353.00,45486.00,45596.00,45706.00,45831.00,46058.00,46195.00,46360.00,46542.00,46661.00,46760.00,47011.00,47246.00,47393.00,47499.00,47721.00,47818.00,47909.00,48044.00,48152.00,48272.00,48420.00,48556.00,48661.00,48837.00,48971.00,49082.00,49252.00,49353.00,49510.00,49700.00,49794.00,49968.00,50405.00,,,,,,,,,,,,,,,,,,,,,,,,,,,
-358.21,-396.15,-141.54,-358.23,-455.79,-468.58,-263.26,-223.51,-208.95,-107.85,-84.96,-80.95,-72.48,22.11,-390.09,-128.71,-77.44,-125.54,-246.09,-278.71,-301.78,-124.14,-124.04,-151.14,28.61,-60.56,-100.08,-39.42,-150.50,-79.44,-137.95,-386.09,-147.93,-374.58,-238.55,-196.50,-97.29,-144.77,-51.01,-68.65,-174.60,-73.82,-149.39,-267.92,-127.71,-89.63,-45.56,-80.93,-104.99,-104.02,-162.14,-112.19,7.96,-181.56,-47.01,-148.79,-55.83,-78.09,-297.40,-84.89,-99.64,-168.00,-116.57,-70.24,-176.10,-81.70,12.24,-35.12,-10.86,-183.29,-84.55,-281.14,-49.02,-93.80,-255.53,-142.53,-207.26,-67.92,-70.21,-45.67,-107.29,-184.77,-260.48,-142.14,-52.54,-67.23,-139.78,-133.15,-236.60,-161.61,-285.13,-65.31,-198.84,-86.47,-44.92,-74.17,-100.51,-566.08,-122.34,-92.51,5.10,-88.70,-59.40,-233.34,-41.78,-151.00,-7.86,-337.59,-363.88,-59.41,-19.73,-373.25,-50.49,-290.92,-80.08,-77.70,-237.33,-60.23,-24.14,-66.44,-48.67,-241.05,-59.74,-192.15,-80.49,-148.14,-110.00,-11.00,-42.65,-2.67,-110.45,-99.19,-20.44,-69.11,-78.71,-401.62,-69.78,-32.61,-259.81,-69.87,-242.32,-312.33,-46.29,-54.44,-185.89,-18.55,-185.84,-147.30,-152.02,47.16,-178.67,-35.04,8.04,-244.71,-78.46,-65.67,-296.17,-16.32,30.34,-23.76,-78.96,-149.46,-115.68,-244.54,25.48,-62.54,-141.53,-311.57,-134.83,-44.41,-30.27,-90.79,-73.12,-164.75,-602.56,-46.19,-90.50,-204.72,-76.60,-225.74,-121.32,-43.12,-86.07,-237.27,-39.23,-228.72,-242.23,-42.54,20.36,-51.87,-197.09,-114.36,-244.92,-33.14,-127.79,-124.56,-38.22,-211.74,-65.52,-173.51,-42.02,41.33,0.44,-538.49,-363.54,-290.42,-458.15,-37.52,-21.15,-141.03,-23.22,-71.09,-32.61,-230.19,31.50,-253.27,-207.28,-154.52,-72.93,-389.79,-159.27,-215.56,-28.33,-193.81,-60.99,0.12,-88.74,-253.82,-103.25,-73.03,127.11,-405.73,-46.16,-91.28,-15.96,-183.69,-243.61,-16.76,-95.17,-57.68,-204.21,-217.56,-102.33,23.70,-119.66,-55.83,26.89,-310.68,-21.48,-103.52,-63.76,-83.06,-231.35,-131.39,-20.70,-63.44,12.46,-117.99,-38.85,-209.96,-65.99,-215.29,-66.64,278.78,-121.50,-50.76,-105.66,-87.75,-78.17,29.40,-61.36,-174.05,-114.95,-61.71,-38.19,-93.24,-299.07,-352.46,-28.14,-152.92,-84.14,-153.92,-50.71,-67.44,-42.54,-114.69,-397.23,-15.14,-240.48,-323.03,-49.72,-281.13,-185.80,-212.41,7.19,-67.15,1.10,-262.45,-293.80,-68.48,-212.97,13.13,-85.13,-46.99,-59.63,-57.04,-187.75,-70.77,-210.25,-121.90,-280.45,-360.83,-226.42,-65.34,-48.23,-113.36,-87.30,-16.38,-23.68,-222.73,-245.67,-47.38,-179.08,-103.48,-137.41,4.84,-183.84,-100.43,-37.43,-197.63,-155.79,-95.18,-10.98,-92.39,-36.62,-94.73,-203.04,-186.90,-226.60,-131.55,-87.31,-42.25,-86.32,-135.41,-263.70,-141.18,-72.23,-389.31,-58.44,-149.99,-92.64,-172.46,-186.61,-56.21,-104.39,-55.17,-41.09,18.09,-155.81,-60.06,-142.30,-0.62,,,,,,,,,,,,,,,,,,,,,,,,,,,,,,,,,,
105.00,205.00,292.00,420.00,519.00,616.00,737.00,806.00,883.00,969.00,1031.00,1165.00,1272.00,1361.00,1452.00,1538.00,1602.00,1679.00,1769.00,1859.00,1968.00,2082.00,2196.00,2301.00,2436.00,2528.00,2606.00,2679.00,2801.00,2888.00,3013.00,3124.00,3218.00,3338.00,3433.00,3538.00,3637.00,3745.00,3867.00,3985.00,4095.00,4176.00,4245.00,4321.00,4399.00,4480.00,4595.00,4664.00,4789.00,4875.00,4976.00,5038.00,5101.00,5218.00,5289.00,5381.00,5500.00,5556.00,5673.00,5748.00,5809.00,5886.00,5948.00,6048.00,6148.00,6229.00,6377.00,6493.00,6624.00,6772.00,6832.00,6922.00,7012.00,7112.00,7235.00,7335.00,7449.00,7525.00,7615.00,7717.00,7811.00,7901.00,8028.00,8110.00,8208.00,8289.00,8363.00,8462.00,8579.00,8673.00,8800.00,8975.00,9088.00,9190.00,9300.00,9442.00,9561.00,9720.00,9823.00,9897.00,10038.00,10199.00,10308.00,10416.00,10550.00,10658.00,10782.00,10905.00,11066.00,11161.00,11250.00,11360.00,11517.00,11608.00,11709.00,11801.00,11888.00,12027.00,12109.00,12180.00,12282.00,12390.00,12472.00,12615.00,12728.00,12806.00,12886.00,13026.00,13107.00,13222.00,13314.00,13424.00,13567.00,13688.00,13793.00,13949.00,14132.00,14256.00,14370.00,14477.00,14734.00,14869.00,14974.00,15122.00,15231.00,15355.00,15450.00,15575.00,15739.00,15870.00,16111.00,16221.00,16354.00,16483.00,16645.00,16872.00,17022.00,17168.00,17313.00,17475.00,17782.00,17928.00,18155.00,18282.00,18439.00,18562.00,18669.00,18908.00,19110.00,19211.00,19384.00,19494.00,19605.00,19721.00,19798.00,19909.00,20346.00,20458.00,20555.00,20768.00,20886.00,21080.00,21233.00,21336.00,21458.00,21716.00,21910.00,22094.00,22265.00,22403.00,22899.00,23055.00,23288.00,23399.00,23472.00,23583.00,23710.00,23849.00,23953.00,24091.00,24250.00,24404.00,24484.00,24734.00,24916.00,25071.00,25248.00,25387.00,25565.00,25744.00,25902.00,26095.00,26256.00,26403.00,26579.00,26758.00,26928.00,27034.00,27245.00,27341.00,27577.00,27702.00,27821.00,27902.00,28006.00,28135.00,28379.00,28554.00,28684.00,28877.00,29377.00,29504.00,29612.00,29769.00,29879.00,29987.00,30257.00,30361.00,30482.00,30651.00,30821.00,30940.00,31072.00,31276.00,31412.00,31519.00,31625.00,31792.00,31926.00,32053.00,32177.00,32402.00,32577.00,32768.00,32892.00,33124.00,33255.00,33502.00,33629.00,33782.00,33890.00,34007.00,34285.00,34570.00,34720.00,34812.00,34942.00,35026.00,35215.00,35420.00,35568.00,35662.00,35808.00,36007.00,36142.00,36275.00,36437.00,36631.00,36760.00,36935.00,37101.00,37239.00,37399.00,37538.00,37715.00,37843.00,38204.00,38332.00,38608.00,38836.00,38950.00,39174.00,39372.00,39480.00,39592.00,39678.00,39788.00,40020.00,40175.00,40294.00,40521.00,40719.00,40914.00,41057.00,41226.00,41360.00,41656.00,41815.00,41938.00,42041.00,42192.00,42369.00,42528.00,42651.00,42789.00,42868.00,42986.00,43152.00,43258.00,43404.00,43556.00,43721.00,43832.00,43979.00,44135.00,44272.00,44451.00,44635.00,44883.00,45035.00,45226.00,45415.00,45536.00,45660.00,45848.00,46002.00,46138.00,46254.00,46441.00,46623.00,46848.00,47008.00,47150.00,47253.00,47454.00,47694.00,47986.00,48092.00,48220.00,48300.00,48473.00,48645.00,48850.00,48998.00,49158.00,49265.00,49357.00,49510.00,49638.00,49778.00,49925.00,50036.00,,,,,,,,,,,,,,,,,,,,,,,,,,,,,,,,,,
-434.91,-169.66,-349.95,-125.44,-289.05,-232.99,-9.26,-385.76,-179.94,-97.45,-99.49,-202.95,-240.66,-346.07,-127.02,-121.53,-102.36,-124.54,-286.63,-263.28,-120.75,-130.85,-258.05,-145.47,-202.78,-39.22,-39.38,-100.34,-117.45,-108.85,-83.02,-92.79,-100.86,-212.56,-11.68,-70.63,-313.32,-247.22,-108.90,-75.45,-169.31,-84.40,-124.30,-52.83,-101.28,-183.24,-162.48,-117.34,-199.50,-40.35,-141.82,-252.43,-46.70,-137.44,-160.01,-239.49,-81.37,-100.85,-135.87,-213.22,-342.87,-174.04,-82.85,-79.04,-224.93,-94.59,-51.55,-84.54,-113.55,-26.36,-76.14,-76.05,-42.16,-116.20,-44.86,-147.78,-130.76,21.82,-121.01,-93.36,-139.30,-152.02,-612.28,-229.96,-57.34,-127.96,-211.35,-237.38,-36.49,-85.38,-147.39,-45.64,-184.39,-86.29,-364.88,-66.73,-188.23,-242.91,-118.50,-36.00,-216.27,-60.10,-314.85,-55.76,13.80,-155.00,-289.91,-199.34,-275.21,-237.54,-148.83,-219.84,-87.15,-84.18,116.30,-136.71,-107.08,-117.56,-267.62,-32.90,-111.57,-87.95,-212.48,-244.71,-62.95,-207.38,-117.23,-95.71,-101.03,-237.45,-87.64,-52.46,16.58,-61.44,-103.29,-58.00,-134.03,-205.25,-50.42,-84.63,-115.06,112.16,-124.15,-204.70,9.23,-233.53,-424.96,-235.73,-98.08,-32.92,-47.16,-318.79,-141.25,-162.24,36.08,-281.57,-57.89,-259.48,-63.25,-17.24,-126.04,-67.47,-153.65,-193.77,-54.92,-263.78,-71.85,-240.02,-218.59,-233.43,167.55,-312.74,-202.85,-227.87,-309.56,-155.74,-159.01,-167.03,-261.75,-117.38,-146.57,-74.32,-41.07,-17.32,-137.54,-342.27,-20.89,-72.05,-517.21,-328.61,-367.52,-23.17,-122.25,-238.85,-238.85,-53.96,14.69,-354.07,-14.43,-249.94,-101.94,-78.58,-83.38,-195.64,-54.83,12.95,-120.46,-79.40,-196.41,-77.43,33.80,-93.98,-173.46,-72.55,-64.12,-161.32,-24.46,-336.60,-187.83,-20.60,-96.07,-105.99,-52.04,-73.59,-141.86,-469.78,-148.95,-120.83,-12.85,-136.01,-26.28,-49.95,-66.09,-36.82,-250.13,-43.25,-258.91,7.41,22.96,-56.26,-83.89,-274.21,-240.15,-34.78,-33.11,-410.87,-260.15,-308.27,187.38,-119.01,-95.80,-74.56,-1.44,-88.21,-252.49,-298.99,-83.81,-62.66,-235.08,16.39,-123.04,-328.46,-126.22,-61.30,-71.61,-77.19,-164.26,-275.90,-163.59,-76.22,-298.10,-116.18,-71.84,34.47,-59.60,-201.02,-226.05,-90.27,-90.69,-169.56,-30.14,-320.42,6.36,-265.24,-373.09,-201.01,-127.47,-117.73,-74.33,-63.44,-327.62,-200.95,-75.20,-121.59,-8.23,-32.84,-189.42,-245.12,-84.49,-183.00,-34.84,95.72,-232.84,-5.32,-263.97,-167.78,-231.75,-380.66,-172.01,-42.37,-228.41,-85.22,-164.43,-167.59,-295.99,-199.55,-65.36,-259.09,-211.75,-194.50,-308.41,-295.88,1.97,-84.24,-288.79,-119.62,-41.30,-289.17,-167.15,-265.33,-306.17,-92.76,-124.04,27.44,240.43,-79.17,-57.21,-36.55,-67.59,-14.95,-31.14,-166.96,-112.74,-232.13,-36.04,-35.66,-288.32,0.00,-82.23,-7.12,-365.98,3.35,-211.00,-152.74,-64.62,-28.75,-60.53,-166.66,-75.51,-84.08,11.98,-339.70,-175.65,0.02,-117.94,-38.91,-0.25,-279.46,-150.41,-60.27,-189.94,-2.15,-256.50,-224.77,-78.23,-138.56,-31.44,32.04,228.19,,,,,,,,,,,,,,,,,
117.00,214.00,288.00,397.00,493.00,585.00,736.00,841.00,944.00,1013.00,1085.00,1187.00,1276.00,1386.00,1460.00,1544.00,1613.00,1704.00,1795.00,1913.00,2021.00,2150.00,2238.00,2304.00,2412.00,2486.00,2631.00,2720.00,2815.00,2928.00,2988.00,3054.00,3125.00,3206.00,3315.00,3382.00,3497.00,3606.00,3681.00,3774.00,3865.00,3947.00,4054.00,4120.00,4235.00,4362.00,4439.00,4548.00,4657.00,4733.00,4811.00,4920.00,5039.00,5147.00,5256.00,5414.00,5487.00,5605.00,5718.00,5804.00,5957.00,6080.00,6162.00,6245.00,6346.00,6413.00,6497.00,6586.00,6696.00,6870.00,6972.00,7092.00,7217.00,7336.00,7433.00,7533.00,7653.00,7768.00,7830.00,7925.00,8016.00,8136.00,8272.00,8389.00,8461.00,8568.00,8687.00,8785.00,8879.00,8970.00,9039.00,9153.00,9261.00,9370.00,9489.00,9562.00,9673.00,9781.00,9887.00,9969.00,10061.00,10151.00,10256.00,10382.00,10536.00,10642.00,10803.00,11108.00,11231.00,11338.00,11451.00,11547.00,11627.00,11692.00,12192.00,12284.00,12385.00,12485.00,12594.00,12663.00,12766.00,12847.00,12969.00,13078.00,13156.00,13292.00,13422.00,13509.00,13609.00,13704.00,13778.00,13850.00,13938.00,14017.00,14171.00,14256.00,14405.00,14530.00,14707.00,14845.00,14998.00,15498.00,15575.00,15669.00,15746.00,15903.00,16004.00,16102.00,16207.00,16316.00,16437.00,16535.00,16783.00,16917.00,17101.00,17336.00,17447.00,17591.00,17706.00,17791.00,17894.00,18124.00,18189.00,18302.00,18436.00,18701.00,18881.00,19050.00,19148.00,19445.00,19945.00,20063.00,20134.00,20264.00,20353.00,20493.00,20589.00,20751.00,20896.00,21079.00,21284.00,21359.00,21552.00,21674.00,22087.00,22217.00,22394.00,22618.00,22769.00,22862.00,23005.00,23085.00,23177.00,23392.00,23493.00,23611.00,23735.00,23939.00,24063.00,24357.00,24459.00,24690.00,24801.00,24941.00,25015.00,25117.00,25254.00,25357.00,25526.00,25775.00,25869.00,25942.00,26060.00,26192.00,26471.00,26597.00,26709.00,26898.00,27071.00,27162.00,27307.00,27391.00,27567.00,27691.00,27827.00,27937.00,28098.00,28219.00,28331.00,28433.00,28639.00,28716.00,28976.00,29112.00,29276.00,29353.00,29538.00,29666.00,29780.00,29906.00,30018.00,30133.00,30287.00,30435.00,30526.00,30638.00,30789.00,30886.00,31273.00,31532.00,31612.00,31704.00,31859.00,32110.00,32215.00,32334.00,32443.00,32661.00,32843.00,32968.00,33110.00,33267.00,33377.00,33458.00,33540.00,33684.00,34025.00,34150.00,34297.00,34389.00,34502.00,34683.00,34765.00,34945.00,35021.00,35132.00,35259.00,35385.00,35488.00,35708.00,35813.00,35958.00,36122.00,36236.00,36466.00,36585.00,36754.00,36913.00,37092.00,37210.00,37357.00,37498.00,37598.00,37800.00,37930.00,38060.00,38304.00,38439.00,38654.00,38804.00,38930.00,39430.00,39558.00,39722.00,39979.00,40239.00,40336.00,40486.00,40615.00,40772.00,40920.00,40997.00,41146.00,41210.00,41366.00,41482.00,41594.00,41689.00,41833.00,41996.00,42138.00,42279.00,42393.00,42543.00,42805.00,42905.00,42990.00,43092.00,43194.00,43325.00,43558.00,43704.00,43841.00,44023.00,44405.00,44560.00,44646.00,44723.00,44795.00,44963.00,45083.00,45240.00,45359.00,45475.00,45608.00,45760.00,45861.00,46028.00,46149.00,46232.00,46362.00,46451.00,46570.00,46787.00,46871.00,46966.00,47063.00,47174.00,47274.00,47396.00,47570.00,47747.00,47865.00,47988.00,48107.00,48238.00,48354.00,48539.00,48688.00,48805.00,48915.00,49001.00,49163.00,49281.00,49376.00,49457.00,49570.00,49714.00,50123.00,,,,,,,,,,,,,,,,,
-81.12,-194.71,-306.19,-419.70,-178.47,-182.68,-82.26,-138.42,-124.24,-134.90,-136.12,-225.35,-247.47,-134.78,-123.20,-157.58,-113.11,-281.79,-275.63,-231.20,-212.23,-123.29,-186.19,-108.03,-80.83,-222.11,-83.94,-128.46,-102.05,-93.08,-222.07,-55.69,-263.21,-195.59,-153.19,-161.93,-120.37,-227.88,-70.64,-73.79,-70.54,-128.96,-144.02,-299.74,-16.30,-144.16,-115.47,-225.41,-84.07,-116.16,-113.14,-72.39,-66.33,-85.13,-128.04,-117.62,-279.62,-61.21,-91.33,-95.15,-119.34,-272.56,-96.89,-76.79,-85.58,-105.36,-156.10,-158.29,-114.90,-53.21,-84.53,-266.70,-169.92,-107.45,-145.79,-239.72,-226.80,-51.99,-250.37,-83.54,-82.51,-46.46,-94.52,-94.32,-56.96,-80.60,-83.72,-25.22,-165.37,-138.31,-41.51,-400.12,-84.65,-55.50,-186.18,-71.18,-148.87,-115.72,-130.70,-62.36,-158.85,-50.12,-205.25,-92.37,-441.69,-84.69,-102.42,-54.44,-95.69,-34.48,-83.83,-172.61,-74.34,-199.75,-383.08,-82.91,-36.74,39.22,-248.40,-193.01,-42.50,-51.01,-290.19,-184.78,-82.38,-51.22,-59.26,-220.48,-304.15,-59.43,-28.70,-21.40,-70.54,-190.83,-51.43,-106.80,-185.49,-67.99,-321.64,-57.50,-10.82,-119.15,-78.11,-158.97,-70.82,-230.64,-72.64,-19.61,-40.90,-166.09,-18.59,-225.25,-197.43,-198.53,-283.62,-253.62,-209.85,-143.39,2.20,-332.10,-180.05,-114.80,-99.01,22.93,-94.30,-345.10,129.02,-64.66,15.66,-27.99,-318.92,-29.24,-167.90,-364.23,-39.93,-116.33,-11.29,8.12,-11.72,19.32,-69.30,-4.89,-218.64,-282.58,-243.76,-221.33,-176.15,-186.94,-113.39,-508.41,-441.29,-46.15,-148.37,-296.04,-80.91,-37.55,-363.21,-83.51,-122.47,-22.80,-156.58,-218.34,254.46,-167.55,-198.00,-219.11,66.49,-6.50,-32.58,-158.39,-151.49,-242.26,-25.90,-54.37,30.08,-108.01,-244.54,-64.24,-74.01,-52.45,-158.20,-131.60,-101.88,-68.16,-334.60,-417.93,-94.32,-279.52,-66.11,-117.58,-170.49,-36.37,-91.54,-50.96,-2.23,-17.68,-181.33,-188.24,-53.41,109.46,-133.12,-444.16,-374.82,-41.97,-49.55,-22.42,-18.84,-115.66,-28.59,-152.44,-59.54,-41.43,-283.52,-268.81,-359.87,-24.06,-86.86,-79.31,-24.89,-269.82,-356.20,-133.24,-251.69,-200.27,-34.95,-119.75,-189.40,-30.37,-24.63,9.45,-305.50,-74.80,-156.99,-147.69,-209.18,-321.28,-235.19,-24.73,-84.43,-57.60,-256.47,-234.70,-131.53,-46.02,-128.08,-56.36,-136.37,-1.69,-43.21,-133.31,-323.17,-68.40,11.18,15.05,-282.49,-98.21,-142.42,-31.52,-236.42,-261.68,-276.10,-353.73,-87.87,-103.00,-446.43,-293.56,-61.23,-102.39,-37.33,13.64,-195.61,8.67,-35.41,40.62,-38.45,44.38,-55.05,-109.08,-338.02,-150.57,-111.40,-85.44,-237.54,-238.64,-150.30,3.64,-57.09,-263.33,-152.75,-56.76,34.78,7.17,49.61,17.87,91.78,-154.19,-163.84,-157.87,-145.51,-239.95,-88.32,-139.46,-202.10,-150.82,-313.16,-255.93,-181.59,-235.51,-26.91,-285.63,-77.55,-112.95,-246.24,11.84,-32.16,-155.30,-75.97,-28.81,-50.99,4.35,-217.12,-4.69,-174.37,-276.08,-168.22,-222.42,-47.17,-175.61,-273.41,-48.97,-43.60,-291.40,-260.18,,,,,,,,,,,,,,,,,,,,,,,
66.00,159.00,244.00,339.00,410.00,494.00,569.00,633.00,713.00,826.00,913.00,1004.00,1075.00,1236.00,1344.00,1477.00,1547.00,1672.00,1743.00,1835.00,1936.00,2043.00,2120.00,2243.00,2335.00,2421.00,2480.00,2538.00,2614.00,2715.00,2788.00,2864.00,2947.00,3026.00,3108.00,3226.00,3315.00,3427.00,3511.00,3581.00,3647.00,3747.00,3876.00,4005.00,4094.00,4202.00,4349.00,4463.00,4576.00,4679.00,4750.00,4835.00,4930.00,5019.00,5132.00,5218.00,5313.00,5394.00,5510.00,5609.00,5701.00,5854.00,5966.00,6114.00,6226.00,6353.00,6461.00,6539.00,6655.00,6756.00,6844.00,6945.00,7062.00,7227.00,7312.00,7444.00,7496.00,7655.00,7762.00,7841.00,7946.00,8045.00,8126.00,8229.00,8357.00,8494.00,8594.00,8729.00,8869.00,8963.00,9049.00,9165.00,9293.00,9384.00,9505.00,9650.00,9721.00,9868.00,10032.00,10133.00,10250.00,10379.00,10495.00,10655.00,10767.00,10874.00,10961.00,11053.00,11201.00,11306.00,11523.00,11626.00,11749.00,11899.00,12022.00,12181.00,12271.00,12378.00,12488.00,12632.00,12815.00,12954.00,13084.00,13209.00,13288.00,13407.00,13563.00,13694.00,13902.00,14090.00,14273.00,14372.00,14454.00,14557.00,14709.00,14836.00,14927.00,15049.00,15202.00,15372.00,15549.00,15659.00,16098.00,16252.00,16379.00,16499.00,16570.00,16671.00,16771.00,16963.00,17112.00,17359.00,17443.00,17663.00,17898.00,18023.00,18135.00,18244.00,18422.00,18611.00,18762.00,18856.00,18974.00,19233.00,19393.00,19557.00,20057.00,20200.00,20292.00,20408.00,20621.00,20735.00,20907.00,21152.00,21300.00,21467.00,21615.00,21732.00,21927.00,22053.00,22179.00,22300.00,22598.00,22862.00,22980.00,23159.00,23341.00,23506.00,23768.00,23916.00,24004.00,24127.00,24240.00,24440.00,24615.00,24750.00,24955.00,25040.00,25131.00,25320.00,25428.00,25564.00,26060.00,26173.00,26517.00,26655.00,26829.00,27013.00,27298.00,27508.00,27611.00,27918.00,28048.00,28166.00,28312.00,28415.00,28642.00,28741.00,28848.00,28943.00,29164.00,29275.00,29475.00,29608.00,29748.00,29986.00,30103.00,30278.00,30409.00,30531.00,30647.00,30808.00,30953.00,31119.00,31226.00,31408.00,31580.00,31670.00,31765.00,32265.00,32335.00,32525.00,32639.00,32745.00,32888.00,33021.00,33157.00,33237.00,33366.00,33483.00,33578.00,33675.00,33825.00,33909.00,34056.00,34182.00,34317.00,34554.00,34650.00,34821.00,34926.00,35042.00,35196.00,35340.00,35450.00,35611.00,35753.00,35894.00,35980.00,36065.00,36224.00,36338.00,36419.00,36533.00,36667.00,36857.00,36997.00,37104.00,37222.00,37343.00,37475.00,37607.00,37693.00,37796.00,37860.00,37967.00,38056.00,38186.00,38328.00,38406.00,38491.00,38615.00,38709.00,38814.00,38902.00,39030.00,39100.00,39239.00,39390.00,39467.00,39620.00,39738.00,39826.00,39935.00,40039.00,40156.00,40414.00,40613.00,40696.00,40895.00,41041.00,41144.00,41253.00,41395.00,41495.00,41638.00,41832.00,41920.00,42064.00,42159.00,42253.00,42431.00,42608.00,42852.00,43042.00,43157.00,43339.00,43491.00,43670.00,43773.00,43868.00,43951.00,44103.00,44219.00,44719.00,44852.00,44985.00,45109.00,45259.00,45414.00,45564.00,45721.00,46060.00,46186.00,46345.00,46470.00,46622.00,46781.00,46884.00,47012.00,47227.00,47343.00,47499.00,47652.00,47747.00,47862.00,47936.00,48071.00,48253.00,48367.00,48488.00,48593.00,48698.00,48830.00,49014.00,49139.00,49224.00,49349.00,49494.00,49583.00,49738.00,49882.00,50024.00,,,,,,,,,,,,,,,,,,,,,,,
-183.36,-76.15,-113.39,-89.47,-124.51,-122.96,-117.43,-181.16,-312.35,-7.68,-12.99,-194.18,-233.14,-86.58,-113.97,-76.21,-112.23,-113.48,-148.00,-123.61,-96.55,-131.74,-94.81,-96.16,-175.85,-81.53,-242.05,-107.12,-61.69,-84.13,-72.52,-111.11,38.05,-306.65,-77.92,-170.03,-347.83,-96.79,-105.60,-253.90,-110.38,-219.37,11.00,-211.65,-262.22,-107.61,-35.13,-333.16,-58.09,-79.41,-178.53,-87.44,-110.32,-165.19,-212.44,-142.78,-81.47,-146.51,-269.20,-58.62,-100.57,-115.31,-85.27,-297.41,-47.95,-226.99,-122.40,-177.42,-264.67,-100.20,-103.46,-34.66,-138.76,-195.88,-97.70,-102.28,-163.05,-275.72,-175.21,-63.30,-123.33,-117.55,-154.97,-110.05,-59.10,-128.12,-61.05,-242.77,-89.78,-57.30,-274.63,-106.26,-97.21,-131.92,-224.02,-36.44,-68.37,-117.17,-81.12,-16.63,-32.85,-250.69,-205.46,-93.59,-101.96,-33.70,-50.12,-124.08,-107.28,-277.59,-216.81,-72.30,-108.12,-281.06,-259.86,-85.10,-83.45,-151.54,-30.57,-83.38,-194.24,-27.32,-51.07,-238.61,-55.65,-257.14,-68.04,-211.10,-36.07,-118.84,-44.40,-34.36,-100.97,-222.01,26.75,-174.00,11.89,-241.94,-68.82,-259.78,-242.28,-291.73,-108.88,-59.31,-221.08,-161.30,9.34,50.91,-210.17,-273.85,-132.17,-93.70,-306.24,-233.62,-250.50,-183.78,-409.60,-54.46,-243.24,-46.98,-4.75,-44.56,-174.25,-184.25,-101.22,-202.02,-61.62,-110.34,-93.34,-242.72,-179.65,24.55,-143.89,-310.26,-214.54,-30.73,-49.55,-30.00,-87.67,-81.77,-278.44,11.71,-362.01,-253.42,-260.98,-182.67,-102.17,-182.25,-131.05,99.86,-269.79,-249.33,-11.86,9.71,-2.69,-318.48,16.60,-69.69,-102.71,-58.46,-147.76,-284.45,-267.10,-240.73,-184.91,-168.89,-60.73,-57.58,-65.98,-253.19,-320.27,-58.65,-285.78,-128.00,-80.78,-96.40,-28.02,-67.80,-302.64,-270.64,-214.71,-115.78,-173.15,-164.17,-83.92,-224.51,-152.53,-79.24,-71.43,-67.15,-1.84,-260.76,-25.97,-23.58,-440.02,-233.65,-382.90,-70.43,-514.25,-138.02,-61.63,-65.09,-397.66,-29.22,279.90,-304.88,-39.09,-69.23,-32.06,-32.58,262.44,268.52,-93.69,-84.67,-307.65,-41.48,-323.14,-10.68,-152.53,-22.50,-197.52,-40.22,-262.36,-26.79,-73.91,-190.84,-138.14,163.91,-96.45,-76.44,-198.42,-250.81,7.96,-319.53,-45.87,-69.95,-410.08,-42.00,-178.39,-136.82,-76.67,-42.78,-407.86,-129.59,-195.46,202.50,-139.24,61.95,-100.85,-23.16,-214.67,-45.04,-227.22,277.04,-392.40,-235.69,-54.64,-8.32,-183.88,-31.56,-347.89,25.77,-166.32,-22.35,-20.34,55.38,-77.75,-161.97,-210.96,-234.53,-200.93,-282.77,15.12,-121.02,-115.82,-249.61,-286.63,-195.18,-213.95,-62.70,21.08,-202.20,4.85,-246.54,-359.00,254.17,-223.86,-96.69,-156.53,14.15,-52.15,-70.19,-182.32,-117.77,-206.23,2.63,-65.87,-92.42,-283.95,-30.74,-192.21,-121.04,-264.84,-331.56,-18.83,-8.24,-252.33,-50.58,-47.56,-285.86,-24.95,-33.24,-62.14,-230.03,189.60,,,,,,,,,,,,,,,,,,,,,,,,,,,,,,,,,,,,,,,,,
81.00,150.00,243.00,308.00,403.00,475.00,551.00,677.00,778.00,866.00,958.00,1054.00,1130.00,1196.00,1280.00,1344.00,1457.00,1523.00,1597.00,1679.00,1751.00,1838.00,1962.00,2035.00,2133.00,2206.00,2336.00,2432.00,2498.00,2580.00,2707.00,2787.00,2914.00,3012.00,3107.00,3184.00,3305.00,3374.00,3443.00,3561.00,3668.00,3746.00,3896.00,4000.00,4116.00,4217.00,4308.00,4391.00,4502.00,4569.00,4688.00,4762.00,4847.00,4949.00,5057.00,5145.00,5259.00,5358.00,5447.00,5525.00,5607.00,5668.00,5768.00,5871.00,5991.00,6110.00,6187.00,6265.00,6375.00,6463.00,6566.00,6659.00,6780.00,6857.00,6947.00,7064.00,7156.00,7315.00,7404.00,7485.00,7610.00,7711.00,7788.00,7883.00,7980.00,8095.00,8223.00,8331.00,8427.00,8500.00,8600.00,8713.00,8826.00,8937.00,9094.00,9205.00,9280.00,9385.00,9493.00,9585.00,9717.00,9829.00,9954.00,10053.00,10194.00,10307.00,10443.00,10526.00,10671.00,10812.00,10911.00,11017.00,11122.00,11249.00,11393.00,11513.00,11644.00,11742.00,11851.00,11972.00,12075.00,12241.00,12383.00,12504.00,12666.00,12770.00,12862.00,13004.00,13122.00,13274.00,13397.00,13505.00,13603.00,13726.00,13902.00,14069.00,14171.00,14273.00,14376.00,14478.00,14547.00,14756.00,14853.00,14991.00,15111.00,15240.00,15337.00,15499.00,15707.00,15830.00,15959.00,16079.00,16185.00,16306.00,16401.00,16531.00,16665.00,16783.00,17023.00,17161.00,17281.00,17376.00,17594.00,17715.00,17822.00,17979.00,18082.00,18211.00,18469.00,18599.00,18762.00,18876.00,18993.00,19106.00,19338.00,19560.00,19721.00,19855.00,19979.00,20134.00,20341.00,20505.00,20614.00,20943.00,21076.00,21207.00,21352.00,21472.00,21618.00,22118.00,22336.00,22483.00,22655.00,22760.00,22949.00,23091.00,23181.00,23266.00,23561.00,23676.00,23786.00,24028.00,24126.00,24290.00,24428.00,24526.00,24648.00,24771.00,24876.00,25018.00,25182.00,25306.00,25470.00,25591.00,25676.00,25865.00,26008.00,26126.00,26226.00,26465.00,26719.00,26811.00,26941.00,27061.00,27165.00,27373.00,27483.00,27648.00,27776.00,27937.00,28144.00,28277.00,28503.00,28611.00,28885.00,29131.00,29377.00,29487.00,29762.00,29899.00,29998.00,30171.00,30368.00,30481.00,30787.00,30951.00,31100.00,31195.00,31317.00,31445.00,31710.00,31965.00,32144.00,32402.00,32467.00,32590.00,32788.00,32918.00,33048.00,33143.00,33387.00,33620.00,33795.00,33920.00,34028.00,34179.00,34268.00,34768.00,34922.00,35077.00,35245.00,35510.00,35742.00,35923.00,36140.00,36307.00,36492.00,36622.00,36689.00,36888.00,37156.00,37304.00,37683.00,37824.00,37969.00,38379.00,38523.00,38637.00,38800.00,38978.00,39122.00,39294.00,39442.00,39837.00,40025.00,40204.00,40491.00,40611.00,40744.00,40883.00,41024.00,41186.00,41317.00,41468.00,41600.00,41741.00,41901.00,42376.00,42572.00,42719.00,42860.00,43069.00,43192.00,43292.00,43459.00,43636.00,43784.00,43935.00,44085.00,44276.00,44405.00,44555.00,44672.00,44805.00,44981.00,45360.00,45514.00,45602.00,45711.00,45887.00,46009.00,46127.00,46267.00,46405.00,46562.00,46897.00,47043.00,47166.00,47351.00,47454.00,47594.00,47679.00,47843.00,47979.00,48101.00,48266.00,48415.00,48536.00,48639.00,48807.00,48946.00,49043.00,49240.00,49611.00,50003.00,,,,,,,,,,,,,,,,,,,,,,,,,,,,,,,,,,,,,,,,,
