-183.63,-314.71,-350.48,-61.53,-381.82,-91.45,-112.12,-124.29,-356.10,-223.78,-83.96,-111.94,-157.65,-352.17,-55.07,-213.79,-67.77,-95.89,-275.39,-102.63,-79.47,-109.72,-256.67,-243.28,-118.48,-89.00,-226.14,-175.20,28.83,-168.72,-75.78,-80.01,-96.15,-380.84,-206.65,-464.14,-138.66,-99.83,-135.77,-117.35,-85.32,-206.25,-244.19,-117.45,-104.89,-245.72,-126.27,43.13,-250.73,-94.51,-357.51,-223.23,-108.53,-196.68,-245.00,-199.44,-252.68,-57.18,-228.80,-307.47,-265.05,-379.02,-88.21,-221.47,-154.36,-159.63,-118.97,-163.39,-110.21,-115.47,-86.41,-71.44,-47.47,-414.23,-264.11,-85.32,-95.31,-42.94,-84.58,-143.70,-64.30,-414.66,-64.18,-97.07,-64.47,-216.44,-105.58,-134.11,-80.66,-43.15,-89.26,-148.51,-30.81,-90.00,-117.01,-42.35,-108.44,-58.58,-81.28,-178.32,-12.62,-94.82,-78.15,-66.81,-284.72,-38.34,-121.44,-282.68,-135.93,-133.20,-115.67,-97.53,-105.75,-247.34,-101.27,-110.24,-234.96,-167.59,-602.61,-88.18,-164.21,-49.06,-94.51,-148.79,-90.37,-67.46,-151.54,-36.39,-190.61,-67.95,-246.84,-41.33,-188.93,-467.98,7.50,-185.05,-340.03,-85.58,-129.71,-449.46,-303.07,-114.27,-118.17,-69.37,-282.09,-62.83,-366.25,-27.95,-121.87,-336.60,-44.33,-176.13,-189.30,-351.92,-262.58,-145.68,-152.30,-7.60,-242.88,-160.36,-168.38,-68.84,-87.91,-162.97,-49.68,-142.59,-54.93,-150.29,-93.15,-99.84,-181.11,-109.70,-428.47,-238.58,-133.13,-135.99,-439.09,-330.77,-237.26,-260.37,-53.33,-95.74,-67.05,-69.17,-349.14,-76.67,-293.62,-152.55,-308.56,-143.79,-243.02,-89.25,-446.65,-67.84,-215.05,-287.44,-108.35,-663.40,-127.96,-338.17,-167.20,-66.26,-382.16,-311.99,-4.77,-367.43,-385.32,-327.04,-266.66,-380.14,-610.70,-51.76,-98.01,-353.40,-499.93,-322.06,-183.96,-78.10,-426.78,-88.58,-104.34,-311.20,-127.87,-43.05,-342.25,-250.12,-483.74,-335.68,-383.29,24.31,-280.25,-62.27,-130.31,-258.51,-262.47,13.42,-24.35,-96.94,-271.95,-599.16,-269.39,-69.71,-172.23,-72.91,-384.48,-99.49,-204.04,-276.04,-353.56,-254.37,-314.45,-162.45,-360.64,-226.64,-234.52,-447.61,-98.70,-396.64,-361.58,-587.83,-71.09,-293.50,-72.86,-34.59,-211.16,-395.22,-474.46,-50.67,-105.39,29.52,-115.68,-231.65,-288.95,-415.38,-325.75,-200.75,-449.18,-96.13,-396.07,-198.92,-84.14,-127.61,-347.76,-449.11,-319.49,-118.25,-130.14,-101.04,-45.04,-304.26,-55.71,-310.79,-240.67,-416.27,-197.92,51.09,-24.52,-85.86,2.65,-304.64,-298.11,-129.48,-511.85,-320.50,-223.11,-417.67,-297.48,-373.37,-216.12,-71.48,-424.33,-582.05,18.82,-104.00,-222.54,-339.69,-122.65,-389.16,-77.80,-32.95,-524.43,-110.73,-91.16,-116.32,-357.63,-257.81,-369.64,8.84,-204.90,-38.10,-246.32,-287.58,12.31,-274.61,-104.26,,,,,,,,,,,,,,,,,,,,,,,,,,,,,,,,,,,,,,,,,,,,,,,,,,,,,,,,,,,,,,,,,,,,,,,,,,,,,,,,,,,,,,,,,,,,,,,,,,,,,,,,,,,,,,,,,,,,,,,,,,,,,,,,,,,,,,,,,,,,,,,,,,,,,,,,,,,,,,,,,,,,,,,,,,,,,,,,,,,,,,,,,,,,,,,,,,,,,,,,,,,,,,,,,,,,,,,,,,,,,,,,,,,,,,,,,,,,,,,,,
85.00,175.00,253.00,325.00,414.00,525.00,610.00,701.00,805.00,880.00,953.00,1031.00,1119.00,1202.00,1288.00,1403.00,1479.00,1544.00,1651.00,1766.00,1829.00,1908.00,1987.00,2088.00,2169.00,2273.00,2397.00,2489.00,2642.00,2755.00,2830.00,2941.00,3008.00,3115.00,3195.00,3295.00,3414.00,3503.00,3583.00,3680.00,3784.00,3877.00,3990.00,4053.00,4119.00,4211.00,4299.00,4384.00,4468.00,4533.00,4636.00,4707.00,4810.00,4916.00,5012.00,5094.00,5189.00,5266.00,5391.00,5504.00,5637.00,5755.00,5841.00,5953.00,6056.00,6184.00,6300.00,6382.00,6479.00,6577.00,6670.00,6749.00,6822.00,6923.00,7042.00,7111.00,7192.00,7286.00,7463.00,7574.00,7645.00,7753.00,7923.00,8043.00,8143.00,8266.00,8341.00,8434.00,8515.00,8587.00,8708.00,8815.00,8977.00,9049.00,9130.00,9276.00,9335.00,9434.00,9546.00,9661.00,9742.00,9825.00,9959.00,10110.00,10301.00,10400.00,10592.00,10776.00,10858.00,10968.00,11117.00,11186.00,11256.00,11350.00,11428.00,11515.00,11756.00,11863.00,11978.00,12121.00,12273.00,12474.00,12613.00,12780.00,12887.00,12966.00,13282.00,13384.00,13544.00,13696.00,13834.00,13915.00,14074.00,14230.00,14347.00,14469.00,14637.00,14722.00,14896.00,15050.00,15161.00,15284.00,15443.00,15588.00,15702.00,15959.00,16168.00,16328.00,16461.00,16716.00,16798.00,16920.00,17057.00,17142.00,17362.00,17590.00,17778.00,17884.00,17990.00,18094.00,18377.00,18523.00,18688.00,18829.00,18893.00,19036.00,19195.00,19323.00,19457.00,19754.00,20045.00,20189.00,20469.00,20608.00,20760.00,20923.00,21057.00,21228.00,21487.00,21741.00,21845.00,22162.00,22239.00,22417.00,22503.00,22566.00,22788.00,22895.00,23044.00,23232.00,23400.00,23538.00,23943.00,24025.00,24225.00,24434.00,24580.00,24807.00,24935.00,25077.00,25198.00,25376.00,25529.00,25718.00,25812.00,26012.00,26361.00,26495.00,26635.00,27106.00,27291.00,27387.00,27545.00,27711.00,27917.00,28090.00,28241.00,28322.00,28639.00,28827.00,29028.00,29242.00,29378.00,29443.00,29746.00,29897.00,30149.00,30297.00,30506.00,30824.00,31087.00,31256.00,31386.00,31535.00,31770.00,31942.00,32038.00,32143.00,32308.00,32577.00,32724.00,33027.00,33175.00,33284.00,33478.00,33621.00,33861.00,34092.00,34283.00,34494.00,34694.00,34907.00,35059.00,35186.00,35348.00,35497.00,35637.00,35879.00,35979.00,36186.00,36374.00,36535.00,36614.00,36745.00,36864.00,37055.00,37255.00,37470.00,37581.00,37776.00,37869.00,38161.00,38489.00,38703.00,38892.00,39049.00,39243.00,39427.00,39737.00,39892.00,40052.00,40206.00,40386.00,40509.00,40601.00,40750.00,40878.00,40995.00,41137.00,41348.00,41446.00,41599.00,41743.00,41979.00,42136.00,42327.00,42470.00,42612.00,42880.00,43006.00,43272.00,43536.00,43705.00,43829.00,44034.00,44147.00,44341.00,44544.00,44715.00,44925.00,45113.00,45292.00,45547.00,45722.00,45953.00,46125.00,46312.00,46539.00,46680.00,46853.00,47042.00,47247.00,47747.00,47917.00,48057.00,48375.00,48625.00,48836.00,49051.00,49188.00,49412.00,49632.00,49789.00,49940.00,50120.00,,,,,,,,,,,,,,,,,,,,,,,,,,,,,,,,,,,,,,,,,,,,,,,,,,,,,,,,,,,,,,,,,,,,,,,,,,,,,,,,,,,,,,,,,,,,,,,,,,,,,,,,,,,,,,,,,,,,,,,,,,,,,,,,,,,,,,,,,,,,,,,,,,,,,,,,,,,,,,,,,,,,,,,,,,,,,,,,,,,,,,,,,,,,,,,,,,,,,,,,,,,,,,,,,,,,,,,,,,,,,,,,,,,,,,,,,,,,,,,,,
-76.68,-121.60,-277.25,-71.23,-113.21,-168.48,-99.32,-152.52,-108.69,-92.45,18.16,-133.47,-126.78,-74.08,-298.56,-204.91,-112.77,-12.83,-272.46,-181.07,-151.73,-122.32,-154.13,-157.42,-219.21,-87.16,-163.54,-74.03,-96.58,-324.78,-171.49,-145.74,-152.31,-125.43,-108.82,-358.93,-89.29,-121.47,-129.07,-87.17,-120.46,-83.82,-206.83,-160.94,-69.73,-331.96,-205.30,-111.40,-159.44,-127.02,-149.39,-446.63,-164.24,-361.04,-14.26,-28.13,-156.17,-37.22,-123.24,-86.02,-117.90,-240.44,-399.17,-56.78,-322.25,-53.08,-336.76,-399.80,-283.52,-125.15,-58.38,-284.15,-258.63,-163.99,-211.20,-109.28,-76.64,-222.83,-133.44,-211.87,-123.78,-111.03,-68.61,-196.64,-66.38,-166.69,-446.05,-100.66,-253.78,-112.41,-87.49,-212.67,-117.15,-360.39,-79.54,-276.70,-81.64,-326.04,-145.61,-130.31,-122.07,-166.52,-254.59,-260.18,-127.43,-128.24,-65.89,-84.94,-331.60,-212.13,-187.09,-110.85,-241.55,-95.23,-284.75,-358.15,-169.50,-171.29,-7.15,-81.38,-338.15,-11.85,-368.17,-256.32,-395.69,-244.19,-364.84,-327.98,-394.50,-42.98,-130.44,-264.62,-215.37,-407.72,-228.75,-155.34,-90.06,-316.09,-313.48,-306.28,-387.47,-264.42,-214.79,-80.43,-249.89,-427.21,-117.87,-371.60,-10.14,-425.87,-171.56,-224.70,-285.39,-280.15,-134.48,-441.61,-126.44,-178.24,-529.87,-184.23,-274.12,-99.12,-215.84,-556.95,-292.87,-345.52,-279.60,-411.01,-506.28,-107.91,-293.28,-460.90,-339.39,-42.22,-435.16,-67.60,-132.47,-159.83,-362.50,-65.80,-214.45,-224.81,-300.61,-372.85,-37.65,-271.00,-417.38,-307.65,-435.97,-215.83,-369.67,-166.97,-349.53,-65.73,-262.42,-332.35,-218.53,-148.55,-249.98,-398.05,-157.38,-389.70,-41.71,-295.85,-123.46,-346.79,-189.38,-251.16,-219.29,-89.74,-126.91,-379.32,-320.89,-214.06,-94.14,-13.46,-237.06,-223.83,-40.98,-73.01,-261.63,-285.80,-208.78,-187.86,-190.01,-209.23,-381.44,-273.81,-186.82,-457.48,-92.77,-457.50,-184.90,-60.42,-277.67,-314.93,-224.35,-115.17,-137.08,-298.28,-444.84,-133.90,-263.17,-220.63,-178.50,-478.96,-133.00,22.84,2.29,-234.52,-426.01,-140.30,-374.01,-209.94,-136.49,-194.12,-110.62,-93.28,-217.27,-422.33,-149.11,-414.59,-339.93,-234.95,-268.23,-375.44,-177.65,-100.20,-344.72,-217.52,-364.86,-357.63,11.08,-264.79,-378.27,-276.64,-97.76,-385.98,-310.50,-50.87,-163.43,-179.47,-195.16,-256.36,-166.23,-215.05,-70.75,-312.25,-55.81,-470.26,-326.73,-218.03,-215.45,-276.08,-111.63,-291.26,-49.91,-74.24,-374.18,-80.04,-196.54,-459.24,-418.97,-295.55,-83.32,-473.88,-266.70,21.99,-178.89,-301.48,-150.61,-113.52,-410.71,-136.08,-375.28,-227.41,-399.31,-174.63,-191.09,-201.89,-367.28,-283.34,-168.19,-479.58,-310.44,-316.70,-336.14,-551.62,-384.61,-384.47,-222.27,-112.42,-46.85,-283.55,-154.09,-345.48,-304.82,-282.74,-309.28,-429.09,-453.53,-183.00,-159.48,-471.02,-340.01,,,,,,,,,,,,,,,,,,,,,,,,,,,,,,,,,,,,,,,,,,,,,,,,,,,,,,,,,,,,,,,,,,,,,,,,,,,,,,,,,,,,,,,,,,,,,,,,,,,,,,,,,,,,,,,,,,,,,,,,,,,,,,,,,,,,,,,,,,,,,,,,,,,,,,,,,,,,,,,,,,,,,,,,,,,,,,,,,,,,,,,,,,,,,,,,,,,,,,,,,,,,,,,,,,,,,,,,,,,,,,,,,,,,,,,
71.00,150.00,233.00,295.00,388.00,488.00,599.00,666.00,743.00,808.00,921.00,986.00,1044.00,1128.00,1221.00,1334.00,1407.00,1490.00,1583.00,1653.00,1743.00,1835.00,1930.00,2000.00,2109.00,2176.00,2275.00,2366.00,2486.00,2604.00,2702.00,2787.00,2906.00,3026.00,3090.00,3198.00,3285.00,3392.00,3506.00,3602.00,3697.00,3833.00,3960.00,4049.00,4118.00,4257.00,4378.00,4493.00,4627.00,4716.00,4850.00,4979.00,5070.00,5164.00,5296.00,5427.00,5542.00,5631.00,5705.00,5770.00,5886.00,5975.00,6061.00,6163.00,6299.00,6451.00,6591.00,6708.00,6849.00,6956.00,7031.00,7164.00,7265.00,7404.00,7508.00,7639.00,7752.00,7900.00,8063.00,8216.00,8299.00,8497.00,8589.00,8714.00,8816.00,8909.00,9056.00,9218.00,9361.00,9488.00,9619.00,9742.00,9914.00,10002.00,10137.00,10271.00,10452.00,10621.00,10729.00,10822.00,10925.00,11141.00,11279.00,11558.00,11767.00,11875.00,12035.00,12203.00,12286.00,12459.00,12552.00,12671.00,12790.00,12964.00,13087.00,13271.00,13432.00,13536.00,13661.00,13797.00,13922.00,14033.00,14141.00,14380.00,14509.00,14701.00,15047.00,15191.00,15323.00,15481.00,15642.00,15854.00,15912.00,16104.00,16196.00,16407.00,16547.00,16819.00,16967.00,17109.00,17244.00,17365.00,17523.00,17662.00,17847.00,17969.00,18123.00,18279.00,18419.00,18688.00,18888.00,19013.00,19228.00,19367.00,19572.00,19779.00,19881.00,20014.00,20160.00,20309.00,20477.00,20715.00,20853.00,21028.00,21176.00,21297.00,21533.00,21751.00,21870.00,22017.00,22131.00,22253.00,22401.00,22574.00,22676.00,22907.00,23025.00,23205.00,23402.00,23670.00,23846.00,24038.00,24161.00,24270.00,24384.00,24681.00,24905.00,25066.00,25198.00,25290.00,25421.00,25700.00,25861.00,25997.00,26218.00,26372.00,26506.00,26673.00,26896.00,27079.00,27276.00,27455.00,27594.00,27711.00,27876.00,28066.00,28187.00,28335.00,28463.00,28601.00,28753.00,29038.00,29136.00,29397.00,29757.00,29883.00,30022.00,30153.00,30312.00,30458.00,30623.00,30847.00,31033.00,31186.00,31300.00,31396.00,31527.00,31728.00,31862.00,31978.00,32126.00,32259.00,32359.00,32656.00,32833.00,32956.00,33046.00,33199.00,33299.00,33454.00,33574.00,33820.00,34058.00,34196.00,34360.00,34473.00,34592.00,34799.00,34976.00,35099.00,35273.00,35422.00,35613.00,35788.00,35933.00,36065.00,36215.00,36370.00,36510.00,36776.00,36933.00,37046.00,37256.00,37363.00,37656.00,37817.00,37933.00,38090.00,38230.00,38387.00,38523.00,38670.00,38836.00,38936.00,39061.00,39237.00,39428.00,39569.00,39689.00,39866.00,40050.00,40233.00,40419.00,40533.00,40665.00,40792.00,41013.00,41130.00,41229.00,41397.00,41596.00,41784.00,41956.00,42063.00,42232.00,42297.00,42483.00,42665.00,42959.00,43067.00,43284.00,43398.00,43485.00,43660.00,43847.00,44068.00,44208.00,44390.00,44525.00,44687.00,44867.00,45050.00,45161.00,45282.00,45409.00,45657.00,45816.00,45984.00,46111.00,46304.00,46430.00,46614.00,46782.00,47001.00,47143.00,47290.00,47419.00,47553.00,47687.00,47849.00,47970.00,48120.00,48275.00,48386.00,48515.00,48622.00,48771.00,48906.00,49054.00,49211.00,49345.00,49556.00,49723.00,49884.00,50059.00,,,,,,,,,,,,,,,,,,,,,,,,,,,,,,,,,,,,,,,,,,,,,,,,,,,,,,,,,,,,,,,,,,,,,,,,,,,,,,,,,,,,,,,,,,,,,,,,,,,,,,,,,,,,,,,,,,,,,,,,,,,,,,,,,,,,,,,,,,,,,,,,,,,,,,,,,,,,,,,,,,,,,,,,,,,,,,,,,,,,,,,,,,,,,,,,,,,,,,,,,,,,,,,,,,,,,,,,,,,,,,,,,,,,,,,
-360.31,-334.08,-117.56,-257.10,-234.94,-146.70,-80.64,-106.42,-87.22,-99.89,-101.47,-357.02,-58.31,-235.62,-66.64,-170.48,-214.53,-390.65,-157.43,-350.48,-340.73,-127.32,-80.74,-112.77,-97.18,-82.19,-150.61,-145.14,-71.41,-42.05,-440.48,-180.46,-92.53,-206.23,-110.00,-341.02,-99.59,-113.00,-73.09,-96.68,-146.18,-92.71,-129.09,-204.91,-259.69,-85.48,-97.54,-140.37,-127.69,-51.38,-112.63,-105.75,-61.15,-98.57,-85.49,-179.49,-74.09,-145.75,-101.63,-65.27,-49.97,-60.73,-91.52,-75.90,-86.55,-87.03,-109.13,-77.34,-63.81,-103.62,-60.23,-25.14,-86.83,-136.05,-109.64,-118.55,-80.80,-47.36,-99.96,-38.65,-93.04,-102.56,-142.33,-84.33,-344.64,-127.05,-85.38,-87.70,-92.78,-42.46,-103.24,-95.13,-82.92,-71.55,-100.64,-56.87,-111.08,-102.35,-28.80,-50.45,-65.86,-71.82,-395.89,-69.80,-27.13,-58.96,-105.28,-66.00,-60.19,-207.09,-62.25,-85.06,-107.23,-78.82,-87.19,-99.65,-87.85,-47.50,-72.80,-92.61,-115.75,-66.69,-208.45,-71.90,-190.29,-138.41,-33.68,-47.36,-99.18,-72.73,-73.10,-103.53,-113.27,-179.58,-129.13,-24.61,-159.56,-79.90,-171.92,-99.43,-116.96,-126.31,-78.09,-72.47,-75.55,-104.58,-119.38,-75.79,-143.34,-406.93,-116.20,-85.98,-74.65,-101.62,-99.68,-123.40,-130.19,-89.84,-7.34,-60.27,-35.77,-135.05,-84.14,-118.30,-29.09,23.46,-72.58,-82.97,-67.48,-138.54,-104.42,-172.10,-110.72,0.49,-51.70,-1278.79,-73.75,-50.49,-183.54,-131.75,-159.44,-136.69,-151.00,-37.97,-48.56,-104.10,-156.49,-164.50,36.98,-95.43,-330.67,-48.43,-193.92,-88.26,-99.35,-159.50,-182.92,-297.72,-83.49,-25.41,-63.18,-56.90,-93.81,-222.79,-193.08,-87.99,-70.03,-79.47,-187.45,-136.98,-110.59,-73.43,-472.24,-249.08,-51.39,-26.56,-79.29,-251.36,-87.67,-200.73,-153.57,-53.11,-420.81,-154.56,-48.68,-201.01,-62.13,-257.54,-265.50,-145.50,-129.78,-210.99,-175.48,-66.12,-119.27,-130.50,-143.83,-98.24,-241.41,-226.82,-190.66,-123.76,-85.22,-259.91,-514.23,-107.18,-77.99,-101.93,-257.99,-97.40,-163.11,-148.30,-92.32,-102.71,-204.23,-7.03,-68.83,-132.77,-136.99,-181.77,-146.45,-324.37,-324.13,-114.16,-226.69,-143.05,-128.32,-295.42,-99.05,-121.17,-144.87,-126.89,-223.57,-74.00,-163.80,-110.10,-186.62,-122.53,-92.58,-238.21,-62.76,-155.72,-325.91,-213.56,-512.04,-37.16,-91.06,-15.25,-243.72,-98.72,-143.75,-12.81,-113.72,-55.93,-107.89,-136.45,-116.18,-32.50,-115.37,-90.39,-113.48,-119.47,-136.01,-145.82,-64.00,-135.71,-145.94,-94.88,-162.99,-100.36,-145.90,-168.39,-98.46,-159.18,-81.49,-94.58,-182.64,-95.79,-81.32,-75.58,-152.49,-182.50,-216.00,-88.20,-316.65,-15.21,-59.75,-142.73,-131.83,-141.59,-144.20,-79.11,-124.99,-62.66,-210.08,-188.75,-132.93,-124.99,-223.41,-48.10,-130.93,-235.49,-50.81,-65.19,-242.73,-294.60,-90.25,-406.07,-298.38,-41.81,-114.31,-307.29,-113.53,-232.89,-78.42,-142.05,-184.44,-50.48,-237.74,-184.04,-104.03,-185.28,-135.78,-59.97,-158.80,-60.13,-158.15,-92.93,-74.17,-125.69,-110.17,-286.23,-414.45,-104.47,-122.49,-197.57,-122.01,-142.97,-99.22,-259.77,-111.34,-54.55,-95.13,-206.29,-142.61,-125.24,-25.79,-118.83,-164.51,-160.46,-132.26,-76.22,-259.90,-81.78,-189.81,-73.76,-150.46,7.95,-289.19,-157.02,-142.59,-146.33,-417.85,-108.03,-253.71,-100.71,-168.71,-170.52,-162.42,-122.15,-84.66,-98.37,-100.44,-216.20,-153.02,-139.30,-99.87,-132.46,-103.11,-117.60,-143.82,-154.52,-187.18,-113.40,-130.10,-177.38,-170.53,-104.05,-234.94,-183.29,-117.80,-73.87,-70.66,-181.98,-107.20,-125.27,-95.39,-243.69,-118.75,-247.75,-169.71,-142.73,-194.18,-77.34,-33.38,-137.83,-129.60,-117.79,-259.62,-247.57,-157.46,-94.58,-42.43,-68.58,-53.19,-57.26,-118.28,-131.69,,,,,,,,,,,,,,,,,,,,,,,,,,,,,,,,,,,,,,,,,,,,,,,,,,,,,,,,,,,,,,,,,,,,,,,,,,,,,,,,,,,,,,,,,,,,,,,,,,,,,,,,,,,,,,,,,,,,,,
106.00,208.00,304.00,398.00,500.00,585.00,729.00,790.00,860.00,987.00,1075.00,1176.00,1322.00,1450.00,1580.00,1713.00,1817.00,1940.00,2015.00,2124.00,2272.00,2384.00,2465.00,2576.00,2643.00,2724.00,2817.00,2905.00,2970.00,3049.00,3182.00,3295.00,3388.00,3493.00,3589.00,3724.00,3855.00,4008.00,4075.00,4172.00,4249.00,4332.00,4423.00,4494.00,4606.00,4669.00,4756.00,4851.00,4936.00,5066.00,5142.00,5239.00,5317.00,5414.00,5484.00,5600.00,5693.00,5788.00,5882.00,5953.00,6019.00,6095.00,6173.00,6240.00,6310.00,6390.00,6526.00,6621.00,6689.00,6762.00,6840.00,6938.00,7019.00,7125.00,7210.00,7314.00,7419.00,7502.00,7597.00,7702.00,7770.00,7892.00,8015.00,8100.00,8210.00,8297.00,8359.00,8430.00,8510.00,8588.00,8666.00,8768.00,8853.00,8973.00,9075.00,9191.00,9272.00,9361.00,9517.00,9598.00,9668.00,9770.00,9933.00,10004.00,10078.00,10152.00,10253.00,10326.00,10409.00,10527.00,10596.00,10689.00,10788.00,10876.00,10981.00,11058.00,11154.00,11277.00,11375.00,11471.00,11548.00,11625.00,11730.00,11796.00,11902.00,11974.00,12042.00,12107.00,12182.00,12276.00,12379.00,12479.00,12564.00,12682.00,12799.00,12941.00,13050.00,13143.00,13289.00,13360.00,13487.00,13567.00,13661.00,13736.00,13854.00,13935.00,14014.00,14082.00,14180.00,14345.00,14445.00,14536.00,14637.00,14713.00,14785.00,14933.00,15005.00,15164.00,15311.00,15549.00,15682.00,15791.00,15889.00,16008.00,16145.00,16227.00,16340.00,16428.00,16520.00,16632.00,16736.00,17009.00,17350.00,17425.00,17491.00,17780.00,17860.00,17940.00,18111.00,18323.00,18479.00,18642.00,18822.00,18908.00,18988.00,19086.00,19439.00,19702.00,19956.00,20046.00,20264.00,20372.00,20496.00,20620.00,20719.00,21021.00,21320.00,21595.00,21673.00,21844.00,22228.00,22315.00,22404.00,22785.00,22974.00,23066.00,23130.00,23200.00,23368.00,23523.00,23768.00,23959.00,24161.00,24295.00,24413.00,24488.00,24613.00,24895.00,25082.00,25302.00,25802.00,25882.00,26140.00,26301.00,26386.00,26521.00,26593.00,26681.00,26861.00,27125.00,27263.00,27413.00,27632.00,27703.00,27867.00,28120.00,28233.00,28327.00,28617.00,28862.00,29081.00,29297.00,29371.00,29686.00,29883.00,29954.00,30146.00,30228.00,30558.00,30649.00,30790.00,31028.00,31226.00,31329.00,31559.00,31743.00,31876.00,32008.00,32184.00,32272.00,32456.00,32826.00,33093.00,33174.00,33344.00,33442.00,33508.00,33621.00,33741.00,33868.00,33995.00,34071.00,34242.00,34334.00,34527.00,34616.00,34703.00,34800.00,34902.00,35018.00,35090.00,35175.00,35293.00,35391.00,35571.00,35633.00,35727.00,35794.00,35913.00,35982.00,36077.00,36171.00,36253.00,36370.00,36447.00,36512.00,36598.00,36667.00,36743.00,36833.00,36913.00,37003.00,37093.00,37194.00,37288.00,37396.00,37487.00,37564.00,37640.00,37711.00,37786.00,37894.00,37955.00,38037.00,38105.00,38174.00,38256.00,38310.00,38372.00,38461.00,38520.00,38608.00,38706.00,39021.00,39122.00,39195.00,39266.00,39363.00,39428.00,39539.00,39633.00,39703.00,39829.00,39934.00,39993.00,40064.00,40126.00,40223.00,40316.00,40377.00,40468.00,40563.00,40619.00,40691.00,40764.00,40862.00,40944.00,41039.00,41128.00,41226.00,41287.00,41380.00,41449.00,41522.00,41588.00,41698.00,41813.00,41887.00,41943.00,42039.00,42111.00,42180.00,42239.00,42362.00,42461.00,42574.00,42667.00,42722.00,42781.00,42857.00,42914.00,42980.00,43079.00,43136.00,43217.00,43294.00,43357.00,43414.00,43469.00,43594.00,43662.00,43730.00,43799.00,43886.00,43984.00,44043.00,44141.00,44215.00,44317.00,44409.00,44508.00,44562.00,44659.00,44717.00,44779.00,44873.00,44968.00,45041.00,45130.00,45213.00,45294.00,45369.00,45471.00,45537.00,45596.00,45690.00,45777.00,45898.00,45984.00,46061.00,46139.00,46203.00,46286.00,46380.00,46457.00,46552.00,46649.00,46753.00,46812.00,46874.00,46959.00,47032.00,47115.00,47176.00,47254.00,47318.00,47388.00,47465.00,47596.00,47669.00,47767.00,47855.00,47913.00,48009.00,48080.00,48157.00,48247.00,48332.00,48407.00,48564.00,48643.00,48723.00,48797.00,48863.00,48954.00,49025.00,49086.00,49156.00,49275.00,49358.00,49431.00,49551.00,49665.00,49731.00,49843.00,49901.00,49993.00,50085.00,,,,,,,,,,,,,,,,,,,,,,,,,,,,,,,,,,,,,,,,,,,,,,,,,,,,,,,,,,,,,,,,,,,,,,,,,,,,,,,,,,,,,,,,,,,,,,,,,,,,,,,,,,,,,,,,,,,,,,
-286.63,-94.72,-382.07,-231.16,-97.11,-91.04,-84.33,-128.05,-143.96,-129.06,-256.41,-73.61,-224.69,-69.50,-145.95,-97.72,125.96,-94.11,-171.40,-94.12,-130.06,-83.97,-134.62,-135.62,-83.36,-112.85,-132.49,-168.09,-122.86,-93.72,-119.89,-66.81,-120.69,-83.55,-244.93,-98.10,-76.96,-69.48,-156.56,-138.70,-312.52,-96.36,-79.64,-71.50,-123.95,-219.52,-103.10,-112.96,-119.09,-55.61,-90.03,-64.08,-154.67,-45.95,-189.30,-115.20,-68.28,-106.46,-101.50,-122.45,-106.77,-276.28,41.75,-88.38,-101.71,-119.50,-183.81,-61.59,-197.68,-150.97,-161.82,-137.53,-132.60,-95.33,-90.28,-191.04,-91.97,-64.25,-91.40,-55.00,-127.98,-82.15,-69.01,-69.73,-211.38,-107.63,-87.00,-117.05,-202.26,-143.68,-22.77,-117.71,-198.06,-51.86,-103.72,-52.39,-121.51,-80.38,-87.94,-73.97,-91.96,-116.57,-18.71,-55.98,-87.58,-96.98,-118.63,-119.79,3.86,-88.57,-142.72,-96.37,-52.14,-159.98,-188.14,-4.43,-128.96,-65.27,-74.44,-10.33,-104.48,-30.91,-108.54,-109.32,-81.39,-54.99,-117.36,-75.07,-61.77,-96.75,-166.01,-189.42,-149.31,-211.04,-139.67,-168.84,-7.18,-127.09,-109.73,-126.06,-1.50,-133.72,-12.03,-113.19,-84.27,-117.04,6.46,-138.34,-88.74,-6.44,-157.46,-208.76,-88.47,-255.72,-99.45,-159.66,-126.89,-49.50,-18.77,-92.22,-125.17,-117.52,-193.58,-237.31,-88.02,-106.35,-69.19,-161.87,-251.73,-119.87,-85.73,-119.19,-27.76,-1.32,-680.50,-108.96,-159.62,-143.06,-74.32,-81.20,-126.41,-110.04,-297.90,-66.43,-148.82,-194.44,-171.24,-152.20,-108.82,-159.61,-125.46,-98.96,-84.35,-116.29,-60.26,-85.81,-291.41,-77.55,-165.07,-190.19,-162.12,-162.47,-519.46,-109.50,-378.28,-204.26,-151.46,-115.62,-159.39,-93.71,-161.96,-92.50,-122.45,-105.49,-131.60,-180.02,-171.16,-7.73,-23.01,-66.25,-181.42,-140.11,-145.13,-115.47,-244.00,-134.92,11.15,-182.82,-92.13,-77.78,-110.68,-6.59,-290.06,-140.57,-230.37,-102.47,-422.29,-58.11,-53.15,-168.88,-128.60,-136.13,-71.08,-98.41,-49.12,-92.03,-116.21,-367.30,-158.49,-143.77,-240.87,-155.76,-135.24,-70.01,-90.54,-82.77,-273.15,-159.14,-202.62,-149.12,-116.40,-214.89,-112.55,-123.01,-231.30,-362.70,-171.84,-90.84,-105.64,-115.35,-145.18,-144.45,-110.14,-123.50,-72.96,-48.07,-90.04,-3.61,-128.42,-197.31,-192.40,-167.80,-302.49,-287.22,-101.88,-145.63,-141.71,-231.79,-101.37,-221.44,-127.63,-127.37,-123.69,-74.83,-100.36,-65.19,-150.54,-63.98,-141.42,-92.70,-153.26,-71.81,-117.47,-92.99,-111.65,-115.18,-17.41,-88.96,-157.22,-155.17,-219.87,-249.46,-381.63,-116.95,37.78,-69.43,-80.66,-50.87,-179.85,-132.79,-62.09,-208.01,-149.98,-125.84,-159.37,-171.21,-131.84,-312.02,-537.30,-119.90,-142.82,-104.59,-195.34,-302.31,-182.10,-293.78,-191.42,-231.88,-277.04,-236.30,-120.05,-354.54,-274.34,-342.27,-243.61,-280.80,-328.43,-194.98,-106.50,-292.37,-133.72,-262.91,-223.84,-216.19,-226.97,-301.94,-292.26,-103.67,-151.90,-279.51,-204.37,-316.97,-261.63,-172.54,-202.36,-141.76,-164.78,-207.54,-123.64,-151.14,-515.09,-578.02,-182.39,-127.65,-238.33,-225.28,-160.67,-160.07,-257.93,-183.78,-196.47,-269.15,-152.81,-192.46,-78.34,-353.24,-355.65,-165.15,-136.92,-184.66,-63.52,-129.86,9.14,-26.92,-138.41,-180.56,-124.51,-87.99,-123.59,-17.22,-233.20,36.40,-7.20,-38.69,1.20,-267.36,-99.68,-52.80,-104.52,-229.16,-322.31,-66.98,-250.10,-477.76,-116.14,-368.22,-269.40,-70.51,-63.06,-40.20,-331.44,-209.03,-141.30,-65.07,-181.48,-115.10,-175.09,-280.23,-507.00,-193.47,-590.41,-126.54,-331.16,-19.80,-90.67,-77.95,-98.65,-390.14,-84.19,-161.59,-203.71,-149.71,-320.40,-330.58,-138.68,-263.50,-326.04,-334.49,-155.81,-135.35,-173.54,-114.27,-236.31,-106.00,-118.46,-115.11,-295.83,-405.23,-352.42,-118.01,-207.33,-99.58,-288.63,-163.91,-138.91,-453.16,-62.58,-26.43,-192.01,-113.63,-111.86,-104.39,-159.93,-66.62,-149.04,-330.00,-78.86,-119.48,-485.81,-94.19,-171.82,-356.85,-202.46,-489.88,-1.59,-185.05,-139.98,-109.13,-105.93,-181.19,-129.22,-509.51,-161.01,-39.45,-144.44,-178.59,-259.68,-103.06,-250.14,-459.45,-273.72,-253.63,-265.64,-259.77,-317.37,-314.58,-188.97,-29.64,-91.79,-216.76,-145.08,-265.05,-205.01,-225.80,-19.85,-454.62,-140.88,-178.36,-94.26,-408.72,-90.39,-182.83,-221.95,-213.00,-375.96,-174.84,-441.34,-290.42,-334.65,-105.12,-121.18,-113.12,-81.02,-136.84,-13.33,-270.29,-113.65,-101.88,-296.18,-351.41,-160.02,-190.44,-246.87,-561.76,-28.48,-246.03,-98.53,-262.14,-670.31,-94.05,-192.69,-351.71,-89.66,-156.53,,,,,,,,,,,,,,,,,,,,,,
97.00,193.00,309.00,428.00,511.00,591.00,673.00,738.00,827.00,915.00,990.00,1055.00,1140.00,1206.00,1317.00,1450.00,1950.00,2008.00,2086.00,2156.00,2260.00,2320.00,2419.00,2512.00,2645.00,2764.00,2860.00,2916.00,2996.00,3103.00,3210.00,3273.00,3374.00,3446.00,3557.00,3646.00,3704.00,3782.00,3867.00,3939.00,4055.00,4134.00,4221.00,4331.00,4441.00,4537.00,4670.00,4755.00,4835.00,4952.00,5025.00,5087.00,5184.00,5258.00,5364.00,5435.00,5507.00,5599.00,5699.00,5787.00,5857.00,5948.00,6113.00,6201.00,6282.00,6363.00,6469.00,6534.00,6647.00,6725.00,6859.00,6970.00,7067.00,7175.00,7279.00,7378.00,7481.00,7599.00,7686.00,7756.00,7819.00,7897.00,7968.00,8035.00,8140.00,8224.00,8304.00,8400.00,8469.00,8550.00,8660.00,8770.00,8893.00,9019.00,9094.00,9164.00,9278.00,9365.00,9474.00,9566.00,9664.00,9769.00,9846.00,9953.00,10059.00,10169.00,10257.00,10344.00,10441.00,10560.00,10676.00,10769.00,10839.00,10920.00,11045.00,11128.00,11258.00,11374.00,11444.00,11551.00,11649.00,11769.00,11842.00,11975.00,12070.00,12147.00,12252.00,12356.00,12421.00,12546.00,12681.00,12755.00,12883.00,13014.00,13091.00,13200.00,13285.00,13393.00,13453.00,13571.00,13659.00,13752.00,13835.00,13908.00,13974.00,14062.00,14197.00,14285.00,14362.00,14494.00,14564.00,14676.00,14783.00,14896.00,14959.00,15080.00,15166.00,15666.00,15751.00,15899.00,16079.00,16180.00,16261.00,16389.00,16514.00,16632.00,16731.00,16832.00,16963.00,17063.00,17187.00,17255.00,17333.00,17416.00,17635.00,17717.00,17808.00,17865.00,18026.00,18100.00,18183.00,18245.00,18370.00,18444.00,18690.00,18814.00,18888.00,18958.00,19022.00,19115.00,19183.00,19249.00,19309.00,19394.00,19457.00,19551.00,19608.00,19675.00,19749.00,19814.00,19896.00,19981.00,20079.00,20169.00,20410.00,20500.00,20585.00,20657.00,20776.00,20850.00,20930.00,20997.00,21069.00,21130.00,21221.00,21320.00,21407.00,21496.00,21583.00,21670.00,21729.00,21816.00,21886.00,21968.00,22095.00,22175.00,22269.00,22349.00,22441.00,22514.00,22588.00,22700.00,22805.00,22888.00,22957.00,23024.00,23125.00,23200.00,23305.00,23385.00,23463.00,23537.00,23619.00,23688.00,23790.00,23860.00,23941.00,24051.00,24131.00,24197.00,24334.00,24415.00,24493.00,24576.00,24631.00,24706.00,24807.00,24880.00,24981.00,25056.00,25122.00,25215.00,25333.00,25401.00,25490.00,25608.00,25682.00,25768.00,25836.00,25923.00,26011.00,26074.00,26183.00,26256.00,26329.00,26413.00,26509.00,26617.00,26702.00,26777.00,26866.00,26947.00,27023.00,27127.00,27217.00,27301.00,27379.00,27451.00,27519.00,27608.00,27726.00,27785.00,27872.00,27941.00,28065.00,28142.00,28210.00,28274.00,28345.00,28410.00,28493.00,28573.00,28671.00,28746.00,28858.00,28918.00,29030.00,29111.00,29204.00,29271.00,29343.00,29474.00,29577.00,29655.00,29776.00,29840.00,29940.00,30010.00,30086.00,30140.00,30218.00,30314.00,30378.00,30448.00,30532.00,30592.00,30665.00,30727.00,30822.00,30901.00,31008.00,31104.00,31182.00,31268.00,31344.00,31453.00,31528.00,31628.00,31752.00,31811.00,31867.00,31963.00,32055.00,32161.00,32253.00,32326.00,32390.00,32461.00,32522.00,32605.00,32695.00,32766.00,32844.00,32940.00,33027.00,33095.00,33174.00,33252.00,33319.00,33405.00,33474.00,33588.00,33712.00,33775.00,33833.00,33907.00,34004.00,34060.00,34119.00,34183.00,34304.00,34396.00,34470.00,34563.00,34653.00,34724.00,34807.00,34879.00,34967.00,35045.00,35104.00,35192.00,35270.00,35372.00,35442.00,35548.00,35665.00,35732.00,35789.00,35891.00,35971.00,36044.00,36105.00,36172.00,36234.00,36338.00,36446.00,36538.00,36620.00,36756.00,36837.00,36929.00,37036.00,37114.00,37230.00,37326.00,37406.00,37463.00,37521.00,37604.00,37697.00,37784.00,37864.00,37999.00,38059.00,38143.00,38211.00,38275.00,38355.00,38507.00,38585.00,38640.00,38697.00,38765.00,38825.00,38921.00,39006.00,39127.00,39241.00,39306.00,39437.00,39548.00,39621.00,39686.00,39786.00,39896.00,39961.00,40033.00,40092.00,40166.00,40234.00,40319.00,40411.00,40511.00,40589.00,40685.00,40763.00,40833.00,40895.00,40963.00,41048.00,41140.00,41200.00,41283.00,41383.00,41455.00,41526.00,41747.00,41858.00,41922.00,41992.00,42152.00,42252.00,42315.00,42416.00,42512.00,42580.00,42650.00,42738.00,42810.00,42873.00,42958.00,43069.00,43136.00,43213.00,43308.00,43432.00,43520.00,43608.00,43668.00,43732.00,43878.00,43967.00,44057.00,44165.00,44246.00,44372.00,44428.00,44515.00,44602.00,44662.00,44766.00,44831.00,44905.00,44966.00,45043.00,45174.00,45234.00,45319.00,45383.00,45477.00,45578.00,45662.00,45750.00,45886.00,45979.00,46067.00,46158.00,46220.00,46299.00,46366.00,46444.00,46528.00,46611.00,46682.00,46774.00,46852.00,46922.00,46981.00,47099.00,47158.00,47227.00,47293.00,47394.00,47479.00,47588.00,47693.00,47808.00,47918.00,47995.00,48053.00,48107.00,48159.00,48222.00,48374.00,48467.00,48527.00,48614.00,48708.00,48832.00,48926.00,49015.00,49095.00,49180.00,49246.00,49307.00,49378.00,49453.00,49530.00,49583.00,49653.00,49858.00,49962.00,50070.00,,,,,,,,,,,,,,,,,,,,,,
-417.22,-364.72,-59.50,-559.45,-196.86,-387.50,-162.87,-243.05,-105.70,-433.79,-68.28,-99.29,-240.83,-136.63,-298.68,-142.23,-77.83,-30.93,-77.42,-139.71,-123.95,-110.55,-144.63,-121.27,-167.27,-106.09,-95.95,-100.93,-160.81,-119.36,-79.94,-109.60,-131.41,-73.33,-129.12,-47.45,-100.81,-84.17,-74.66,-86.41,-110.56,-156.19,-121.48,-112.46,-92.12,-122.46,-77.09,-141.05,-90.26,-45.60,-95.22,-181.13,-126.98,-141.86,-127.90,-74.17,-314.25,-91.25,-62.79,-157.60,-104.68,-79.53,-85.07,-92.12,-129.73,-105.52,-119.15,-80.52,-84.23,-112.87,-100.44,-86.53,-77.16,-136.86,-154.98,-118.64,-88.68,-98.83,-240.30,-323.02,1.10,-98.74,-70.81,-100.43,-82.87,-101.62,-105.29,-106.23,-94.86,-96.52,-77.20,-114.78,-107.94,-125.66,-58.69,-94.75,-110.15,-108.49,-75.83,-106.32,-111.89,-126.59,5.86,-106.53,-92.01,-90.56,-101.89,-150.71,-92.84,-127.57,-39.41,-191.33,-128.30,-146.42,-153.72,-110.83,-135.75,-136.65,-131.30,-251.05,-117.40,-151.73,-234.70,-119.70,-130.85,-43.94,-86.90,-84.93,-160.11,-95.85,-54.61,-324.89,-76.86,-77.72,-144.92,-59.03,-90.11,-82.96,-76.70,-104.38,-142.22,-195.83,-182.25,-129.88,-107.85,-56.84,-42.28,-164.41,-140.05,-36.00,-59.81,-114.56,-488.19,-109.25,-135.29,-113.73,-83.99,-125.16,-124.49,-160.20,-50.40,-268.26,-323.87,-126.05,-193.48,-199.13,31.97,-407.95,-43.37,-31.02,-109.96,-589.57,-241.58,-277.41,-83.30,-660.14,-27.81,-426.79,-188.62,-745.38,-138.32,-414.64,-417.24,-210.29,-292.25,-115.79,-117.38,-96.14,-292.79,32.33,-235.50,-502.81,-333.12,-102.31,-104.97,-89.72,-270.06,-77.81,-354.15,-106.06,-96.77,-101.93,-267.66,-222.42,-346.65,-267.60,-270.49,-125.27,-308.86,-66.98,-81.69,-206.86,-8.89,-255.55,-63.32,-241.57,-306.59,-69.05,-259.43,-226.87,-288.04,-112.23,-86.33,-289.07,-77.77,-442.13,-123.97,-160.45,-25.73,-310.55,-305.65,-218.47,-262.21,-166.74,-248.91,-305.04,-261.86,-248.51,-389.66,-78.77,-83.67,-300.99,-113.47,-166.59,-327.15,-81.82,-260.26,-452.37,-411.53,-230.68,-323.75,-77.78,36.92,-361.67,-276.09,-256.53,15.41,-522.44,-225.68,-399.11,-317.55,-266.69,-442.68,-128.34,-406.43,-118.21,-482.92,-264.63,-106.33,-131.98,-195.00,-243.99,-71.06,-220.37,-228.05,-297.36,-233.74,-185.90,-147.02,-255.98,-86.04,-281.73,-477.28,-159.68,-345.24,-72.66,-170.39,-142.11,-51.28,-309.87,-64.76,-315.46,-99.54,-366.19,-378.26,-277.38,34.45,-69.75,-272.35,-72.29,-360.08,-149.67,-120.36,-249.02,-92.06,41.36,-261.54,-262.28,-148.81,-83.60,-207.07,-453.83,-216.84,-89.76,-76.99,-200.29,-157.56,7.43,-143.68,-171.08,-83.06,-222.01,-548.02,-111.84,-226.95,-151.56,-337.34,-76.95,-411.10,-517.76,-282.61,-420.82,-281.77,-208.81,-79.39,-287.15,-281.52,-19.20,-407.59,-246.88,-468.88,-183.21,-158.80,-273.13,-377.53,-373.96,-444.80,-254.97,-373.38,-42.43,-170.35,-280.51,-189.18,-209.17,-226.22,-300.72,-136.81,-148.15,-627.17,-487.80,-221.59,-112.52,-227.13,-492.11,-256.06,-270.95,-98.51,-131.20,-127.46,-124.27,-523.77,-190.88,-151.33,-339.57,-57.54,-44.45,12.83,-32.73,-228.13,-139.64,-41.96,-82.87,-36.19,-503.90,-73.39,-385.69,-286.84,-159.12,-159.11,-53.83,-112.34,-149.64,-482.36,-304.96,-122.47,-254.18,-48.48,-298.30,-282.68,-2.44,-177.69,-225.00,-121.60,-84.84,-96.84,-74.57,-402.37,-196.66,-113.23,-713.72,-415.10,-357.80,-20.19,-343.14,-540.04,-330.90,-393.98,-141.20,-98.48,-184.78,-115.62,-94.71,-178.99,-579.71,-37.29,-74.20,-231.83,-510.05,-191.89,-226.04,-223.85,-700.44,-42.63,-191.29,-286.59,-116.71,-72.03,-178.38,-321.27,-147.66,-544.38,-430.39,-235.71,-362.60,-363.62,-275.61,-22.93,-99.43,-436.98,-290.17,-519.47,-377.78,-117.83,-578.97,-123.91,-277.23,-269.81,-87.59,-168.68,-114.31,-270.48,-229.78,-184.63,-109.84,-481.74,-138.74,-209.24,-262.82,-128.99,-200.61,-272.34,-165.45,-207.27,-71.80,-565.03,-355.10,-82.03,-573.56,-433.62,-194.91,-300.40,-217.78,-188.90,-69.60,-383.46,-548.03,-243.69,-237.56,-894.82,-351.66,-389.52,-176.70,-489.24,-526.24,-367.67,270.34,-232.02,-414.32,-509.70,-262.83,-234.94,-434.36,-227.87,-349.61,-103.67,-244.38,-252.20,-250.98,-42.92,-409.06,-181.64,-446.69,-229.88,-274.64,-98.19,-41.91,-258.39,-96.66,-142.83,-290.90,-95.94,-479.57,,,,,,,,,,,,,,,,,,,,,,,,,,,,,,,,,,,,,,,,,,,,,,,,,,,,,,
110.00,218.00,280.00,389.00,501.00,594.00,711.00,791.00,864.00,977.00,1108.00,1189.00,1260.00,1332.00,1443.00,1537.00,1628.00,1721.00,1810.00,1884.00,2039.00,2097.00,2231.00,2313.00,2411.00,2535.00,2633.00,2729.00,2821.00,2935.00,3027.00,3150.00,3210.00,3275.00,3372.00,3476.00,3547.00,3626.00,3690.00,3764.00,3871.00,3947.00,4048.00,4152.00,4240.00,4337.00,4417.00,4555.00,4696.00,4762.00,4900.00,4996.00,5078.00,5178.00,5295.00,5392.00,5510.00,5617.00,5703.00,5820.00,5901.00,5971.00,6066.00,6154.00,6238.00,6343.00,6407.00,6478.00,6577.00,6656.00,6729.00,6826.00,6909.00,6984.00,7059.00,7132.00,7202.00,7307.00,7407.00,7505.00,7641.00,7762.00,7827.00,7942.00,8021.00,8112.00,8186.00,8280.00,8351.00,8443.00,8530.00,8653.00,8740.00,8837.00,8909.00,8978.00,9058.00,9137.00,9227.00,9312.00,9380.00,9478.00,9558.00,9657.00,9821.00,9913.00,9993.00,10064.00,10176.00,10317.00,10456.00,10613.00,10690.00,10775.00,10833.00,10952.00,11050.00,11109.00,11186.00,11293.00,11425.00,11491.00,11649.00,11718.00,11808.00,11998.00,12065.00,12165.00,12279.00,12347.00,12451.00,12661.00,12727.00,12795.00,12919.00,13035.00,13139.00,13288.00,13387.00,13458.00,13524.00,13593.00,13667.00,13747.00,13845.00,13943.00,14033.00,14111.00,14195.00,14290.00,14348.00,14430.00,14510.00,14604.00,14694.00,14780.00,14885.00,15002.00,15089.00,15191.00,15275.00,15346.00,15415.00,15498.00,15581.00,15696.00,15779.00,15875.00,15946.00,16016.00,16094.00,16189.00,16295.00,16433.00,16500.00,16585.00,16652.00,16744.00,16812.00,16904.00,16989.00,17075.00,17162.00,17235.00,17310.00,17392.00,17532.00,17609.00,17715.00,17792.00,17869.00,17944.00,18049.00,18109.00,18179.00,18271.00,18333.00,18408.00,18532.00,18592.00,18649.00,18706.00,18778.00,18898.00,18966.00,19042.00,19135.00,19200.00,19277.00,19340.00,19395.00,19456.00,19521.00,19597.00,19684.00,19773.00,19873.00,19961.00,20027.00,20126.00,20221.00,20279.00,20355.00,20470.00,20536.00,20602.00,20697.00,20818.00,20887.00,20978.00,21075.00,21142.00,21223.00,21283.00,21351.00,21432.00,21495.00,21557.00,21671.00,21782.00,21889.00,21973.00,22030.00,22153.00,22222.00,22386.00,22491.00,22586.00,22693.00,22746.00,22963.00,23055.00,23161.00,23250.00,23341.00,23490.00,23616.00,23714.00,23783.00,23851.00,23931.00,24022.00,24125.00,24191.00,24317.00,24389.00,24479.00,24572.00,24645.00,24702.00,24841.00,24936.00,24993.00,25068.00,25163.00,25222.00,25306.00,25464.00,25584.00,25646.00,25731.00,25810.00,25876.00,25929.00,25998.00,26096.00,26168.00,26233.00,26343.00,26426.00,26536.00,26600.00,26694.00,26799.00,26853.00,27020.00,27139.00,27239.00,27339.00,27434.00,27500.00,27562.00,27662.00,27760.00,27872.00,27945.00,28064.00,28117.00,28193.00,28249.00,28312.00,28401.00,28464.00,28560.00,28645.00,28793.00,28864.00,28945.00,29023.00,29153.00,29261.00,29398.00,29510.00,29572.00,29645.00,29711.00,29796.00,29883.00,29975.00,30084.00,30160.00,30272.00,30358.00,30432.00,30583.00,30661.00,30795.00,30919.00,30979.00,31047.00,31127.00,31239.00,31322.00,31471.00,31559.00,31826.00,31916.00,31979.00,32100.00,32203.00,32353.00,32431.00,32547.00,32628.00,32696.00,32760.00,32831.00,32928.00,33028.00,33167.00,33265.00,33324.00,33421.00,33555.00,33644.00,33758.00,33856.00,33935.00,34032.00,34127.00,34209.00,34278.00,34384.00,34454.00,34540.00,34609.00,34683.00,34765.00,34831.00,34897.00,34988.00,35059.00,35176.00,35287.00,35357.00,35439.00,35497.00,35572.00,35678.00,35795.00,35917.00,35974.00,36050.00,36165.00,36217.00,36287.00,36435.00,36493.00,36549.00,36834.00,36902.00,36960.00,37017.00,37143.00,37195.00,37303.00,37388.00,37450.00,37530.00,37677.00,37778.00,37857.00,37972.00,38064.00,38164.00,38222.00,38300.00,38394.00,38492.00,38576.00,38706.00,38823.00,38896.00,38980.00,39094.00,39156.00,39359.00,39527.00,39589.00,39667.00,39740.00,39835.00,39917.00,39996.00,40097.00,40272.00,40371.00,40454.00,40547.00,40628.00,40757.00,40930.00,41013.00,41090.00,41155.00,41274.00,41354.00,41429.00,41577.00,41672.00,41745.00,41803.00,41906.00,42000.00,42120.00,42187.00,42311.00,42377.00,42452.00,42543.00,42615.00,42732.00,42785.00,42840.00,42939.00,43016.00,43139.00,43336.00,43402.00,43465.00,43560.00,43756.00,43845.00,43943.00,44095.00,44190.00,44254.00,44338.00,44465.00,44552.00,44623.00,44693.00,44782.00,44859.00,44993.00,45088.00,45244.00,45365.00,45491.00,45598.00,45698.00,45803.00,45937.00,46111.00,46353.00,46544.00,46700.00,46764.00,46873.00,47005.00,47187.00,47285.00,47386.00,47511.00,47647.00,47738.00,47841.00,48219.00,48362.00,48538.00,48627.00,48737.00,48915.00,49164.00,49252.00,49356.00,49432.00,49531.00,49596.00,49694.00,49965.00,50061.00,,,,,,,,,,,,,,,,,,,,,,,,,,,,,,,,,,,,,,,,,,,,,,,,,,,,,,
-0.01,-118.43,-430.12,-106.35,4.04,-79.74,-205.32,-484.56,-72.95,-276.78,-116.63,-229.85,-162.82,-53.83,-75.99,-227.23,-70.32,-142.04,-97.50,-221.85,-207.95,-110.96,-37.11,-409.19,-79.28,-343.49,-42.59,-83.23,-189.02,-96.03,-106.65,4.30,-69.33,-74.40,-44.61,-256.39,-166.44,-86.46,-82.87,-116.78,-96.44,-74.15,-86.13,-101.63,-154.06,-212.73,-65.60,-302.38,-175.66,-160.77,-47.03,-214.95,-50.64,-81.47,-142.14,-145.07,-96.89,-129.08,8.67,-155.80,-73.32,-95.00,-34.51,-108.13,-89.95,-103.26,-134.76,13.02,-103.56,-102.73,-65.81,-89.68,-60.31,-76.30,-107.07,-55.78,-96.92,-101.99,-172.99,-96.60,-94.28,-83.79,-95.77,-82.59,-95.17,-62.51,-87.07,-430.81,-53.67,-123.56,-152.94,-52.67,-110.27,-83.38,-77.09,-257.25,-88.87,-129.10,-104.63,-114.85,-59.90,-124.26,-141.08,-3.50,-54.48,-133.56,-101.73,-92.19,-127.94,-150.93,-59.00,-151.74,-131.62,-79.16,-105.88,163.58,-109.36,-44.41,-63.24,-178.86,-94.23,-140.46,-70.89,-77.17,-39.93,-251.09,-150.31,-85.00,-65.27,-68.81,-115.44,-107.10,-136.91,-156.77,-340.04,-86.57,-186.08,-92.21,-226.75,-125.50,-34.25,-229.55,-129.02,-74.34,-119.65,-213.78,-94.09,-153.77,-152.74,-82.56,-222.50,-97.04,-213.26,-98.28,-372.14,-136.27,-85.19,-133.78,-101.02,-116.25,-422.80,-178.32,-103.65,-213.63,-253.08,-474.17,-94.09,-123.57,-109.89,-66.04,-137.67,-191.67,-236.14,-174.39,-158.68,-168.89,-252.98,-226.71,-157.88,-150.48,-211.07,-57.03,-147.10,-158.36,-83.06,-105.35,-188.32,-77.36,-132.61,-209.80,-189.75,-72.48,-177.14,-177.83,-44.64,-80.44,-76.63,-185.59,-115.59,-110.40,-95.21,-196.08,-116.68,-201.85,-380.79,-248.43,-26.26,-171.78,-106.11,-111.28,-218.46,-266.42,-174.07,-120.55,-287.59,-251.51,-145.64,-67.05,-114.62,-172.19,-247.88,-104.71,-206.96,-353.10,-193.72,-227.22,-190.64,-187.36,-142.11,-120.32,-107.87,-236.19,-225.66,-265.09,-228.08,-112.85,-271.03,-170.83,-25.93,-142.99,-138.50,-235.24,-68.89,-104.03,-166.56,-186.88,-326.69,-83.81,-224.79,-179.30,-104.98,-121.37,-120.86,-178.29,-202.87,-77.93,-138.04,-243.19,-182.30,-259.22,-277.36,-272.71,-212.71,-150.36,-140.46,-161.63,-64.36,-157.31,-173.47,-140.06,-217.04,-69.42,-103.54,-101.09,-210.27,-129.02,-386.87,-306.03,-256.60,-120.16,-218.28,-76.74,-45.21,-230.28,-205.23,-358.61,-270.03,-99.21,-124.69,-216.70,-234.28,-130.25,-174.87,-253.25,-240.95,-437.00,-270.98,-205.06,-147.89,-70.32,-208.25,-176.43,-89.81,-215.36,-421.95,-137.64,-93.17,-85.05,-403.88,-111.97,-44.06,-205.31,-687.97,-75.67,-564.78,-327.99,-184.49,-300.54,-102.48,-241.60,,,,,,,,,,,,,,,,,,,,,,,,,,,,,,,,,,,,,,,,,,,,,,,,,,,,,,,,,,,,,,,,,,,,,,,,,,,,,,,,,,,,,,,,,,,,,,,,,,,,,,,,,,,,,,,,,,,,,,,,,,,,,,,,,,,,,,,,,,,,,,,,,,,,,,,,,,,,,,,,,,,,,,,,,,,,,,,,,,,,,,,,,,,,,,,,,,,,,,,,,,,,,,,,,,,,,,,,,,,,,,,,,,,,,,,,,,,,,,,,,,,,,,,,,,,,,,,,
115.00,220.00,337.00,457.00,578.00,662.00,730.00,855.00,934.00,1002.00,1086.00,1185.00,1304.00,1368.00,1434.00,1510.00,1648.00,1752.00,1832.00,1918.00,1988.00,2057.00,2121.00,2224.00,2302.00,2434.00,2508.00,2624.00,2739.00,2843.00,2922.00,2996.00,3086.00,3166.00,3243.00,3390.00,3489.00,3561.00,3634.00,3741.00,3859.00,3921.00,4003.00,4072.00,4148.00,4247.00,4327.00,4420.00,4533.00,4649.00,4719.00,4854.00,4928.00,5002.00,5111.00,5225.00,5313.00,5420.00,5564.00,5645.00,5740.00,5828.00,5890.00,5980.00,6085.00,6188.00,6307.00,6395.00,6497.00,6605.00,6793.00,6888.00,6961.00,7074.00,7157.00,7233.00,7339.00,7420.00,7517.00,7580.00,7694.00,7787.00,7869.00,8013.00,8081.00,8143.00,8212.00,8292.00,8358.00,8433.00,8561.00,8681.00,8761.00,8837.00,8935.00,9056.00,9158.00,9240.00,9349.00,9447.00,9526.00,9636.00,9727.00,9821.00,9894.00,9984.00,10063.00,10184.00,10344.00,10439.00,10512.00,10622.00,10704.00,10801.00,10909.00,11409.00,11509.00,11597.00,11712.00,11872.00,11969.00,12111.00,12181.00,12276.00,12353.00,12492.00,12682.00,12799.00,12920.00,12987.00,13066.00,13174.00,13258.00,13334.00,13434.00,13507.00,13714.00,13781.00,13884.00,13987.00,14102.00,14305.00,14373.00,14469.00,14605.00,14825.00,14897.00,15031.00,15152.00,15243.00,15516.00,15686.00,15848.00,15922.00,16045.00,16160.00,16232.00,16354.00,16460.00,16536.00,16788.00,16911.00,16985.00,17325.00,17530.00,17775.00,17886.00,17971.00,18048.00,18166.00,18326.00,18716.00,18932.00,19099.00,19214.00,19362.00,19484.00,19727.00,19905.00,20119.00,20238.00,20303.00,20438.00,20626.00,20700.00,20782.00,20998.00,21075.00,21192.00,21326.00,21492.00,21575.00,21800.00,21904.00,21997.00,22162.00,22258.00,22389.00,22551.00,22621.00,22792.00,23182.00,23292.00,23527.00,23928.00,24127.00,24222.00,24386.00,24591.00,24947.00,25112.00,25390.00,25890.00,26091.00,26427.00,26544.00,26865.00,27035.00,27111.00,27226.00,27457.00,27556.00,27858.00,28186.00,28293.00,28614.00,28880.00,28987.00,29183.00,29403.00,29478.00,29760.00,29882.00,30000.00,30087.00,30165.00,30266.00,30407.00,30480.00,30597.00,30733.00,30859.00,31044.00,31153.00,31340.00,31561.00,31923.00,32423.00,32718.00,32972.00,33050.00,33310.00,33386.00,33497.00,33600.00,33683.00,33787.00,34019.00,34258.00,34542.00,34678.00,35161.00,35288.00,35590.00,35662.00,36145.00,36276.00,36631.00,36785.00,36957.00,37094.00,37203.00,37346.00,37554.00,37693.00,37946.00,38055.00,38331.00,38460.00,38627.00,38883.00,39020.00,39416.00,39697.00,39888.00,40233.00,40340.00,40699.00,41199.00,41402.00,41837.00,42007.00,42176.00,42494.00,42817.00,43174.00,43538.00,43662.00,44021.00,44229.00,44578.00,45078.00,45518.00,45662.00,45940.00,46130.00,46275.00,46551.00,46944.00,47192.00,47315.00,47815.00,48315.00,48435.00,48820.00,48944.00,49171.00,49339.00,49839.00,50216.00,,,,,,,,,,,,,,,,,,,,,,,,,,,,,,,,,,,,,,,,,,,,,,,,,,,,,,,,,,,,,,,,,,,,,,,,,,,,,,,,,,,,,,,,,,,,,,,,,,,,,,,,,,,,,,,,,,,,,,,,,,,,,,,,,,,,,,,,,,,,,,,,,,,,,,,,,,,,,,,,,,,,,,,,,,,,,,,,,,,,,,,,,,,,,,,,,,,,,,,,,,,,,,,,,,,,,,,,,,,,,,,,,,,,,,,,,,,,,,,,,,,,,,,,,,,,,,,,
-326.53,-147.37,-101.65,-100.33,-188.85,-44.35,-80.02,-64.13,-375.47,-119.18,-144.70,-302.61,-407.40,-531.32,-102.71,5.80,-61.84,-99.00,-92.49,-97.26,-135.43,-70.50,-114.64,-99.11,-116.72,-212.21,-164.33,-110.19,-121.59,-144.02,-135.11,-105.07,-190.40,-132.93,-125.69,-112.33,-106.02,-95.65,-150.34,-79.18,-81.34,-123.47,-407.42,-77.41,-112.13,-56.23,-86.61,-226.94,-108.01,-91.90,-226.22,-80.55,-93.97,-95.35,-66.53,-15.97,-78.26,-73.68,-71.75,-107.25,-107.51,-63.59,-107.03,-106.79,-84.46,-115.03,-48.62,-164.64,-112.85,-90.80,-29.56,-107.05,-142.78,-68.57,-79.40,-106.27,-110.28,-77.89,-122.90,-43.54,-13.61,-14.37,-97.15,-138.54,-270.64,-93.59,-94.83,-62.98,-122.44,-75.68,-169.79,-84.38,-94.63,-144.74,-114.60,2.57,-82.82,-108.68,-87.46,-59.59,-74.21,-41.06,-94.60,-114.36,-133.76,-121.16,-121.30,-58.90,-42.14,-37.62,-99.73,-124.39,-123.59,-69.67,-152.68,-149.27,-154.99,-120.32,-108.11,-152.76,-79.11,-48.91,-89.30,-94.83,-102.86,-154.32,-112.30,-228.14,-83.44,-136.16,-88.35,-473.29,-128.33,-224.03,-72.22,-126.84,-77.30,-134.52,-120.91,-146.03,-273.16,-30.05,-62.13,-113.85,-88.04,-119.54,-91.51,-220.12,-155.37,-114.88,-53.16,-104.21,-116.52,-413.23,-89.29,-14.81,-136.02,-181.76,-276.69,-165.51,-177.95,-83.52,-141.40,-77.32,-120.55,-96.61,-107.52,-116.19,-155.86,-103.81,-136.44,-294.10,-119.93,-137.75,-75.29,-298.45,-130.24,-136.50,-45.34,-110.96,24.88,-59.84,-98.61,-152.05,-98.16,-146.29,-290.26,-135.98,-106.76,-140.88,-143.34,-159.51,-246.30,-69.74,-209.63,-158.06,-184.68,-124.38,-93.09,-100.51,-33.21,-447.42,-143.66,-147.09,-134.11,-229.06,-22.22,-46.15,-166.38,-315.26,-105.29,-373.00,-503.59,-249.79,-243.42,-127.09,-114.85,-134.24,-120.67,-102.68,-263.64,-326.81,-231.67,-179.45,-228.42,2.96,-386.50,-498.53,-124.97,-223.02,-189.54,-122.61,-425.93,-194.60,-171.10,-101.95,-311.00,-56.78,-187.73,-264.78,-189.10,-187.99,-312.33,-213.63,-222.75,-155.30,-262.57,-83.82,-71.47,-217.99,-145.96,-131.06,-1098.99,-53.59,-254.65,-254.57,-289.16,-201.24,-201.05,-318.71,-415.73,-22.21,-128.12,-216.12,-79.34,-317.31,-406.20,-2.80,-292.33,-225.04,-228.37,-413.23,-153.56,-274.83,-157.24,-260.76,-398.43,-219.22,-194.84,-123.57,-562.82,-202.40,-222.74,22.17,-117.06,-217.73,-225.12,-329.77,-151.47,-333.48,-209.48,-256.87,-341.11,-106.67,-261.08,-104.95,-106.06,-464.14,-90.35,-187.44,-415.52,-343.41,-383.47,-438.20,-388.44,-27.95,-72.76,-116.42,-120.50,-443.85,-277.75,-251.63,-185.07,-109.20,-168.70,-322.53,-174.51,-160.01,-361.07,-206.15,-120.21,-261.58,-213.42,-318.91,-354.14,-118.33,-216.40,-116.46,-0.53,-104.42,-324.15,-311.70,-97.22,-269.36,-189.34,-20.60,-99.52,-112.03,-87.48,-161.97,-54.57,-69.87,-396.16,-154.79,-148.12,-188.44,-89.81,-63.41,-31.76,-273.30,-119.63,-414.59,-115.20,-164.34,-146.97,-41.17,-23.52,4.19,-88.98,-215.20,-156.38,-72.43,-108.22,-214.53,-192.43,12.71,-126.05,-112.27,-119.39,-146.08,-269.50,-207.08,-37.46,-48.93,-207.53,-170.86,-107.16,-80.20,-488.95,-186.86,-31.71,-380.97,-118.83,-35.23,-106.78,-95.13,-58.37,-106.90,-117.88,48.47,-63.60,-149.72,-141.72,-284.32,-280.78,-208.06,-28.56,-365.27,-158.77,-40.85,-100.28,-368.95,-122.86,-126.89,-330.12,-85.20,-281.89,-241.59,-0.59,-134.01,-90.29,-486.33,-185.57,-118.34,-138.55,-395.49,-67.84,-297.88,-280.59,-84.67,-362.63,-298.09,-219.95,-184.91,-153.13,-83.32,3.58,-132.30,-62.94,-241.55,-123.27,-195.85,-183.27,-263.69,-247.48,-164.88,-81.90,-237.68,-101.00,-83.66,-75.34,-133.70,-540.94,-92.39,-208.17,-1015.18,-314.69,-179.61,-157.86,-129.49,-221.33,-224.91,-113.79,-240.04,-216.02,-309.00,-206.73,-124.96,-90.70,-127.08,11.40,-209.03,-271.01,-162.38,-69.47,-102.29,-248.82,-130.33,-202.60,-180.81,-169.90,-154.55,-218.54,-139.18,-147.27,-205.89,-105.78,-167.94,-104.28,-179.84,-412.89,-129.51,-166.98,-189.17,-81.52,-150.09,-521.71,-68.52,-145.96,-213.82,-62.03,-229.64,-120.48,-321.08,-252.85,-130.85,-93.32,-269.41,-135.14,-187.45,-144.31,44.29,-140.70,-243.95,-244.17,-77.89,-114.43,-101.72,-297.75,-111.97,-498.58,-262.90,-160.83,-233.71,-143.08,-130.22,-89.74,-69.67,-211.73,-277.48,-237.64,-337.34,-121.03,-193.75,-143.48,-268.57,-102.48,-405.39,-256.55,-270.33,-61.98,-101.22,-154.70,-251.10,-88.62,-283.01,-201.38,4.57,-199.40,-174.02,-179.92,-41.02,-127.01,-171.96,-134.57,-60.62,-246.20,-169.18,-100.14,-4.58,-221.96,-99.36,-206.56,-111.83,-327.19,-94.46,-86.33,-70.09,-110.97,-163.71,-155.12,-115.88,-123.70,-118.24,-368.42,-310.04,-308.20,-4.37,-97.89,-135.14,-257.20,-264.18,-338.99,-68.72,-416.10,-132.29
91.00,188.00,271.00,374.00,505.00,567.00,645.00,748.00,821.00,899.00,1000.00,1069.00,1154.00,1284.00,1361.00,1485.00,1559.00,1642.00,1748.00,1860.00,1961.00,2026.00,2132.00,2209.00,2288.00,2365.00,2478.00,2598.00,2671.00,2788.00,2908.00,3020.00,3091.00,3195.00,3267.00,3388.00,3466.00,3583.00,3687.00,3763.00,3856.00,3944.00,4058.00,4129.00,4232.00,4299.00,4364.00,4467.00,4574.00,4671.00,4793.00,4872.00,4954.00,5021.00,5123.00,5262.00,5363.00,5422.00,5511.00,5583.00,5677.00,5779.00,5913.00,6021.00,6086.00,6191.00,6268.00,6383.00,6448.00,6520.00,6632.00,6706.00,6786.00,6848.00,6903.00,7007.00,7079.00,7142.00,7247.00,7369.00,7476.00,7555.00,7639.00,7723.00,7834.00,7916.00,7992.00,8069.00,8143.00,8214.00,8297.00,8372.00,8435.00,8510.00,8590.00,8679.00,8783.00,8853.00,8973.00,9096.00,9189.00,9267.00,9337.00,9414.00,9493.00,9569.00,9643.00,9715.00,9793.00,9857.00,9924.00,9992.00,10072.00,10194.00,10310.00,10398.00,10474.00,10556.00,10651.00,10735.00,10828.00,10910.00,11009.00,11098.00,11173.00,11298.00,11406.00,11538.00,11658.00,11734.00,11813.00,11935.00,12012.00,12119.00,12184.00,12263.00,12324.00,12422.00,12493.00,12611.00,12694.00,12807.00,12964.00,13035.00,13098.00,13198.00,13304.00,13399.00,13522.00,13583.00,13717.00,13792.00,13898.00,13973.00,14091.00,14211.00,14275.00,14345.00,14466.00,14587.00,14691.00,14772.00,14844.00,14910.00,15025.00,15088.00,15154.00,15213.00,15314.00,15405.00,15480.00,15614.00,15712.00,15811.00,15876.00,15988.00,16053.00,16121.00,16185.00,16248.00,16322.00,16411.00,16490.00,16576.00,16702.00,16777.00,16935.00,17003.00,17084.00,17150.00,17219.00,17315.00,17382.00,17446.00,17510.00,17585.00,17680.00,17752.00,17843.00,17933.00,18034.00,18157.00,18220.00,18278.00,18359.00,18450.00,18543.00,18657.00,18738.00,18828.00,18906.00,18981.00,19101.00,19196.00,19274.00,19347.00,19421.00,19495.00,19560.00,19619.00,19700.00,19829.00,19887.00,19985.00,20045.00,20102.00,20173.00,20253.00,20310.00,20363.00,20481.00,20558.00,20638.00,20725.00,20794.00,20887.00,20974.00,21034.00,21099.00,21158.00,21218.00,21286.00,21352.00,21465.00,21553.00,21645.00,21721.00,21780.00,21883.00,21980.00,22047.00,22111.00,22373.00,22432.00,22515.00,22572.00,22678.00,22753.00,22813.00,22879.00,22966.00,23026.00,23081.00,23183.00,23239.00,23299.00,23374.00,23453.00,23507.00,23598.00,23660.00,23750.00,23822.00,23915.00,24021.00,24132.00,24218.00,24299.00,24408.00,24472.00,24555.00,24628.00,24696.00,24778.00,24848.00,24915.00,25018.00,25080.00,25155.00,25219.00,25273.00,25382.00,25463.00,25556.00,25616.00,25720.00,25803.00,25914.00,26009.00,26067.00,26153.00,26219.00,26301.00,26397.00,26608.00,26697.00,26766.00,26861.00,26943.00,27056.00,27147.00,27233.00,27313.00,27374.00,27435.00,27551.00,27608.00,27674.00,27760.00,27829.00,27902.00,28014.00,28095.00,28170.00,28261.00,28333.00,28404.00,28466.00,28572.00,28630.00,28718.00,28806.00,28858.00,28934.00,29028.00,29111.00,29176.00,29244.00,29297.00,29390.00,29534.00,29608.00,29692.00,29758.00,29829.00,29930.00,29989.00,30052.00,30126.00,30220.00,30291.00,30413.00,30480.00,30649.00,30715.00,30780.00,30863.00,30981.00,31046.00,31156.00,31250.00,31304.00,31391.00,31467.00,31557.00,31627.00,31683.00,31764.00,31842.00,31961.00,32063.00,32146.00,32213.00,32295.00,32360.00,32437.00,32521.00,32612.00,32698.00,32761.00,32846.00,32957.00,33037.00,33110.00,33183.00,33256.00,33335.00,33398.00,33462.00,33559.00,33642.00,33712.00,33798.00,33875.00,33960.00,34047.00,34196.00,34272.00,34346.00,34420.00,34502.00,34614.00,34686.00,34751.00,34853.00,34935.00,34996.00,35064.00,35205.00,35260.00,35338.00,35472.00,35526.00,35590.00,35665.00,35761.00,35824.00,35899.00,35966.00,36066.00,36153.00,36243.00,36337.00,36394.00,36487.00,36567.00,36712.00,36780.00,36875.00,36950.00,37019.00,37074.00,37156.00,37213.00,37282.00,37367.00,37458.00,37566.00,37656.00,37710.00,37768.00,37831.00,37922.00,38027.00,38132.00,38328.00,38418.00,38512.00,38564.00,38618.00,38728.00,38842.00,38908.00,38982.00,39054.00,39183.00,39285.00,39434.00,39491.00,39575.00,39664.00,39754.00,39836.00,39906.00,39991.00,40083.00,40181.00,40262.00,40339.00,40412.00,40486.00,40552.00,40605.00,40660.00,40746.00,40851.00,40944.00,41059.00,41163.00,41273.00,41382.00,41462.00,41550.00,41646.00,41700.00,41850.00,41967.00,42085.00,42201.00,42289.00,42378.00,42447.00,42523.00,42630.00,42692.00,42781.00,42858.00,42968.00,43054.00,43146.00,43244.00,43334.00,43396.00,43494.00,43606.00,43688.00,43764.00,43824.00,43925.00,44002.00,44093.00,44198.00,44278.00,44381.00,44433.00,44524.00,44614.00,44680.00,44741.00,44830.00,44934.00,45027.00,45099.00,45224.00,45283.00,45384.00,45458.00,45554.00,45674.00,45761.00,45887.00,45961.00,46055.00,46154.00,46252.00,46365.00,46470.00,46565.00,46659.00,46749.00,46881.00,46969.00,47029.00,47125.00,47242.00,47328.00,47383.00,47479.00,47624.00,47713.00,47812.00,47916.00,47974.00,48054.00,48135.00,48278.00,48357.00,48415.00,48505.00,48584.00,48644.00,48736.00,48828.00,48904.00,48977.00,49076.00,49184.00,49284.00,49340.00,49395.00,49455.00,49727.00,49791.00,49878.00,49989.00,50061.00
-86.17,-102.87,-442.69,-129.88,-341.31,-125.09,-158.31,-78.21,-173.47,-360.99,-369.55,-88.43,-233.14,-187.61,-59.34,-89.39,-195.07,-97.64,-78.02,-196.88,31.58,-454.06,-21.43,0.42,-149.03,-297.71,-30.84,-108.37,-87.35,-113.93,-110.38,-184.03,-98.28,2.51,-89.38,-162.65,-72.01,-101.94,-149.32,-88.15,-50.20,-69.35,-72.29,-69.75,-119.84,-116.28,-83.01,-57.80,-68.47,-128.80,-115.39,-90.65,-78.99,-111.08,-112.34,-71.83,-126.33,-99.11,45.95,-60.47,-127.93,-95.93,-138.66,-221.40,-146.78,-76.70,-100.24,-117.61,-160.45,-153.10,-130.05,-238.00,-120.65,-179.56,-187.77,-213.77,-115.20,-155.66,-157.26,-90.41,-129.42,-153.00,-146.70,-99.22,-214.64,-47.21,-333.42,-106.57,-282.83,-90.71,-238.51,-136.47,-155.61,8.67,-99.18,-97.44,-96.98,-46.35,-112.89,-205.85,-121.01,-114.23,-474.53,-117.56,-89.07,-185.17,-134.52,-46.20,-133.24,-201.60,-134.67,-145.44,-163.46,-81.53,-445.46,-201.55,-186.56,-164.08,-169.46,-119.22,-424.89,-126.96,-109.88,-232.64,-313.27,-50.92,-81.33,-71.84,-213.95,-303.64,-159.82,-156.27,-135.49,-132.22,-88.65,-337.80,-73.10,2.24,-85.89,-235.94,-119.36,-141.90,-129.17,-118.22,-24.45,-185.95,-127.14,-369.81,-84.84,-211.57,-229.57,-397.11,-161.60,-262.54,-110.95,-178.20,-404.57,-372.93,-281.01,-490.74,-240.53,-341.23,-202.30,-94.01,-491.49,-382.55,-302.46,-118.40,-255.08,-224.97,-257.09,-161.00,-240.62,-259.53,-119.60,-384.90,-298.74,-618.68,-290.98,-679.64,-324.95,-183.65,-501.91,-34.29,-504.48,-160.39,-273.28,-172.01,-266.48,-405.11,-332.02,-651.01,-583.97,-359.66,-241.78,-54.21,-312.01,-134.71,-166.94,-294.60,-532.94,-329.52,-292.52,-155.76,-248.77,-283.68,-542.06,-646.84,-67.03,-5.43,-343.95,-238.15,-352.36,-239.31,-485.61,-116.55,-147.95,-526.19,-208.52,-487.85,-128.89,-186.32,-363.10,-121.71,-434.83,-264.69,-279.07,-568.98,-155.56,-465.70,-129.15,-281.13,-40.55,-264.33,-250.10,-430.51,-292.39,-236.63,-98.90,-336.47,-212.20,-419.78,-661.24,-363.69,-286.44,-689.01,-422.33,-437.49,-113.63,-344.53,-710.12,-232.78,-98.17,-191.80,-440.38,-164.94,-333.77,-436.31,-204.23,-419.62,-442.23,-236.37,-193.45,-590.85,-348.87,-348.89,-541.93,-256.08,-286.66,-307.30,-453.22,-150.60,-134.07,-236.45,-479.16,-217.09,-293.30,-202.58,-90.17,-393.46,-8.26,-350.78,-142.86,-333.52,-192.80,-318.91,-199.71,-182.77,-243.20,-279.03,-197.16,-43.30,-303.28,-217.84,-234.78,-488.87,-120.68,-133.89,-335.86,-282.29,-180.76,-1051.90,-465.87,-234.18,-185.47,-109.88,-204.85,-140.12,-56.35,-360.08,-418.23,-483.46,-248.45,-248.05,-263.97,-129.21,-439.31,-254.23,-348.02,-222.38,-375.33,-228.54,-589.76,-577.53,-391.26,-216.12,-80.72,-132.16,-151.08,-347.33,-327.29,-264.76,-173.00,-196.57,-522.27,-244.08,-241.26,-136.04,-108.59,-335.78,-198.54,-295.11,-83.24,-189.27,-364.97,-450.25,-182.94,-346.38,-134.19,-139.64,-62.38,-125.14,-96.52,-282.85,-190.80,-340.31,-46.44,-121.07,-96.93,-77.41,-374.07,-127.28,-69.83,-148.55,-255.27,-462.02,-136.81,-448.25,-134.58,-487.82,-298.80,-402.86,-453.56,-161.51,-327.92,-405.01,-144.72,-458.97,-98.23,-108.97,-524.45,-292.97,-289.95,-536.07,-377.68,-245.79,-232.24,-424.83,-387.85,-173.00,-149.91,-182.20,-482.88,-304.31,-388.85,-614.32,-246.07,-463.10,-363.34,-608.40,-420.08,-542.76,-250.26,-288.56,-455.74,-199.80,-140.44,-138.03,-176.77,-550.74,-395.10,-375.76,-101.79,-432.08,-707.48,-191.67,-199.55,-132.85,-259.72,2.48,-495.92,-337.89,-287.22,-372.53,-605.53,-331.42,-209.40,-357.71,-301.48,-449.20,-295.76,-215.23,-252.26,33.68,-299.11,-239.16,-109.35,-356.71,-210.30,-301.68,-23.39,-256.45,-478.76,-236.23,-209.28,-319.16,-423.15,-551.52,-18.47,-346.96,-115.80,-255.04,-353.10,-234.81,-156.98,-387.67,-538.34,-434.14,-232.71,-225.38,-132.32,-88.53,-206.61,-298.29,-197.93,-400.91,-185.46,-375.48,-273.40,-149.80,-487.44,-236.74,-520.51,-78.34,-132.39,-342.19,-458.78,-571.72,-1125.24,-187.73,13.75,-25.80,-139.10,-68.48,-133.95,-349.16,-78.81,-128.37,-349.24,-379.63,-304.84,-55.80,-62.23,-355.37,-17.52,-114.75,-278.53,-111.83,-224.87,-232.45,-149.47,-269.70,-182.42,-294.88,-238.41,-595.43,-216.85,-134.26,-84.44,-131.38,-153.03,-423.88,-189.41,-548.82,-238.24,-267.00,-247.99,-725.94,-101.33,-236.58,-243.32,-311.31,-400.27,-403.82,-127.53,-150.74,-197.10,-132.41,-462.80,-501.40,-364.42,-113.55,-460.72,-592.34,-603.81,-103.32,-502.63,-73.64,-563.81,-168.33,-253.14,-179.53,-307.12,-93.32,-281.77,-446.89,-205.05,-244.71,,,,,,,,,,,,,,,,,,,,,,,,,,,,
63.00,149.00,247.00,342.00,462.00,550.00,617.00,719.00,785.00,876.00,975.00,1051.00,1111.00,1190.00,1267.00,1358.00,1434.00,1498.00,1568.00,1691.00,1781.00,1907.00,2054.00,2162.00,2230.00,2324.00,2408.00,2483.00,2547.00,2657.00,2745.00,2842.00,2905.00,3041.00,3123.00,3232.00,3296.00,3392.00,3477.00,3594.00,3685.00,3790.00,3877.00,3940.00,4016.00,4104.00,4177.00,4244.00,4315.00,4401.00,4511.00,4577.00,4712.00,4829.00,4905.00,5013.00,5157.00,5258.00,5345.00,5418.00,5504.00,5641.00,5732.00,5826.00,5929.00,6003.00,6082.00,6211.00,6279.00,6384.00,6477.00,6591.00,6669.00,6732.00,6859.00,6974.00,7054.00,7119.00,7233.00,7342.00,7454.00,7543.00,7632.00,7723.00,7796.00,7875.00,7990.00,8065.00,8185.00,8253.00,8362.00,8437.00,8616.00,8697.00,8786.00,8868.00,8935.00,9010.00,9117.00,9215.00,9299.00,9361.00,9502.00,9584.00,9658.00,9720.00,9831.00,9887.00,9981.00,10080.00,10160.00,10291.00,10352.00,10446.00,10543.00,10615.00,10706.00,10778.00,10860.00,10961.00,11064.00,11126.00,11243.00,11313.00,11409.00,11524.00,11634.00,11705.00,11823.00,11915.00,12004.00,12081.00,12171.00,12272.00,12334.00,12445.00,12539.00,12626.00,12736.00,12819.00,12936.00,13014.00,13107.00,13192.00,13259.00,13337.00,13421.00,13534.00,13615.00,13716.00,13845.00,13937.00,14052.00,14116.00,14213.00,14313.00,14416.00,14482.00,14571.00,14667.00,14763.00,14993.00,15057.00,15117.00,15278.00,15372.00,15431.00,15530.00,15614.00,15682.00,15765.00,15829.00,15947.00,16029.00,16133.00,16347.00,16406.00,16484.00,16575.00,16692.00,16808.00,16895.00,17003.00,17099.00,17194.00,17265.00,17331.00,17405.00,17464.00,17552.00,17617.00,17710.00,17823.00,17889.00,18016.00,18123.00,18178.00,18286.00,18382.00,18483.00,18576.00,18677.00,18747.00,18808.00,18880.00,18949.00,19111.00,19200.00,19265.00,19364.00,19416.00,19522.00,19593.00,19746.00,19819.00,19879.00,19945.00,20017.00,20085.00,20154.00,20232.00,20310.00,20369.00,20430.00,20510.00,20589.00,20649.00,20729.00,20828.00,20903.00,21008.00,21098.00,21238.00,21338.00,21419.00,21510.00,21587.00,21647.00,21750.00,21825.00,22001.00,22120.00,22249.00,22328.00,22396.00,22503.00,22593.00,22660.00,22718.00,22802.00,22956.00,23049.00,23131.00,23233.00,23404.00,23472.00,23531.00,23629.00,23701.00,23766.00,23832.00,23908.00,24113.00,24200.00,24266.00,24363.00,24438.00,24541.00,24614.00,24704.00,24765.00,24851.00,24912.00,25022.00,25160.00,25225.00,25287.00,25470.00,25526.00,25616.00,25688.00,25771.00,25872.00,25938.00,26059.00,26129.00,26186.00,26253.00,26323.00,26388.00,26444.00,26515.00,26623.00,26679.00,26755.00,26851.00,26906.00,26959.00,27084.00,27154.00,27219.00,27415.00,27512.00,27593.00,27655.00,27758.00,27842.00,27911.00,27978.00,28051.00,28136.00,28272.00,28362.00,28418.00,28559.00,28650.00,28773.00,28835.00,28911.00,28986.00,29080.00,29132.00,29227.00,29314.00,29386.00,29462.00,29521.00,29641.00,29695.00,29768.00,29929.00,29985.00,30131.00,30216.00,30299.00,30470.00,30573.00,30706.00,30764.00,30859.00,30933.00,31002.00,31085.00,31138.00,31232.00,31346.00,31485.00,31566.00,31649.00,31808.00,31875.00,32032.00,32102.00,32164.00,32270.00,32432.00,32489.00,32545.00,32611.00,32738.00,32824.00,32887.00,32955.00,33040.00,33093.00,33180.00,33254.00,33335.00,33439.00,33511.00,33619.00,33679.00,33739.00,33827.00,33908.00,33993.00,34057.00,34154.00,34206.00,34263.00,34340.00,34443.00,34559.00,34703.00,34771.00,34833.00,34905.00,34989.00,35105.00,35177.00,35246.00,35421.00,35512.00,35601.00,35721.00,35833.00,35904.00,36059.00,36145.00,36235.00,36335.00,36417.00,36582.00,36649.00,36723.00,36853.00,36919.00,37020.00,37098.00,37162.00,37236.00,37303.00,37364.00,37486.00,37598.00,37693.00,37777.00,37840.00,37908.00,37983.00,38094.00,38155.00,38222.00,38317.00,38476.00,38565.00,38640.00,38694.00,38825.00,38891.00,38954.00,39031.00,39090.00,39218.00,39288.00,39388.00,39447.00,39525.00,39616.00,39726.00,39866.00,39990.00,40088.00,40201.00,40275.00,40338.00,40433.00,40528.00,40618.00,40707.00,40826.00,40885.00,40974.00,41036.00,41108.00,41222.00,41318.00,41395.00,41460.00,41533.00,41616.00,41692.00,41764.00,41867.00,41921.00,42004.00,42129.00,42255.00,42326.00,42382.00,42485.00,42580.00,42733.00,42786.00,42863.00,42946.00,43037.00,43150.00,43373.00,43438.00,43528.00,43649.00,43703.00,43783.00,43871.00,43936.00,43989.00,44078.00,44154.00,44231.00,44331.00,44449.00,44509.00,44564.00,44659.00,44760.00,44809.00,44916.00,45007.00,45126.00,45213.00,45283.00,45337.00,45448.00,45567.00,45653.00,45750.00,45808.00,45867.00,45948.00,46020.00,46106.00,46192.00,46276.00,46383.00,46469.00,46560.00,46783.00,46834.00,47073.00,47150.00,47211.00,47267.00,47410.00,47517.00,47630.00,47701.00,47833.00,47909.00,48020.00,48151.00,48226.00,48346.00,48569.00,48656.00,48715.00,48786.00,48894.00,49017.00,49194.00,49286.00,49436.00,49588.00,49727.00,49824.00,49912.00,49968.00,50030.00,,,,,,,,,,,,,,,,,,,,,,,,,,,,
-200.46,-82.69,-281.95,-195.67,-354.39,-146.08,-545.59,-160.20,-221.78,-237.98,-148.75,-125.77,-120.66,-78.12,-132.61,-126.69,-121.24,-116.15,-96.50,-39.66,-217.38,-185.21,-90.43,-80.08,-158.85,-106.74,-106.52,-118.66,-38.73,-77.81,-139.33,-88.20,-340.63,-97.50,-216.37,-79.66,-135.13,25.33,-213.95,-44.74,-478.74,-86.21,-95.32,-188.55,-152.96,-109.43,-119.96,-144.39,-297.13,-120.42,-65.03,-143.30,-89.62,-96.76,-164.06,-63.80,-92.88,-83.00,-68.34,-84.17,-80.63,-73.22,-126.97,-115.97,-66.53,-68.15,-119.72,-139.01,-108.14,-121.75,-171.90,-90.17,-87.73,-161.54,-83.34,-129.54,-62.85,-111.24,-116.29,-161.80,-147.90,-70.22,-111.66,-107.34,-113.27,-80.34,-119.57,-66.75,-277.83,-96.85,-45.50,-66.17,-133.99,-71.20,-175.83,-83.39,-134.81,-99.89,-102.36,-75.24,-102.50,-74.07,-41.57,-101.21,-57.28,-97.84,-88.82,-48.06,-47.47,-119.59,-140.33,-79.97,-171.47,-118.37,-93.64,-72.18,-80.91,-89.03,-168.02,-171.67,-23.59,-88.18,-120.35,-102.21,-90.84,-66.28,-148.45,-56.79,-111.43,-76.23,-60.43,-61.00,-110.73,-95.01,-144.50,-89.51,-110.62,-79.67,-89.13,-73.27,-76.54,-46.47,-154.92,-158.02,-71.43,-39.61,-171.10,-110.65,-51.90,-95.11,-102.17,-38.65,-77.91,-43.42,-52.18,-114.06,-34.34,-72.20,-121.13,-98.20,-63.75,-55.92,-57.45,-261.93,-272.68,-137.00,-103.12,-145.92,-62.47,-34.62,-77.31,-39.13,-66.32,-99.08,-68.76,-69.94,-63.55,-106.22,-100.56,-198.64,-125.17,-493.89,-298.09,-160.34,-87.46,-257.82,-212.01,-43.34,-146.12,-140.44,-28.15,-109.98,-111.62,-91.04,-47.55,-47.45,-660.40,-516.24,-247.88,-149.73,-87.45,-135.90,-175.59,-118.93,-126.01,-183.56,-67.29,-136.81,-223.86,-186.48,-165.35,-111.77,103.68,-358.29,-101.15,-46.85,-72.48,-133.84,-217.88,-239.80,-118.58,-205.95,-140.40,-57.83,-7.64,-78.28,-116.96,-316.76,-269.15,-163.05,-171.93,-228.97,-32.79,-230.93,-82.90,-254.63,-237.40,148.29,-184.94,-128.88,-92.45,-162.28,-56.46,-99.64,20.91,-81.30,-115.41,-93.42,-142.31,37.65,-228.68,-67.25,-212.90,-245.78,-157.56,-279.95,-128.31,-94.14,-282.57,-102.81,-305.26,-112.35,-110.83,-124.02,-280.02,8.03,-119.85,-123.07,-109.94,-373.31,-824.07,-108.25,-190.32,-255.73,-32.17,-238.02,-133.27,-86.24,-146.97,-85.29,-15.91,-63.53,-305.79,-161.25,-247.80,-186.11,-138.49,-145.25,-220.69,-147.63,-222.84,-100.79,-261.94,-185.21,-143.54,-229.16,-104.87,-201.45,-203.93,-125.00,-126.33,-16.35,13.01,-79.52,-153.17,-287.38,89.40,-310.24,-25.53,-89.61,-274.22,-215.21,-120.14,-108.45,-59.58,-83.86,-293.37,-131.80,-156.90,-97.49,-185.07,-89.07,-197.59,-152.38,-69.55,-70.41,-39.00,-92.20,-77.90,-126.32,-127.61,-120.84,-132.10,-200.37,-87.86,-136.34,-498.53,-134.24,-78.99,-266.94,-79.45,-95.56,-113.05,-81.17,-427.05,-85.68,-183.75,-99.13,-123.69,-63.44,-170.30,-229.80,-218.20,-135.00,-128.48,-60.37,-105.88,-389.00,-264.30,-325.27,-104.40,-88.98,-197.58,-25.02,-128.78,-154.98,-188.55,-120.81,-286.64,-77.92,-175.58,-210.53,-100.71,-77.45,-71.52,-69.42,-96.05,-206.51,-97.91,9.58,-120.30,-251.76,-65.04,-105.37,-134.55,-151.57,-76.46,-106.89,-73.35,-98.32,-335.32,-88.47,-107.76,-66.08,-126.41,-182.28,-18.87,-62.72,-358.69,-122.43,-63.73,-115.43,-145.40,-37.25,-27.93,-197.42,-126.37,-106.74,-35.05,,,,,,,,,,,,,,,,,,,,,,,,,,,,,,,,,,,,,,,,,,,,,,,,,,,,,,,,,,,,,,,,,,,,,,,,,,,,,,,,,,,,,,,,,,,,,,,,,,,,,,,,,,,,,,,,,,,,,,,,,,,,,,,,,,,,,,,,,,,,,,,,,,,,,,,,,,,,,,,,,,,,,,,
124.00,190.00,260.00,396.00,476.00,564.00,654.00,731.00,811.00,888.00,957.00,1065.00,1132.00,1284.00,1382.00,1464.00,1563.00,1662.00,1748.00,1849.00,1971.00,2090.00,2158.00,2248.00,2369.00,2454.00,2526.00,2606.00,2678.00,2748.00,2852.00,2981.00,3129.00,3216.00,3317.00,3390.00,3488.00,3578.00,3695.00,3803.00,3932.00,4039.00,4105.00,4232.00,4329.00,4431.00,4506.00,4613.00,4743.00,4847.00,4955.00,5020.00,5115.00,5185.00,5307.00,5370.00,5461.00,5548.00,5618.00,5689.00,5772.00,5858.00,5940.00,6054.00,6209.00,6358.00,6456.00,6538.00,6625.00,6712.00,6857.00,6956.00,7015.00,7109.00,7209.00,7291.00,7359.00,7447.00,7543.00,7645.00,7746.00,7831.00,7910.00,7991.00,8090.00,8172.00,8287.00,8351.00,8454.00,8524.00,8660.00,8733.00,8838.00,8944.00,9087.00,9165.00,9281.00,9370.00,9458.00,9558.00,9702.00,9814.00,9881.00,10014.00,10096.00,10199.00,10274.00,10383.00,10507.00,10631.00,10753.00,10849.00,10987.00,11094.00,11185.00,11263.00,11348.00,11415.00,11549.00,11635.00,11720.00,11803.00,11928.00,12130.00,12234.00,12315.00,12406.00,12524.00,12610.00,12683.00,12771.00,12842.00,12915.00,13001.00,13105.00,13195.00,13322.00,13391.00,13503.00,13593.00,13660.00,13731.00,13915.00,14059.00,14161.00,14239.00,14331.00,14399.00,14470.00,14585.00,14688.00,14755.00,14827.00,14934.00,15010.00,15153.00,15261.00,15421.00,15615.00,15712.00,15808.00,15878.00,15946.00,16082.00,16286.00,16406.00,16493.00,16598.00,16675.00,16842.00,16922.00,16998.00,17080.00,17168.00,17239.00,17338.00,17409.00,17511.00,17662.00,17800.00,17907.00,18017.00,18161.00,18274.00,18394.00,18702.00,18812.00,19030.00,19182.00,19253.00,19325.00,19467.00,19549.00,19693.00,19745.00,19893.00,20031.00,20278.00,20530.00,20642.00,20714.00,20873.00,20992.00,21107.00,21251.00,21376.00,21468.00,21760.00,21924.00,22135.00,22449.00,22520.00,23020.00,23303.00,23408.00,23520.00,23668.00,23827.00,23990.00,24137.00,24389.00,24504.00,24662.00,24752.00,24845.00,24913.00,25111.00,25361.00,25480.00,25655.00,25878.00,26107.00,26188.00,26342.00,26582.00,26756.00,26907.00,27236.00,27379.00,27557.00,27668.00,27839.00,27995.00,28146.00,28232.00,28523.00,28624.00,28802.00,29000.00,29189.00,29460.00,29574.00,29877.00,30070.00,30300.00,30441.00,30583.00,30669.00,31078.00,31169.00,31351.00,31620.00,31790.00,31926.00,32016.00,32100.00,32294.00,32515.00,32586.00,32733.00,32885.00,33027.00,33250.00,33406.00,33592.00,33792.00,33930.00,34032.00,34155.00,34342.00,34432.00,34581.00,34768.00,35018.00,35235.00,35372.00,35507.00,35619.00,35817.00,35942.00,36118.00,36196.00,36415.00,36632.00,36821.00,37279.00,37432.00,37557.00,37783.00,38020.00,38408.00,38519.00,38747.00,38968.00,39180.00,39639.00,40139.00,40354.00,40562.00,40640.00,40958.00,41098.00,41182.00,41293.00,41457.00,41531.00,41638.00,41706.00,41836.00,41907.00,42075.00,42147.00,42348.00,42443.00,42514.00,42670.00,42820.00,42909.00,43007.00,43073.00,43150.00,43318.00,43463.00,43629.00,43700.00,43875.00,44012.00,44166.00,44231.00,44364.00,44468.00,44533.00,44606.00,44679.00,44852.00,44925.00,44988.00,45052.00,45151.00,45212.00,45335.00,45431.00,45497.00,45563.00,45623.00,45721.00,45808.00,45944.00,46037.00,46119.00,46182.00,46312.00,46379.00,46467.00,46550.00,46606.00,46676.00,46763.00,46854.00,46921.00,47019.00,47070.00,47159.00,47264.00,47324.00,47387.00,47489.00,47595.00,47650.00,47761.00,47863.00,47943.00,48013.00,48081.00,48141.00,48210.00,48272.00,48332.00,48425.00,48485.00,48572.00,48671.00,48750.00,48809.00,48863.00,48937.00,49014.00,49096.00,49185.00,49255.00,49325.00,49418.00,49499.00,49608.00,49697.00,49790.00,49880.00,49991.00,50075.00,,,,,,,,,,,,,,,,,,,,,,,,,,,,,,,,,,,,,,,,,,,,,,,,,,,,,,,,,,,,,,,,,,,,,,,,,,,,,,,,,,,,,,,,,,,,,,,,,,,,,,,,,,,,,,,,,,,,,,,,,,,,,,,,,,,,,,,,,,,,,,,,,,,,,,,,,,,,,,,,,,,,,,,
-236.66,-112.59,-123.71,-159.60,-98.53,-260.24,-67.21,-72.17,-260.70,-247.23,-229.55,-123.17,-120.15,-109.93,-94.25,-467.21,-289.86,-342.66,-218.87,-366.54,-146.55,-49.14,-71.00,-182.30,-86.90,-333.43,-239.21,-99.94,-259.05,-83.30,-119.54,-86.81,-135.80,-121.69,-50.88,-115.84,-58.90,7.81,-93.70,-114.28,-73.12,-103.90,-52.76,-160.71,-140.99,-88.94,-114.92,-127.65,-81.43,-105.94,-121.98,-94.74,-60.30,-46.47,-82.45,-222.84,-70.65,-86.02,-89.44,-158.83,-65.64,-133.85,-68.81,-99.14,-77.29,-50.41,-87.11,-99.62,-69.75,-232.76,-83.32,-95.27,-75.31,-77.46,-99.68,-104.69,-91.38,-131.76,-170.47,-17.17,-169.28,-111.12,-34.93,-49.06,-97.57,-163.78,-36.12,-68.29,-238.29,-67.15,-62.11,-138.61,-52.00,-31.71,-185.60,-61.69,-89.26,-113.72,-72.12,-55.70,-21.56,-66.32,-61.13,-72.10,-98.69,-78.75,-98.28,-60.92,-116.93,-107.50,-83.11,-111.87,-109.14,-76.58,-203.24,-93.50,-72.26,-102.53,-86.52,-49.45,-53.44,-79.73,-87.74,-146.28,-57.82,-95.19,-67.07,-55.56,-58.25,-22.79,-71.09,-87.65,-147.84,-114.81,-62.18,-181.49,-64.67,-90.91,-64.45,-96.42,-96.15,-182.26,-118.55,-69.54,-40.43,-137.80,-42.67,-134.77,-56.17,-123.42,-84.08,-120.50,-30.81,-184.78,-175.20,-156.71,-53.92,-69.57,-173.07,-15.73,-126.65,-109.80,-169.59,-69.35,-52.97,-94.95,-460.97,-76.73,-90.97,-30.19,-350.45,-245.12,-73.94,-52.44,-175.73,-92.89,-122.89,-97.68,-108.97,-155.63,-52.92,-122.09,-139.56,-127.81,-190.81,-62.28,-434.55,-101.18,-142.75,-118.99,-254.69,-77.59,-144.83,-218.16,13.25,-221.44,-85.41,-111.66,-193.70,-25.87,-143.17,-170.03,-113.28,-111.71,-78.14,-155.08,-102.30,-155.33,-79.60,-103.95,-98.31,-59.71,-352.64,-89.08,-157.84,-165.25,-115.70,-354.42,-153.65,-302.50,-105.91,-211.97,-449.67,-86.96,-122.27,12.76,-144.60,-397.98,-137.84,-230.64,-217.51,-257.82,-234.66,-196.98,-210.19,-207.04,-92.23,-112.91,-187.19,-105.46,-69.79,-205.92,-68.49,-203.19,-294.17,-588.00,-124.49,-69.66,-75.69,-317.65,-277.81,-145.61,-584.29,-248.69,-170.33,-88.86,-224.72,-437.18,-86.53,-390.79,-99.38,-368.11,-155.95,-257.41,-250.55,-165.77,-99.37,-68.92,-239.67,-65.75,-161.86,-57.71,-180.12,-630.02,-138.04,-108.44,-296.70,-338.14,-255.08,-226.61,-48.67,-96.05,-262.94,-113.13,-159.56,-154.61,-118.45,-68.86,-190.77,-118.98,-62.99,-129.56,-683.62,-243.21,-460.58,-151.56,-154.63,-209.58,-183.20,-194.08,-298.26,-42.21,-172.96,-347.26,-189.10,-118.69,-201.99,-435.89,-158.43,-249.50,-130.29,-250.94,-309.32,-177.55,-175.01,-117.57,-85.37,-166.67,-216.30,-167.40,-386.43,-262.44,17.95,-194.54,-55.34,-434.89,-133.29,-54.91,-295.13,-357.75,-295.50,-252.96,-127.51,-66.63,-183.53,-461.87,-209.43,-479.73,-190.49,-39.14,-214.47,-106.00,-117.00,-380.81,-281.36,-270.09,-44.86,-260.24,-69.62,-119.39,-180.76,-525.75,-67.50,-303.52,-338.89,-143.91,-84.13,-155.64,-121.65,-512.59,-124.07,-414.25,-568.17,-193.00,-296.90,-340.75,-115.45,-192.20,-243.10,-181.51,-60.55,-192.54,-382.90,-101.49,-135.62,-140.50,-153.86,-345.64,-281.55,-498.48,-105.89,-207.71,-247.22,-131.59,-92.96,-218.95,-465.80,-233.70,-248.93,-389.51,-223.95,-219.68,-71.97,-251.35,-194.34,-145.71,-338.58,-228.21,-303.70,-376.80,-196.03,11.87,-10.04,-133.84,-95.19,-101.69,-143.91,-382.98,-101.74,-145.44,-139.92,-180.28,-124.96,-251.19,-110.98,-391.46,-134.10,-127.80,-226.05,-214.81,-44.68,-398.90,-142.47,-111.11,-106.05,-211.11,-208.74,-116.30,-217.52,-114.30,-160.45,-147.91,-359.91,-211.56,-143.57,-316.39,-113.89,-464.73,-115.95,-789.99,-200.07,-133.98,-338.67,-101.67,-297.84,-277.67,-161.29,-18.74,-146.72,-140.57,-373.90,-227.12,-251.37,-222.08,-275.50,-222.57,-62.88,-148.51,-386.81,-280.71,-317.84,-36.89,-162.09,-137.19,-397.42,-251.49,-489.59,-395.69,-560.51,-233.72,-149.02,-162.63,-18.82,-316.73,-90.47,-113.85,-146.52,-111.24,-75.60,-229.62,-302.78,-442.58,-295.41,-372.51,-239.10,-323.87,-48.30,-118.10,-270.82,-286.45,-308.79,-441.00,-118.39,-188.67,-280.17,-95.46,-391.64,-165.80,48.31,-407.57,-405.30,-202.49,-87.26,,,,,,,,,,,,,,,,,,,,,,,,,,,,,,,,,,,,,,,,,,,,,,,,,,,,,,,,,,,,,,,,,,,,,,,,,
100.00,169.00,264.00,366.00,451.00,533.00,600.00,666.00,775.00,917.00,1013.00,1107.00,1192.00,1280.00,1351.00,1439.00,1580.00,1688.00,1752.00,1871.00,1968.00,2050.00,2131.00,2202.00,2319.00,2452.00,2545.00,2621.00,2753.00,2853.00,2954.00,3078.00,3213.00,3299.00,3373.00,3468.00,3560.00,3620.00,3739.00,3816.00,3918.00,3998.00,4131.00,4197.00,4325.00,4398.00,4503.00,4621.00,4694.00,4823.00,4903.00,4990.00,5157.00,5248.00,5315.00,5421.00,5536.00,5638.00,5709.00,5839.00,5922.00,6049.00,6110.00,6233.00,6357.00,6432.00,6546.00,6633.00,6741.00,6878.00,6988.00,7066.00,7164.00,7237.00,7303.00,7394.00,7511.00,7598.00,7730.00,7858.00,7952.00,8041.00,8189.00,8269.00,8344.00,8463.00,8538.00,8628.00,8736.00,8813.00,8904.00,9006.00,9090.00,9162.00,9311.00,9400.00,9500.00,9588.00,9664.00,9777.00,9885.00,10000.00,10071.00,10142.00,10257.00,10336.00,10407.00,10508.00,10579.00,10672.00,10797.00,10906.00,10988.00,11070.00,11272.00,11338.00,11408.00,11480.00,11569.00,11647.00,11720.00,11796.00,11867.00,12029.00,12097.00,12180.00,12264.00,12333.00,12400.00,12472.00,12549.00,12674.00,12862.00,12980.00,13109.00,13249.00,13317.00,13430.00,13510.00,13586.00,13679.00,13804.00,13934.00,14053.00,14154.00,14314.00,14404.00,14559.00,14641.00,14768.00,14880.00,15002.00,15133.00,15242.00,15512.00,15675.00,15761.00,15871.00,16082.00,16582.00,16782.00,16882.00,17124.00,17194.00,17275.00,17475.00,17565.00,17634.00,17700.00,17786.00,18132.00,18241.00,18327.00,18451.00,18728.00,18909.00,19121.00,19255.00,19460.00,19670.00,19772.00,19957.00,20089.00,20286.00,20464.00,20530.00,20723.00,20872.00,21016.00,21094.00,21282.00,21481.00,21594.00,21700.00,21825.00,22114.00,22205.00,22267.00,22401.00,22594.00,22746.00,22846.00,22921.00,23146.00,23207.00,23326.00,23414.00,23622.00,23715.00,23784.00,23867.00,23939.00,24038.00,24120.00,24200.00,24263.00,24386.00,24524.00,24687.00,24838.00,24900.00,25085.00,25188.00,25251.00,25327.00,25428.00,25552.00,25641.00,25697.00,25767.00,25872.00,26013.00,26092.00,26169.00,26249.00,26356.00,26422.00,26500.00,26587.00,26651.00,26715.00,26800.00,26870.00,26950.00,27029.00,27166.00,27311.00,27370.00,27436.00,27520.00,27610.00,27703.00,27818.00,27907.00,28028.00,28122.00,28207.00,28287.00,28347.00,28429.00,28497.00,28587.00,28649.00,28718.00,28777.00,28905.00,29010.00,29105.00,29196.00,29297.00,29393.00,29455.00,29548.00,29670.00,29778.00,29837.00,29889.00,29997.00,30106.00,30194.00,30260.00,30347.00,30429.00,30500.00,30560.00,30635.00,30720.00,30860.00,30976.00,31066.00,31134.00,31196.00,31382.00,31463.00,31525.00,31591.00,31653.00,31746.00,31885.00,31993.00,32112.00,32185.00,32280.00,32393.00,32475.00,32549.00,32651.00,32817.00,32879.00,32952.00,33056.00,33125.00,33200.00,33299.00,33377.00,33476.00,33584.00,33668.00,33749.00,33843.00,33957.00,34028.00,34107.00,34218.00,34280.00,34386.00,34450.00,34589.00,34675.00,34814.00,34881.00,34963.00,35027.00,35093.00,35183.00,35283.00,35372.00,35521.00,35588.00,35687.00,35786.00,35869.00,35937.00,36156.00,36239.00,36336.00,36412.00,36489.00,36595.00,36651.00,36709.00,36837.00,36896.00,36979.00,37060.00,37159.00,37309.00,37400.00,37460.00,37572.00,37650.00,37735.00,37841.00,37900.00,37992.00,38095.00,38158.00,38236.00,38292.00,38374.00,38485.00,38544.00,38601.00,38662.00,38723.00,38816.00,38897.00,39011.00,39075.00,39172.00,39224.00,39304.00,39412.00,39475.00,39535.00,39599.00,39697.00,39802.00,39887.00,39982.00,40073.00,40185.00,40250.00,40373.00,40446.00,40521.00,40628.00,40710.00,40803.00,40891.00,40979.00,41063.00,41209.00,41275.00,41342.00,41393.00,41448.00,41526.00,41591.00,41652.00,41713.00,41821.00,41917.00,41991.00,42071.00,42142.00,42217.00,42290.00,42377.00,42451.00,42531.00,42629.00,42719.00,42806.00,42892.00,42970.00,43036.00,43135.00,43214.00,43273.00,43363.00,43445.00,43535.00,43600.00,43654.00,43720.00,43781.00,43881.00,43979.00,44257.00,44331.00,44388.00,44462.00,44532.00,44625.00,44723.00,44782.00,44851.00,44951.00,45045.00,45144.00,45293.00,45375.00,45464.00,45564.00,45626.00,45701.00,45790.00,45868.00,45937.00,46024.00,46086.00,46207.00,46284.00,46435.00,46529.00,46618.00,46715.00,46801.00,46926.00,47020.00,47112.00,47211.00,47296.00,47380.00,47456.00,47521.00,47630.00,47696.00,47858.00,47963.00,48051.00,48181.00,48284.00,48359.00,48474.00,48556.00,48623.00,48692.00,48766.00,48866.00,48978.00,49040.00,49102.00,49250.00,49309.00,49392.00,49452.00,49567.00,49672.00,49782.00,49878.00,50041.00,,,,,,,,,,,,,,,,,,,,,,,,,,,,,,,,,,,,,,,,,,,,,,,,,,,,,,,,,,,,,,,,,,,,,,,,,
