-326.02,-162.75,-129.35,-141.52,-99.10,-284.26,-124.85,-338.72,-129.40,-271.77,-177.09,-93.06,-50.95,-107.48,-124.37,-184.02,-158.30,-285.28,-316.74,-108.53,-111.37,-149.98,-188.57,-113.45,-186.40,-166.37,-260.34,-265.85,-110.90,-130.92,-98.68,-341.42,-194.99,-146.21,-44.16,-154.14,-38.17,-50.67,-167.68,-244.90,-99.68,-93.24,-132.95,-110.38,-66.42,-87.27,-92.82,-80.25,-92.45,-170.27,-84.22,-66.91,-175.47,-67.97,-117.62,-85.73,-54.94,-110.92,137.59,-54.48,-52.41,-141.51,-105.77,-111.48,-50.38,-264.66,-174.63,-108.39,-286.60,-140.41,-14.35,-89.80,-109.84,-32.85,-72.57,-188.47,-83.14,-88.06,-186.41,-114.94,-110.04,-84.58,-46.08,-78.58,-114.02,-175.44,-154.86,-166.26,-140.95,-109.07,-91.41,-90.62,-133.68,-18.59,-59.40,-120.15,-43.81,-43.25,-118.46,-95.32,-113.93,-119.39,-167.61,-241.05,-95.91,-55.65,-54.69,-61.26,-9.29,-66.87,-67.24,-89.60,-41.17,-46.79,-96.96,-79.42,-81.21,-22.63,-59.94,-170.08,-44.07,-36.84,-61.72,-124.01,-19.45,-132.03,-28.10,-82.43,-37.17,-140.15,-65.98,-291.90,-51.22,-241.64,-204.14,-158.10,-150.99,-35.42,-369.86,-89.95,-23.61,-28.51,-60.00,-236.73,-85.45,-25.61,-52.26,-172.71,-102.50,-116.31,-253.08,-168.35,-175.16,-64.65,-370.40,-69.34,-178.37,-9.66,-137.30,-75.53,-338.80,-38.88,-72.96,-158.71,-62.55,-162.13,-414.64,-95.38,-217.70,-127.45,-106.92,-98.31,-310.73,-32.31,-129.86,-120.50,-323.79,-204.56,-161.85,-138.53,-232.16,-135.48,68.92,-75.99,-149.19,-239.69,-89.88,-111.58,-204.42,-185.45,-56.49,-231.64,-298.70,4.14,-134.50,-94.50,-130.30,-26.11,-75.55,-48.36,-190.28,-209.31,-172.14,-92.70,-53.23,-32.93,-34.96,-112.48,-115.45,-49.15,-207.33,-53.90,-176.20,-192.42,-86.99,-134.43,-192.39,-127.89,-61.40,-66.53,-48.23,-94.51,-116.39,-70.19,-268.53,-313.60,-164.95,-169.60,-212.48,-80.41,15.05,-350.10,-221.32,-115.69,-100.46,-92.07,-182.97,-168.95,-131.93,-84.61,-105.25,-237.42,-154.06,-104.32,-149.80,-92.79,-125.28,-267.03,-133.53,-69.44,,,,,,,,,,,,,,,,,,,,,,,,,,,,,,,,,,,,,,,,,,,,,,,,,,,,,,,,,,,,,,,,,,,,,,,,,,,,,,,,,,,,,,,,,,,,,,,,,,,,,,,,,,,,,,,,,,,,,,,,,,,,,,,,,,
109.00,198.00,279.00,352.00,443.00,502.00,609.00,682.00,769.00,846.00,956.00,1043.00,1172.00,1273.00,1332.00,1393.00,1462.00,1552.00,1639.00,1724.00,1787.00,1893.00,1971.00,2084.00,2208.00,2299.00,2384.00,2496.00,2600.00,2740.00,2808.00,2906.00,3004.00,3115.00,3193.00,3259.00,3350.00,3430.00,3554.00,3644.00,3739.00,3851.00,3969.00,4035.00,4147.00,4242.00,4315.00,4430.00,4524.00,4591.00,4684.00,4783.00,4868.00,4952.00,5052.00,5134.00,5207.00,5286.00,5786.00,5868.00,5954.00,6041.00,6151.00,6247.00,6338.00,6425.00,6530.00,6592.00,6709.00,6826.00,6922.00,7065.00,7141.00,7269.00,7414.00,7493.00,7630.00,7704.00,7791.00,7909.00,8018.00,8137.00,8253.00,8371.00,8484.00,8604.00,8724.00,8880.00,8961.00,9024.00,9126.00,9234.00,9312.00,9486.00,9637.00,9709.00,9803.00,9895.00,9985.00,10110.00,10208.00,10363.00,10456.00,10690.00,10833.00,10955.00,11077.00,11217.00,11376.00,11539.00,11727.00,11851.00,12004.00,12093.00,12195.00,12386.00,12469.00,12576.00,12770.00,12849.00,13106.00,13240.00,13398.00,13495.00,13663.00,13780.00,13930.00,14073.00,14195.00,14323.00,14417.00,14629.00,14882.00,14992.00,15176.00,15387.00,15557.00,15648.00,15751.00,16251.00,16657.00,16726.00,16878.00,17180.00,17680.00,17863.00,18363.00,18527.00,18823.00,19090.00,19448.00,19869.00,20095.00,20190.00,20286.00,20415.00,20803.00,21303.00,21803.00,22303.00,22503.00,22692.00,22961.00,23119.00,23234.00,23397.00,23888.00,24388.00,24538.00,24822.00,25241.00,25466.00,25798.00,26018.00,26160.00,26363.00,26749.00,26924.00,27341.00,27486.00,27742.00,27904.00,28404.00,28904.00,29043.00,29272.00,29577.00,29723.00,29853.00,30073.00,30175.00,30533.00,30828.00,31004.00,31180.00,31680.00,32180.00,32680.00,32985.00,33065.00,33219.00,33593.00,33857.00,34206.00,34277.00,34580.00,34922.00,35167.00,35284.00,35784.00,35884.00,36045.00,36501.00,36678.00,36771.00,36890.00,37070.00,37364.00,37559.00,37721.00,37853.00,38353.00,38570.00,38653.00,39018.00,39390.00,39593.00,39906.00,40317.00,40592.00,40685.00,41001.00,41187.00,41526.00,41632.00,41806.00,42023.00,42334.00,42430.00,42652.00,43032.00,43282.00,43468.00,43640.00,43809.00,44032.00,44320.00,44658.00,44902.00,45003.00,,,,,,,,,,,,,,,,,,,,,,,,,,,,,,,,,,,,,,,,,,,,,,,,,,,,,,,,,,,,,,,,,,,,,,,,,,,,,,,,,,,,,,,,,,,,,,,,,,,,,,,,,,,,,,,,,,,,,,,,,,,,,,,,,,
-238.74,-299.13,-301.00,-207.08,-104.18,-223.24,-74.32,-93.76,-120.63,-108.97,-96.37,-328.42,-338.19,42.21,-31.82,-167.89,-329.25,-108.53,-178.19,-57.69,-62.77,-144.75,-96.33,-224.52,-184.85,-39.35,-116.51,-363.11,-87.49,-226.34,-292.97,-316.76,-103.57,-116.73,-78.38,-174.61,-186.57,-69.15,-101.59,-98.79,-121.56,-67.72,-84.38,-117.53,-94.37,-109.81,-58.97,-79.22,-105.59,-19.10,-148.70,-63.64,-87.18,-40.19,-277.12,-138.19,-99.19,-317.81,21.56,-129.73,-55.18,-86.41,-90.88,-191.80,-166.88,-161.65,-6.81,-85.63,-116.47,-104.53,-128.62,-125.20,-193.87,-165.18,-98.46,-137.20,-133.35,-218.56,-67.48,-194.34,-114.98,-94.24,-141.26,-174.11,-156.24,18.36,-98.26,-60.02,-53.31,-154.71,-154.15,-151.00,-257.01,-77.49,-253.48,-87.86,-79.83,-65.25,-107.49,-31.69,-287.94,-185.07,-66.52,-123.76,-65.70,-270.60,-55.29,-68.88,-96.42,-134.90,-49.87,-197.77,-263.90,-160.75,-232.40,-94.84,-90.39,-66.39,-18.81,-27.58,-53.86,-218.95,-81.40,-26.53,-165.36,-36.36,-199.90,113.61,-264.43,5.17,-308.95,-79.85,-102.90,-116.61,-51.86,-86.03,-130.61,-115.72,-67.15,-120.27,-86.23,26.27,-24.26,-17.25,-96.93,18.33,-26.14,-60.98,-35.01,-160.61,-8.58,-107.17,-108.49,-110.76,-143.84,-149.77,-146.13,-212.33,-231.39,-125.49,-2.17,-288.88,-106.46,-181.17,-101.73,-196.22,-79.82,-90.67,-181.20,-25.24,-38.13,-309.21,-61.46,-291.52,-256.68,-35.58,-19.24,-108.62,-131.20,-60.55,-129.95,-37.88,-164.21,-44.66,-100.69,-55.56,-68.99,-118.32,-128.43,-242.66,-75.43,-106.35,-40.45,-180.11,-59.33,-346.63,-255.65,-126.32,-43.80,-337.87,-74.45,-253.78,-188.90,-129.84,-238.63,-248.94,4.29,-59.09,-16.12,-47.00,-31.34,-30.50,-144.03,-60.44,-46.26,-108.82,-77.40,-157.71,-130.58,-245.72,-21.62,2.21,-5.32,-220.32,-29.24,-17.80,-71.19,-44.42,-72.14,-100.54,-209.85,6.36,-201.13,-105.78,-36.81,-221.07,-97.33,-130.91,-182.77,-185.80,-320.44,-245.40,-107.67,-223.74,-139.81,-102.53,-238.62,-100.47,-196.83,-80.85,-138.60,-73.96,-27.93,-142.28,-270.14,-127.56,-115.67,-168.03,-61.68,-195.45,-151.34,-204.65,-135.53,-175.85,-176.47,-14.31,-153.85,222.83,-171.19,-205.19,-174.43,-145.60,-158.86,-81.73,-32.47,-52.12,-178.55,-64.04,-161.60,-129.99,-80.20,-53.30,-38.64,-92.94,-129.30,-7.48,-60.13,-125.95,-190.63,-107.69,-108.52,-181.61,-89.12,,,,,,,,,,,,,,,,,,,,,,,,,,,,,,,,,,,,,,,,,,,,,,,,,,,,,,,,,,,,,,,,,,,,,,,,,,,,,,,,,,,,,,,
91.00,178.00,267.00,360.00,490.00,556.00,641.00,733.00,805.00,872.00,931.00,1036.00,1141.00,1233.00,1324.00,1424.00,1518.00,1582.00,1655.00,1725.00,1800.00,1877.00,1976.00,2082.00,2172.00,2242.00,2313.00,2425.00,2529.00,2591.00,2706.00,2827.00,2912.00,3093.00,3180.00,3290.00,3416.00,3495.00,3572.00,3653.00,3758.00,3874.00,3958.00,4017.00,4078.00,4189.00,4291.00,4351.00,4463.00,4559.00,4641.00,4743.00,4831.00,4953.00,5073.00,5189.00,5299.00,5419.00,5529.00,5643.00,5740.00,5887.00,5979.00,6072.00,6186.00,6291.00,6422.00,6527.00,6635.00,6752.00,6862.00,6975.00,7051.00,7162.00,7244.00,7341.00,7424.00,7523.00,7612.00,7729.00,7820.00,7929.00,8017.00,8134.00,8249.00,8321.00,8432.00,8541.00,8624.00,8736.00,8857.00,8975.00,9070.00,9137.00,9245.00,9341.00,9450.00,9530.00,9631.00,9768.00,9974.00,10059.00,10142.00,10246.00,10358.00,10488.00,10709.00,10886.00,11014.00,11100.00,11203.00,11317.00,11457.00,11559.00,11703.00,11829.00,11935.00,12064.00,12196.00,12313.00,12421.00,12602.00,12753.00,12882.00,13078.00,13200.00,13320.00,13820.00,13907.00,13991.00,14101.00,14181.00,14325.00,14389.00,14519.00,14779.00,14953.00,15147.00,15251.00,15374.00,15565.00,16065.00,16161.00,16272.00,16772.00,17072.00,17202.00,17408.00,17610.00,17763.00,17984.00,18194.00,18342.00,18529.00,18640.00,18820.00,18974.00,19158.00,19339.00,19565.00,19781.00,20187.00,20343.00,20541.00,20690.00,20981.00,21110.00,21246.00,21496.00,21572.00,21672.00,22081.00,22153.00,22469.00,22657.00,23157.00,23422.00,23545.00,23710.00,23803.00,24303.00,24452.00,24721.00,24875.00,25003.00,25235.00,25515.00,25670.00,25870.00,26070.00,26263.00,26354.00,26497.00,26658.00,26727.00,26935.00,27360.00,27474.00,27841.00,28005.00,28119.00,28373.00,28583.00,28700.00,28850.00,29166.00,29297.00,29472.00,29657.00,29862.00,30038.00,30221.00,30411.00,30574.00,30707.00,30865.00,31042.00,31185.00,31300.00,31499.00,31698.00,31830.00,31985.00,32178.00,32272.00,32389.00,32485.00,32751.00,32918.00,33116.00,33256.00,33398.00,33505.00,33695.00,33885.00,33965.00,34085.00,34240.00,34418.00,34550.00,34719.00,34873.00,34986.00,35194.00,35312.00,35569.00,35790.00,36006.00,36130.00,36411.00,36560.00,36764.00,36899.00,37074.00,37186.00,37358.00,37509.00,37644.00,37758.00,37942.00,38051.00,38165.00,38255.00,38367.00,38505.00,38658.00,38836.00,39330.00,39492.00,39647.00,39748.00,39992.00,40178.00,40263.00,40449.00,40701.00,40809.00,40979.00,41096.00,41184.00,41330.00,41479.00,41586.00,41772.00,41855.00,42023.00,42130.00,42199.00,42348.00,42486.00,42697.00,42824.00,43105.00,,,,,,,,,,,,,,,,,,,,,,,,,,,,,,,,,,,,,,,,,,,,,,,,,,,,,,,,,,,,,,,,,,,,,,,,,,,,,,,,,,,,,,,
-110.98,-369.02,-290.75,-61.60,-65.45,-127.88,-331.30,-397.45,-239.76,-274.27,-331.57,-47.00,-184.59,-100.12,-272.00,-117.92,-213.77,-120.19,-61.26,-281.58,-122.08,-107.04,-17.33,-257.17,-127.65,-102.34,-144.35,-226.20,-204.00,-605.92,-60.18,-81.36,-102.56,59.33,-359.56,-72.79,-82.70,-123.61,-72.80,-70.32,-73.33,-232.32,-203.88,-146.96,-222.40,-96.16,-133.03,-77.21,-185.35,-88.87,-31.46,-170.47,-121.18,-45.85,-106.25,-103.32,-151.86,-75.75,-113.46,-56.20,-216.58,-141.46,-159.27,-45.39,-109.58,-198.97,-70.14,-124.89,-219.70,-47.16,-79.34,-76.84,-102.22,-92.00,-179.08,-56.40,-47.31,-112.38,-59.33,-4.22,-115.42,-119.24,-72.46,-121.51,-126.88,-196.55,-87.87,-67.85,-302.93,-62.63,-214.99,-3.90,4.80,-127.13,-102.32,-140.06,-123.08,-113.60,-106.78,-157.52,-107.40,-100.17,-44.53,-224.45,-249.43,-77.14,-99.44,-99.87,-264.84,-48.18,-72.34,-133.54,-94.64,-198.75,-48.98,-137.42,-124.59,-60.25,-190.11,-92.13,-55.75,-163.27,-182.89,-38.29,-132.00,-270.98,-143.74,-81.57,-60.27,-120.05,-45.45,-136.21,-121.36,-53.64,-35.14,-3.49,-117.62,-127.75,-22.58,121.69,1.25,-77.08,-67.11,-158.78,-60.05,-105.07,-106.42,-243.33,-267.72,-127.98,-159.73,-104.65,-131.00,-230.73,-246.09,-201.10,-134.83,-220.11,-56.25,-166.83,-28.82,-36.33,-38.13,-219.52,-65.87,-11.53,-168.30,-176.71,-109.33,-236.68,-126.74,-32.43,-113.00,-190.52,-100.30,-151.17,-281.11,-88.84,-84.26,-174.48,17.19,28.63,-264.07,-48.79,-34.67,-28.54,-219.30,-119.22,-79.18,-224.96,-35.66,-77.03,-179.49,-161.38,-78.81,-200.82,-154.75,-7.71,-150.23,-60.70,-96.36,-77.23,-223.90,-65.25,-99.87,-106.92,-5.97,-49.85,-37.04,59.63,-17.35,-197.62,-109.33,-68.67,22.67,-99.64,-116.78,-83.96,-36.47,-16.78,-169.25,-139.27,-329.27,-81.79,-223.14,-102.70,-112.77,-38.56,-128.12,-225.86,-78.49,-101.14,-132.44,-19.76,-61.38,-150.46,-150.37,6.77,-175.38,-8.61,-23.62,-106.32,-84.60,-122.14,2.43,-239.26,-122.96,-66.01,-60.21,-54.26,-38.19,-37.65,-119.02,2.56,-165.47,-107.78,-55.32,-40.02,-51.26,-24.31,-192.15,17.79,-5.67,36.02,-236.91,-159.54,-53.93,-88.75,-39.64,-73.02,-2.12,-91.92,-157.49,-290.26,-114.73,-160.61,-149.28,-133.43,-48.20,-80.20,170.34,-89.76,-50.57,-206.08,-78.78,-40.85,221.88,-249.93,-393.71,-46.37,-51.03,-43.50,-93.33,-132.41,-127.32,-330.50,-63.18,-4.79,-100.84,-135.70,-83.78,-87.78,-57.31,-106.34,-113.23,-80.63,-93.83,-92.83,5.65,-49.11,-107.52,-171.98,-112.97,-134.78,-17.08,-81.44,-30.70,-202.17,-227.48,-123.16,1.36,-32.24,-150.66,-160.93,-36.18,-92.80,-231.72,-29.25,-14.35,-184.17,34.11,-72.77,-148.84,-175.37,3.72,-102.07,,,,,,,,,,,,,,,,,,,,,,,,,,,,,,,,,,,,,,,,,,,,
91.00,182.00,278.00,355.00,424.00,537.00,631.00,731.00,818.00,925.00,1023.00,1122.00,1186.00,1265.00,1376.00,1488.00,1574.00,1658.00,1737.00,1823.00,1911.00,1984.00,2111.00,2234.00,2310.00,2373.00,2513.00,2654.00,2774.00,2879.00,2959.00,3031.00,3107.00,3192.00,3310.00,3371.00,3485.00,3564.00,3669.00,3758.00,3823.00,3941.00,4022.00,4145.00,4244.00,4368.00,4728.00,4829.00,4940.00,5054.00,5141.00,5258.00,5330.00,5413.00,5495.00,5570.00,5674.00,5781.00,5867.00,5944.00,6030.00,6104.00,6194.00,6285.00,6379.00,6498.00,6623.00,6748.00,6854.00,6986.00,7078.00,7160.00,7277.00,7360.00,7458.00,7530.00,7615.00,7702.00,7783.00,7919.00,8047.00,8137.00,8229.00,8304.00,8397.00,8514.00,8634.00,8740.00,8864.00,8935.00,9091.00,9245.00,9351.00,9445.00,9520.00,9652.00,9793.00,9873.00,9951.00,10070.00,10142.00,10249.00,10330.00,10465.00,10558.00,10637.00,10791.00,10933.00,11080.00,11209.00,11326.00,11407.00,11479.00,11614.00,11785.00,11899.00,12032.00,12136.00,12277.00,12371.00,12446.00,12555.00,12720.00,12883.00,13001.00,13205.00,13342.00,13636.00,13747.00,13864.00,13995.00,14096.00,14196.00,14309.00,14451.00,14641.00,14794.00,14967.00,15110.00,15610.00,15761.00,15819.00,15965.00,16111.00,16218.00,16321.00,16397.00,16577.00,16921.00,17072.00,17132.00,17239.00,17405.00,17497.00,17594.00,17753.00,17944.00,18183.00,18266.00,18533.00,18634.00,18818.00,18934.00,19115.00,19334.00,19515.00,19640.00,19833.00,19925.00,20164.00,20531.00,20791.00,20948.00,21106.00,21301.00,21417.00,21660.00,21750.00,21880.00,21970.00,22153.00,22271.00,22585.00,22811.00,22982.00,23086.00,23469.00,23726.00,23916.00,24257.00,24395.00,24573.00,24814.00,24965.00,25081.00,25333.00,25506.00,25647.00,25722.00,25904.00,26055.00,26204.00,26418.00,26525.00,26692.00,26814.00,26929.00,27020.00,27122.00,27533.00,27677.00,27825.00,28016.00,28129.00,28222.00,28325.00,28574.00,28720.00,28972.00,29037.00,29437.00,29558.00,29865.00,29996.00,30238.00,30470.00,30616.00,30855.00,31045.00,31404.00,31527.00,31678.00,32031.00,32227.00,32331.00,32550.00,32789.00,32930.00,33319.00,33409.00,33556.00,33828.00,33931.00,34185.00,34299.00,34399.00,34532.00,34618.00,34806.00,34894.00,35005.00,35113.00,35228.00,35361.00,35551.00,35699.00,35959.00,36169.00,36431.00,36637.00,36768.00,36911.00,37100.00,37284.00,37417.00,37550.00,37702.00,37941.00,38122.00,38352.00,38526.00,38992.00,39190.00,39383.00,39612.00,39768.00,39874.00,40027.00,40387.00,40534.00,40932.00,41128.00,41201.00,41364.00,41550.00,41711.00,42185.00,42348.00,42528.00,42658.00,42880.00,43111.00,43255.00,43455.00,43604.00,43805.00,44009.00,44258.00,44338.00,44475.00,44587.00,44775.00,44852.00,45054.00,45224.00,45294.00,45405.00,45732.00,45871.00,46056.00,46184.00,46399.00,46606.00,46686.00,46818.00,46928.00,47083.00,47251.00,47393.00,47554.00,47688.00,47865.00,48065.00,48210.00,48461.00,48537.00,48710.00,48807.00,48986.00,49157.00,49341.00,49456.00,49621.00,49727.00,49881.00,50050.00,,,,,,,,,,,,,,,,,,,,,,,,,,,,,,,,,,,,,,,,,,,,
-82.93,-416.52,-170.68,-373.58,-121.03,-89.35,-117.39,-106.13,-182.44,-138.83,-127.18,-109.80,-495.26,-149.05,-80.49,-199.42,-45.12,-155.80,-337.09,-111.83,-209.32,-155.65,-57.77,-114.10,-262.33,-223.50,-147.13,-243.48,-111.83,-118.74,-84.51,-166.81,-101.56,-98.78,-38.13,-104.20,-128.76,-111.61,-224.38,-181.81,-142.97,-181.76,-154.55,-90.82,-341.89,-126.75,-93.37,-157.14,-129.72,-125.01,-111.81,-38.31,-221.12,-120.23,-108.98,-116.06,-49.39,-330.31,-75.08,-104.39,-76.29,-122.51,-122.25,-103.01,-127.36,-63.84,-83.76,-115.96,-67.18,-161.39,-156.54,-148.63,-536.99,-163.91,-107.25,-23.92,-151.65,-124.21,-42.92,-29.64,-94.29,-254.51,-176.23,-421.88,-386.18,-259.95,-563.91,-303.33,-328.85,-262.84,-317.31,-297.80,-70.89,-140.63,-476.75,-451.06,-271.24,-84.42,-340.41,-37.55,-327.81,-202.09,-138.76,-221.55,-224.37,-366.28,-472.12,-390.83,-140.22,-165.22,-121.06,-429.11,-278.35,-67.82,-706.26,-327.98,44.14,-609.47,-579.44,-314.39,-381.84,-214.85,-589.74,-519.82,-90.73,-85.43,-314.02,-504.46,-266.37,-229.02,-227.04,-156.40,-652.29,-238.94,-159.17,-252.87,-392.35,-658.09,-671.00,-314.75,-577.12,-470.93,-656.90,-503.31,-739.08,-547.62,-629.17,-522.57,-341.53,-537.05,-1062.28,-768.91,-625.93,-398.51,-628.19,-543.18,-638.57,-527.82,-167.61,-785.98,-482.05,-253.34,-616.76,-528.28,-464.78,-378.61,-410.81,-327.75,-210.32,-675.23,-604.67,-708.65,-684.03,-689.28,-566.23,-439.75,-575.61,-627.62,-546.27,-687.22,-238.77,-222.35,-82.08,-622.74,-190.60,-601.45,-104.60,-205.69,-327.89,-99.03,-352.43,-572.28,-507.71,-353.77,-298.06,-617.06,-528.15,-542.81,-617.05,-631.18,-395.72,-255.45,-222.74,-496.23,-497.46,-680.43,-299.05,-485.64,-344.87,-280.49,-374.77,-177.88,-427.90,-304.24,-452.20,-791.88,-246.19,-122.03,-481.26,-342.81,-331.11,-103.75,-307.28,-162.50,-325.73,-172.92,-329.63,-348.81,-215.79,-257.40,-305.74,-619.74,-267.76,-518.90,-89.65,-138.75,-233.77,-217.98,-335.67,-384.19,-275.39,-264.41,-261.48,-413.38,-398.85,-660.90,-102.76,-904.39,-664.81,-1279.23,-810.21,-509.35,-306.80,-242.05,-517.28,-263.77,-400.45,-212.55,-702.83,-408.73,-804.23,-260.14,-128.90,-262.52,-466.30,-237.51,-560.26,-284.46,-764.82,-360.07,-450.33,-379.28,-769.91,-634.08,-202.16,-552.58,-228.91,-357.81,-189.75,-232.93,-156.94,-233.57,-252.49,-203.02,-262.67,-410.38,-308.17,-241.73,-256.38,-307.28,-185.52,-142.09,-95.86,-265.41,-341.89,-298.17,-222.19,-266.04,-194.26,-227.66,-258.01,-296.18,-128.99,-242.03,-104.16,-223.33,-173.07,-526.26,-211.17,-260.18,-246.73,-299.02,-172.60,-204.77,-13.99,-205.11,-232.77,-238.49,-309.77,-267.78,-203.67,-281.48,-38.51,-320.39,-245.38,-314.20,-216.51,-205.74,-291.00,-243.19,-723.59,-265.25,-250.37,-7.71,-267.56,-257.89,-226.20,-313.12,-257.12,-243.45,-473.65,-34.17,-377.50,-233.87,-210.88,-228.13,-147.41,-249.52,-210.53,-193.40,-225.31,-275.10,-236.86,-283.02,-164.03,-395.09,-245.96,-229.04,-234.56,-163.18,-263.07,-159.44,-254.15,-179.70,-341.68,-259.95,-392.62,-201.26,-167.64,-175.89,-239.75,-236.22,-292.33,-308.01,-274.48,-230.18,-455.28,-445.33,-332.34,-278.27
71.00,152.00,237.00,343.00,458.00,563.00,687.00,805.00,889.00,988.00,1054.00,1124.00,1244.00,1349.00,1417.00,1503.00,1616.00,1703.00,1786.00,1881.00,1959.00,2095.00,2198.00,2284.00,2395.00,2472.00,2577.00,2675.00,2771.00,2842.00,2919.00,3038.00,3097.00,3172.00,3237.00,3340.00,3419.00,3499.00,3591.00,3709.00,3801.00,3880.00,3969.00,4049.00,4179.00,4241.00,4399.00,4485.00,4603.00,4687.00,4746.00,4827.00,4936.00,5075.00,5181.00,5253.00,5455.00,5565.00,5641.00,5700.00,5777.00,5856.00,6020.00,6092.00,6208.00,6327.00,6426.00,6551.00,6620.00,6690.00,6774.00,6929.00,7065.00,7175.00,7309.00,7420.00,7533.00,7692.00,7788.00,7882.00,8014.00,8107.00,8244.00,8475.00,8658.00,8740.00,8975.00,9087.00,9251.00,9398.00,9519.00,9614.00,9796.00,9894.00,10108.00,10482.00,10616.00,10733.00,10875.00,11011.00,11109.00,11239.00,11314.00,11421.00,11844.00,11947.00,12090.00,12186.00,12272.00,12338.00,12429.00,12571.00,12695.00,12890.00,13076.00,13358.00,13454.00,13623.00,13743.00,13900.00,14039.00,14291.00,14406.00,14521.00,14635.00,14758.00,14937.00,15123.00,15229.00,15381.00,15502.00,15630.00,15731.00,15864.00,16130.00,16191.00,16285.00,16410.00,16575.00,16706.00,16794.00,17041.00,17240.00,17353.00,17454.00,17548.00,17655.00,17803.00,17935.00,18118.00,18380.00,18597.00,18714.00,18784.00,18925.00,19153.00,19304.00,19396.00,19465.00,19719.00,19903.00,20059.00,20156.00,20254.00,20390.00,20544.00,20843.00,20973.00,21136.00,21221.00,21448.00,21632.00,21827.00,21948.00,22131.00,22292.00,22497.00,22613.00,22727.00,22938.00,23001.00,23136.00,23263.00,23365.00,23523.00,23634.00,23762.00,23927.00,24053.00,24152.00,24335.00,24504.00,24635.00,24734.00,24816.00,24922.00,25037.00,25151.00,25260.00,25460.00,25566.00,25644.00,25743.00,25840.00,25967.00,26193.00,26306.00,26454.00,26571.00,26724.00,26821.00,26910.00,27063.00,27189.00,27393.00,27638.00,27802.00,27930.00,28042.00,28153.00,28263.00,28426.00,28533.00,28738.00,28871.00,28956.00,29064.00,29186.00,29308.00,29503.00,29623.00,29892.00,29995.00,30233.00,30383.00,30491.00,30630.00,30703.00,30799.00,30943.00,31025.00,31188.00,31341.00,31475.00,31669.00,31800.00,31957.00,32067.00,32187.00,32339.00,32538.00,32711.00,32830.00,32981.00,33092.00,33146.00,33204.00,33289.00,33376.00,33548.00,33647.00,33783.00,33860.00,34015.00,34084.00,34233.00,34317.00,34392.00,34488.00,34633.00,34718.00,34795.00,34943.00,35232.00,35398.00,35491.00,35581.00,35694.00,35806.00,35958.00,36148.00,36244.00,36367.00,36510.00,36790.00,36896.00,37080.00,37248.00,37301.00,37394.00,37633.00,37714.00,37924.00,38034.00,38166.00,38335.00,38515.00,38700.00,38794.00,38901.00,39109.00,39289.00,39393.00,39531.00,39651.00,39774.00,39887.00,39972.00,40141.00,40305.00,40390.00,40574.00,40635.00,40723.00,40839.00,40964.00,41151.00,41328.00,41516.00,41620.00,41838.00,42053.00,42164.00,42292.00,42410.00,42516.00,42619.00,42722.00,42849.00,42966.00,43316.00,43464.00,43567.00,43772.00,43908.00,44099.00,44260.00,44395.00,44498.00,44591.00,44703.00,44793.00,44929.00,45081.00,45192.00,45285.00,45452.00,45547.00,45732.00,45882.00,46078.00,46272.00,46408.00,46627.00,46837.00,46963.00,47052.00,47169.00,47322.00,47380.00,47649.00,47735.00,47868.00,47926.00,48062.00,48178.00,48304.00,48447.00,48510.00,48664.00,48747.00,48945.00,49156.00,49300.00,49492.00,49603.00,49699.00,49793.00,49898.00,50093.00
-523.72,-105.95,-119.44,-159.34,-318.83,-114.61,-385.36,-71.16,-264.06,-187.56,-118.37,-212.92,-53.98,-412.18,-59.89,-208.02,-122.06,-192.72,-237.99,-131.45,-182.37,-92.02,-324.66,-132.94,-156.55,-429.42,-360.61,-382.40,-335.52,-285.69,4.27,-156.24,-114.26,-112.11,-115.35,-99.28,-101.32,-110.78,-26.75,-150.91,-86.99,-181.48,-90.21,-154.18,-112.44,-335.71,-15.11,-97.75,-95.88,-348.38,-74.23,-129.45,-144.78,-46.68,-80.60,-34.93,-110.42,-42.64,-318.41,-114.89,-144.20,-61.36,-87.68,-180.84,-82.43,-121.09,-91.12,-51.51,-80.72,-81.24,-78.53,-40.16,-113.92,-107.17,-136.60,-84.94,-185.16,-195.55,-73.73,-80.77,-114.71,-122.54,-70.53,-91.55,134.36,-118.98,-50.60,-192.24,-110.10,-64.51,-166.21,-269.71,-75.58,-109.31,-77.01,-126.83,21.24,-50.14,-114.02,0.71,-216.28,-48.50,-62.87,-175.65,-70.97,-84.76,-196.32,-25.46,-87.15,-150.37,-136.97,-71.58,-192.24,-228.47,-249.11,-63.81,-90.16,-103.51,-143.16,-94.78,-64.15,-78.49,-120.54,-192.03,-16.96,-145.41,-104.27,-191.10,-96.51,-151.57,-98.37,-76.15,-318.40,-113.76,-158.21,-281.58,-298.98,-151.17,-124.13,-65.04,-68.38,114.68,-61.96,-159.41,-83.86,-90.19,-90.52,-31.38,-209.31,-47.21,-67.31,-96.70,-180.50,-239.21,-78.14,-84.73,-282.43,-296.81,-8.87,-32.54,-72.46,-152.43,-21.92,18.50,-124.01,-123.34,-171.08,-142.70,-1.93,-129.80,-67.60,-314.68,-110.45,-51.61,-280.53,-19.51,-129.03,-83.17,-175.47,-219.19,-131.34,-225.41,-221.70,-145.14,-189.92,-264.50,56.23,-56.35,-39.58,-37.66,-4.04,-162.47,-68.19,-57.45,-195.98,-21.17,-142.79,-89.09,-113.21,-86.17,-144.87,-66.68,-95.62,-32.95,-145.40,-190.35,-117.23,-71.20,-109.56,-47.31,-97.43,-193.90,-70.90,-56.60,-28.04,-91.38,-134.65,-105.13,0.23,-173.31,-72.09,-364.45,-93.23,-302.82,-217.73,-137.14,-113.34,-44.32,-78.43,-98.06,-76.23,-84.93,-96.28,-149.52,-113.65,-145.69,-212.88,-51.80,-100.38,-207.64,-235.64,18.04,-373.40,-165.44,-134.52,-65.54,-99.01,-101.93,-92.29,-40.12,-215.77,-142.32,-51.30,-53.45,-28.67,-89.64,-92.81,-381.00,-122.17,-122.98,-60.16,-94.88,-33.04,-100.72,-92.48,-84.17,-75.06,-149.21,-37.87,-167.43,-100.74,-90.63,-69.24,-159.98,-120.52,-170.74,-161.53,-142.70,-128.42,-247.12,-90.99,-134.23,-85.81,-119.56,-74.24,-240.49,-93.88,-53.30,-147.35,-206.39,-199.55,-302.23,-169.29,-92.05,-59.24,-104.37,-48.66,-212.87,-28.89,-194.78,-170.10,-200.05,-35.87,-128.17,-66.66,-41.66,-133.33,-112.33,-131.64,-246.82,-9.13,-14.05,-122.41,2.12,-173.04,-123.27,-46.63,-148.29,-229.65,-149.78,-129.11,-137.88,-205.21,3.77,-259.35,-169.90,-123.33,-93.89,-170.31,-167.82,-324.98,-135.71,-86.69,,,,,,,,,,,,,,,,,,,,,,,,,,,,,,,,,,,,,,,,,,,,,,,
132.00,209.00,285.00,400.00,487.00,584.00,703.00,769.00,865.00,942.00,1035.00,1122.00,1181.00,1270.00,1340.00,1422.00,1513.00,1579.00,1665.00,1733.00,1841.00,1968.00,2040.00,2124.00,2234.00,2328.00,2424.00,2516.00,2623.00,2704.00,2846.00,2974.00,3072.00,3170.00,3252.00,3312.00,3432.00,3502.00,3600.00,3703.00,3821.00,3929.00,4013.00,4121.00,4215.00,4319.00,4375.00,4476.00,4550.00,4644.00,4718.00,4818.00,4896.00,5032.00,5128.00,5216.00,5341.00,5439.00,5584.00,5661.00,5751.00,5842.00,5920.00,6027.00,6135.00,6252.00,6341.00,6460.00,6552.00,6676.00,6757.00,6868.00,6947.00,7088.00,7155.00,7263.00,7413.00,7479.00,7610.00,7707.00,7820.00,7903.00,8003.00,8130.00,8630.00,8729.00,8875.00,8955.00,9106.00,9215.00,9297.00,9425.00,9543.00,9685.00,9787.00,9874.00,10017.00,10113.00,10223.00,10309.00,10423.00,10509.00,10616.00,10787.00,10960.00,11033.00,11151.00,11282.00,11379.00,11508.00,11642.00,11723.00,11859.00,11994.00,12109.00,12247.00,12329.00,12464.00,12625.00,12723.00,12801.00,13015.00,13172.00,13268.00,13335.00,13460.00,13627.00,13759.00,13926.00,14090.00,14182.00,14325.00,14475.00,14602.00,14720.00,14856.00,15152.00,15256.00,15531.00,15626.00,15847.00,16347.00,16512.00,16660.00,16887.00,16970.00,17096.00,17178.00,17399.00,17483.00,17640.00,17753.00,17860.00,18009.00,18147.00,18249.00,18366.00,18617.00,18811.00,18964.00,19118.00,19374.00,19540.00,19637.00,19861.00,20009.00,20345.00,20448.00,20567.00,20761.00,20859.00,21214.00,21357.00,21462.00,21728.00,21865.00,22069.00,22161.00,22223.00,22380.00,22508.00,22753.00,22861.00,23025.00,23119.00,23379.00,23487.00,23588.00,23724.00,23900.00,24015.00,24198.00,24411.00,24656.00,24788.00,24859.00,25007.00,25103.00,25245.00,25391.00,25537.00,25643.00,25830.00,26040.00,26184.00,26321.00,26448.00,26522.00,26642.00,26779.00,26947.00,27067.00,27221.00,27336.00,27512.00,27707.00,27767.00,27901.00,28074.00,28195.00,28327.00,28627.00,28764.00,28887.00,29138.00,29476.00,29686.00,29873.00,30083.00,30281.00,30403.00,30600.00,30773.00,30892.00,31099.00,31233.00,31650.00,31919.00,32154.00,32362.00,32567.00,32832.00,33208.00,33365.00,33495.00,33672.00,33835.00,34066.00,34319.00,34492.00,34645.00,35087.00,35170.00,35258.00,35347.00,35404.00,35547.00,35932.00,36039.00,36156.00,36238.00,36297.00,36446.00,36600.00,36776.00,36880.00,37046.00,37387.00,37626.00,37911.00,38008.00,38180.00,38396.00,38615.00,38846.00,39112.00,39370.00,39773.00,39933.00,40306.00,40381.00,40547.00,40672.00,40768.00,40853.00,41024.00,41184.00,41286.00,41492.00,41613.00,41776.00,41991.00,42246.00,42559.00,43010.00,43111.00,43302.00,43474.00,43632.00,43783.00,43988.00,44210.00,44379.00,44578.00,44815.00,44963.00,45100.00,45223.00,45457.00,45812.00,46017.00,46184.00,46599.00,46730.00,46844.00,47077.00,47278.00,47431.00,47595.00,47832.00,47934.00,48068.00,48320.00,48559.00,48722.00,48930.00,49056.00,49143.00,49348.00,49623.00,49877.00,49966.00,50063.00,,,,,,,,,,,,,,,,,,,,,,,,,,,,,,,,,,,,,,,,,,,,,,,
-260.56,-177.83,-129.34,-246.09,-166.12,-79.60,-99.77,-286.74,-214.08,-229.92,-70.21,-146.58,-128.17,-98.71,-139.66,-86.74,-123.00,-245.52,-142.39,-165.28,-264.59,-220.64,-139.89,-113.55,-85.84,-139.50,-96.18,-124.18,-326.40,-90.83,-7.41,-104.42,-111.06,-245.61,-150.16,-114.81,-314.73,-160.25,-68.69,-102.28,-110.13,-127.92,-124.31,-227.17,-117.91,-272.25,-85.16,-110.82,-143.57,-248.89,-127.91,-89.68,-93.65,-160.05,-113.47,-67.34,-156.30,-94.36,-392.96,-122.28,-46.01,-55.94,-117.05,-109.40,-69.77,-107.07,-59.19,-27.10,-72.83,-70.96,-149.16,-68.08,-172.00,-221.62,-382.70,-81.64,-63.42,-191.21,-102.25,-154.04,-101.36,-138.93,-102.60,-38.61,-66.05,14.22,-69.46,-113.25,-40.26,-38.30,-319.67,-79.49,-178.95,-121.52,-179.01,-110.60,-122.24,-8.65,-102.93,-161.43,-94.38,-11.56,-75.11,-185.55,-84.11,-145.15,-70.82,12.65,-142.08,-140.35,-274.40,-78.89,-108.86,-52.46,-292.74,-55.35,-87.32,-70.41,-39.49,-163.54,-78.44,-67.49,-206.01,-54.26,-104.42,-377.08,-39.30,-220.52,-81.35,-114.01,-91.47,-126.81,-98.87,-185.67,-156.66,-68.81,-183.25,-177.92,-15.52,-58.10,-234.97,-72.40,-171.16,-117.37,-27.31,-138.70,-46.17,-74.14,-99.63,-125.19,-63.06,-106.82,-19.42,-265.37,-84.02,10.54,-299.83,-101.59,-21.33,-94.15,-110.40,-99.45,-106.43,-6.89,-56.20,-75.01,-103.62,-163.82,-20.83,-109.93,-124.08,-134.15,-29.89,-24.49,9.61,-153.23,-96.46,-138.55,-188.04,-177.68,-150.43,-134.54,-168.46,-32.87,-38.04,-242.63,-276.91,-119.91,-267.43,-109.88,11.85,-92.06,-118.67,-11.09,-127.37,-2.59,-35.14,-126.40,-4.85,-163.20,195.15,-161.53,-130.26,-265.98,-147.38,0.74,-39.72,-212.40,-35.74,-105.05,274.66,-77.02,-86.41,-104.66,-109.78,-133.38,-126.19,304.77,-131.99,-41.28,-53.89,-111.57,-163.37,-94.09,-110.61,-133.32,-110.47,-125.04,-143.93,-44.11,-54.34,-54.27,-245.41,-46.65,235.02,-49.53,-221.44,-25.05,-131.43,-150.73,-155.90,243.31,-168.10,-58.82,-169.88,-133.07,-158.27,-21.72,-121.71,-165.26,-133.89,-273.25,-69.78,-57.54,19.06,-105.58,-206.50,-208.23,-24.58,-144.43,-135.47,-161.52,-65.64,-200.71,-323.94,-121.45,-105.33,-115.19,-124.73,-156.32,-194.75,-258.37,-187.61,-174.47,-98.40,-34.71,-67.59,-128.81,-124.74,-195.75,-204.50,-46.26,-48.33,-182.76,-243.50,-16.97,-152.16,-160.04,-168.60,-118.81,-135.52,-181.68,-126.19,-111.62,-136.05,31.55,-163.01,-200.24,-33.72,-112.17,-306.17,-78.70,-186.19,-255.18,-38.72,-84.81,-246.85,-62.30,13.80,-82.05,-102.93,-275.26,-58.05,-196.00,-179.37,161.22,-122.61,-191.33,10.24,-79.68,-174.44,6.01,-299.61,,,,,,,,,,,,,,,,,,,,,,,,,,,,,,,,,,,,,,,,,,,,,,,,,,,,,,,,,
119.00,255.00,324.00,412.00,514.00,589.00,702.00,810.00,909.00,1005.00,1076.00,1187.00,1273.00,1383.00,1462.00,1533.00,1631.00,1769.00,1864.00,1976.00,2039.00,2160.00,2234.00,2300.00,2398.00,2488.00,2556.00,2661.00,2751.00,2825.00,2931.00,3029.00,3089.00,3157.00,3242.00,3313.00,3409.00,3486.00,3575.00,3661.00,3775.00,3871.00,3960.00,4047.00,4154.00,4256.00,4360.00,4459.00,4568.00,4671.00,4732.00,4832.00,4927.00,5003.00,5098.00,5190.00,5297.00,5384.00,5494.00,5609.00,5720.00,5804.00,5927.00,6012.00,6088.00,6182.00,6303.00,6422.00,6511.00,6625.00,6773.00,6837.00,6916.00,7022.00,7129.00,7198.00,7259.00,7421.00,7533.00,7628.00,7735.00,7848.00,7966.00,8057.00,8157.00,8288.00,8381.00,8497.00,8606.00,8728.00,8926.00,9070.00,9182.00,9291.00,9364.00,9460.00,9546.00,9658.00,9768.00,9906.00,9975.00,10084.00,10187.00,10312.00,10474.00,10624.00,10730.00,10854.00,11026.00,11120.00,11300.00,11400.00,11534.00,11694.00,11795.00,11927.00,12026.00,12112.00,12212.00,12367.00,12489.00,12630.00,12744.00,12928.00,13008.00,13143.00,13235.00,13346.00,13453.00,13579.00,13648.00,13882.00,14032.00,14177.00,14270.00,14388.00,14550.00,14669.00,14887.00,15001.00,15148.00,15362.00,15531.00,15624.00,15774.00,15945.00,16066.00,16166.00,16314.00,16544.00,16676.00,16874.00,17068.00,17277.00,17360.00,17486.00,17753.00,17850.00,17977.00,18080.00,18202.00,18283.00,18544.00,18673.00,19023.00,19114.00,19552.00,19757.00,19859.00,19991.00,20115.00,20400.00,20565.00,20927.00,21057.00,21342.00,21522.00,21794.00,22052.00,22170.00,22337.00,22560.00,22795.00,22880.00,23380.00,23606.00,24017.00,24262.00,24740.00,25198.00,25329.00,25541.00,25672.00,25791.00,25994.00,26127.00,26253.00,26479.00,26586.00,26920.00,27128.00,27337.00,27837.00,28166.00,28323.00,28456.00,28650.00,28970.00,29166.00,29322.00,29596.00,29930.00,30141.00,30195.00,30309.00,30373.00,30490.00,30840.00,30940.00,31103.00,31208.00,31376.00,31587.00,31663.00,31810.00,31933.00,32054.00,32158.00,32291.00,32472.00,32563.00,32769.00,32963.00,33098.00,33355.00,33484.00,33693.00,33804.00,34047.00,34215.00,34365.00,34730.00,34832.00,35093.00,35327.00,35513.00,35622.00,35777.00,35882.00,36047.00,36256.00,36394.00,36552.00,36822.00,36969.00,37045.00,37318.00,37621.00,37749.00,37877.00,38148.00,38266.00,38346.00,38598.00,38878.00,39016.00,39232.00,39484.00,39634.00,39802.00,39983.00,40198.00,40412.00,40549.00,40664.00,40851.00,41061.00,41290.00,41429.00,41609.00,42002.00,42231.00,42454.00,42680.00,42896.00,43042.00,43234.00,43343.00,43538.00,43638.00,43763.00,43889.00,44057.00,44189.00,44317.00,44550.00,44887.00,45086.00,45282.00,45431.00,45842.00,45980.00,46092.00,46219.00,46473.00,46684.00,46790.00,47178.00,47326.00,47406.00,47605.00,47725.00,47846.00,48149.00,48302.00,48802.00,49058.00,49262.00,49428.00,49557.00,49694.00,49905.00,50011.00,,,,,,,,,,,,,,,,,,,,,,,,,,,,,,,,,,,,,,,,,,,,,,,,,,,,,,,,,
-288.45,-148.69,-102.86,-121.11,-90.36,-315.33,-124.73,-176.02,-231.52,-230.77,-359.81,-100.79,-153.20,-112.97,-85.51,-58.45,-330.83,-32.48,-97.43,-375.05,-149.38,-142.20,-89.33,-100.91,-316.15,-102.36,-318.54,-78.08,-228.81,-331.02,-139.32,-119.08,-120.42,-90.57,-246.47,-155.33,-179.71,-125.47,-190.73,-131.29,-151.62,-88.39,-73.44,-76.93,-94.27,-225.78,-80.97,-116.70,-148.75,-185.98,-365.17,-197.75,-250.74,-90.65,-77.44,-109.85,-183.01,-183.66,-68.76,-164.49,-168.99,-130.90,-124.50,-270.07,-119.16,-295.32,-134.86,-110.93,-263.90,-108.12,-133.59,-80.52,-80.72,-131.45,-57.40,-85.18,-70.35,-150.06,-210.18,-46.88,-88.33,-48.01,-121.18,-147.42,-16.63,10.68,-105.18,-45.52,-87.25,-90.68,-40.20,-89.14,-43.60,-90.76,-60.10,-9.52,-77.15,-114.67,-56.49,-35.71,-99.22,-139.09,-60.31,-92.31,-0.85,-39.07,-81.85,-106.96,-28.11,-12.64,-67.07,-121.68,-168.05,-65.97,-36.02,-93.20,-133.35,-56.84,-81.41,-321.27,-66.15,-116.39,-165.86,1.48,-110.14,-70.08,-77.97,-191.59,-151.24,-91.49,-129.63,-26.13,-86.32,-103.83,-59.94,-133.59,-91.72,-107.09,-120.63,-95.13,-162.41,-78.96,-95.45,-225.78,-12.41,-98.52,-180.44,-90.43,-127.95,-127.38,-33.93,-153.98,-204.82,-80.33,-93.56,-124.75,-27.74,-109.80,-142.12,-163.13,-131.41,-139.20,-21.13,-166.32,-23.54,-124.50,-50.43,-241.60,-129.79,-125.88,119.29,-61.09,-34.85,-91.51,-196.70,-209.41,-42.33,-210.33,-87.24,-174.29,-41.43,-155.10,-115.58,-158.07,-10.18,-335.37,-112.99,-60.89,-65.52,-235.89,-111.21,-403.26,-308.47,-76.69,-314.03,-159.19,-99.88,266.48,-1.24,-136.61,-131.34,-235.45,-145.26,-82.66,-172.58,-39.13,-23.51,-259.60,-96.77,-101.86,-223.07,-360.05,-167.74,-131.79,-121.48,-116.54,-12.90,-235.63,10.93,-169.96,-181.54,-55.04,23.50,-226.02,-175.34,-158.26,-201.51,-35.04,-55.62,-263.92,-3.24,-184.05,-143.22,-118.65,-143.61,-58.78,-126.47,-68.32,-62.17,202.15,-183.67,-268.49,-55.89,-113.60,-182.03,-66.28,-85.42,-45.87,-98.41,-68.45,-23.84,-116.37,-159.66,-131.65,-125.52,-14.54,-32.17,-186.08,-161.06,-244.99,-114.73,16.77,-150.64,-223.48,-78.11,-88.13,8.17,-136.21,99.57,-267.54,-125.41,6.69,28.69,-157.56,-108.45,-222.80,157.85,-111.26,-141.56,-97.33,-173.57,-21.65,-28.33,-199.61,-166.32,-53.08,-73.22,-39.23,-125.25,-236.36,-93.40,-368.87,-48.83,-56.96,-102.70,-201.55,-93.78,-103.32,-9.53,-110.10,-194.86,-185.14,-159.53,-91.46,-5.29,,,,,,,,,,,,,,,,,,,,,,,,,,,,,,,,,,,,,,,,,,,,,,,,,,,,,,,,,,,,,,,,,,,,,,,,,,,
100.00,177.00,239.00,320.00,407.00,482.00,553.00,624.00,740.00,820.00,929.00,1029.00,1143.00,1290.00,1359.00,1431.00,1524.00,1626.00,1698.00,1805.00,1912.00,2002.00,2068.00,2160.00,2240.00,2306.00,2433.00,2500.00,2603.00,2687.00,2797.00,2884.00,2978.00,3076.00,3141.00,3241.00,3351.00,3459.00,3566.00,3645.00,3764.00,3830.00,3900.00,3968.00,4052.00,4125.00,4190.00,4310.00,4421.00,4513.00,4599.00,4680.00,4785.00,4853.00,4927.00,5043.00,5165.00,5268.00,5405.00,5516.00,5578.00,5716.00,5843.00,5946.00,6044.00,6158.00,6252.00,6334.00,6432.00,6514.00,6677.00,6749.00,6818.00,6885.00,6956.00,7085.00,7225.00,7306.00,7429.00,7545.00,7649.00,7788.00,7979.00,8101.00,8249.00,8336.00,8449.00,8589.00,8656.00,8759.00,8874.00,8974.00,9095.00,9180.00,9328.00,9445.00,9557.00,9635.00,9754.00,9957.00,10102.00,10196.00,10313.00,10467.00,10597.00,10804.00,10929.00,11112.00,11219.00,11327.00,11445.00,11590.00,11724.00,11868.00,11980.00,12137.00,12222.00,12350.00,12420.00,12673.00,12822.00,12926.00,13056.00,13308.00,13445.00,13730.00,13850.00,13951.00,14109.00,14231.00,14342.00,14483.00,14804.00,14935.00,15185.00,15306.00,15453.00,15789.00,16289.00,16384.00,16476.00,16578.00,16697.00,16998.00,17148.00,17221.00,17340.00,17538.00,17745.00,18099.00,18599.00,18719.00,19023.00,19309.00,19441.00,19941.00,20182.00,20347.00,20457.00,20743.00,20855.00,21056.00,21556.00,21797.00,21911.00,22280.00,22411.00,22759.00,23163.00,23371.00,23871.00,24050.00,24349.00,24463.00,24672.00,24932.00,25010.00,25371.00,25498.00,25683.00,26183.00,26357.00,26590.00,26694.00,26888.00,27280.00,27610.00,27830.00,27991.00,28314.00,28688.00,29050.00,29263.00,29327.00,29428.00,29528.00,29600.00,29940.00,30047.00,30228.00,30361.00,30714.00,30835.00,30949.00,31140.00,31299.00,31436.00,31616.00,31698.00,31824.00,31937.00,32330.00,32450.00,32754.00,32950.00,33056.00,33158.00,33312.00,33432.00,33805.00,34102.00,34321.00,34418.00,34580.00,34797.00,35062.00,35242.00,35510.00,35669.00,35836.00,35932.00,36148.00,36372.00,36594.00,36776.00,36893.00,36985.00,37154.00,37370.00,37653.00,37772.00,37952.00,38200.00,38426.00,38783.00,39058.00,39221.00,39521.00,39813.00,39908.00,40092.00,40339.00,40664.00,40825.00,41042.00,41240.00,41314.00,41557.00,41657.00,41854.00,41920.00,42082.00,42215.00,42414.00,42524.00,42698.00,42958.00,43199.00,43699.00,43984.00,44192.00,44292.00,44476.00,44692.00,44855.00,45091.00,45591.00,45665.00,45742.00,45878.00,45974.00,46136.00,46247.00,46351.00,46527.00,46684.00,46822.00,46898.00,47099.00,47430.00,47514.00,47819.00,47927.00,48083.00,48171.00,48362.00,48862.00,49003.00,49134.00,49313.00,49500.00,49657.00,49836.00,49910.00,50022.00,,,,,,,,,,,,,,,,,,,,,,,,,,,,,,,,,,,,,,,,,,,,,,,,,,,,,,,,,,,,,,,,,,,,,,,,,,,
-122.88,-125.83,-141.60,-276.66,-79.52,-231.68,-51.98,-114.60,-149.63,-168.39,-240.26,-171.31,-132.47,-171.35,-203.33,-162.08,-248.04,-119.59,-116.08,-130.44,-153.43,-125.67,-107.11,-310.61,-185.74,-128.96,-151.72,-84.89,-262.47,-63.21,-82.70,-121.85,-76.56,-252.21,-82.57,-103.15,-125.16,-282.45,-227.65,-85.46,-96.33,-126.63,-128.97,-109.62,-191.99,-122.82,-137.11,-90.83,-94.19,-69.79,-75.05,-83.55,-88.30,-95.78,-231.00,-91.41,-288.37,-148.52,-321.15,-80.88,-75.19,-93.08,-150.52,-65.39,-104.05,-112.22,-96.90,-137.60,-155.84,-69.60,-88.16,-73.50,-77.46,-88.98,-23.10,-73.07,-107.86,-28.38,-81.10,-135.70,-121.85,-129.12,-74.53,-226.60,-73.59,-73.88,-124.77,-81.06,-101.41,-34.88,-16.23,-73.33,-102.59,-35.39,-12.73,-101.78,-91.30,-84.60,-91.40,-75.91,9.91,-66.61,7.41,-78.18,-50.54,-206.01,-2.67,-70.15,-118.88,-37.10,-35.70,-203.36,-15.00,4.76,-91.51,-262.35,-70.08,-173.71,-63.44,-118.09,-157.28,-55.69,125.70,-78.89,-113.17,-26.62,-83.70,-52.64,-45.31,126.09,-112.30,-80.95,-61.49,-77.81,-97.99,-158.47,-55.23,-25.36,-84.31,-99.03,-201.08,-192.13,-208.85,-194.12,-79.59,50.53,-95.59,-333.80,-24.10,-173.91,-29.24,-92.70,-93.72,-371.57,-72.95,-65.76,-116.26,-215.03,-174.80,-279.96,-44.96,-144.95,-351.84,-96.87,-89.36,-285.06,-44.94,-114.86,-81.55,-352.51,-55.22,-68.15,216.89,-49.61,-81.93,-91.75,-107.56,-124.84,-58.99,-123.63,-280.35,-18.71,-12.51,-19.64,-257.08,-50.44,-101.74,-124.03,-299.74,-294.45,-101.71,-43.89,-185.18,-85.55,-80.82,-115.24,-47.01,-207.93,-48.86,12.73,-63.95,-90.60,-72.93,-23.26,-50.53,-18.87,-47.44,-95.74,-192.89,-65.08,-26.13,-64.86,-122.94,-50.49,-267.86,-76.10,-196.96,-161.09,-91.87,-148.22,-175.01,-64.14,-261.67,-198.83,-167.25,-167.39,-271.68,-50.28,-39.72,-68.13,-87.85,-14.89,-129.03,-169.38,-106.87,-182.84,-88.90,-80.50,129.91,-114.11,-115.56,-211.02,-139.34,-46.73,-139.27,-240.82,-167.74,-102.76,-30.24,-76.86,-236.38,-168.47,-129.32,-239.03,-17.82,133.38,-8.75,-53.50,-207.60,-372.14,-347.29,-160.16,-117.42,-243.71,-79.16,-123.49,-201.08,-163.08,-83.63,-205.40,-53.05,-117.82,-53.13,-320.70,-186.02,-15.01,-145.21,-128.32,-31.94,-113.70,-236.72,-62.46,-27.05,170.97,-95.78,-195.87,-136.55,-203.92,-294.78,-209.90,-47.66,-219.43,-114.89,-219.75,-149.38,-171.57,-159.33,-8.46,-82.22,-90.46,-48.34,-137.73,-106.61,-153.96,-87.45,-265.01,-105.82,-12.27,-191.78,-125.23,-53.54,-172.68,-275.92,-142.98,-74.84,-70.36,-175.70,-35.28,-301.25,-90.37,-52.90,-125.34,-79.03,0.20,-115.30,-69.91,-101.41,,,,,,,,,,,,,,,,,,,,,,,,,,,,,,,,,,,,,,,,,,,,,,,,,,,,,
74.00,138.00,203.00,343.00,455.00,560.00,621.00,684.00,782.00,858.00,958.00,1064.00,1167.00,1281.00,1413.00,1551.00,1648.00,1745.00,1818.00,1907.00,1980.00,2069.00,2128.00,2218.00,2300.00,2385.00,2476.00,2568.00,2662.00,2737.00,2845.00,2946.00,3007.00,3086.00,3155.00,3273.00,3379.00,3469.00,3551.00,3642.00,3723.00,3793.00,3876.00,3946.00,4065.00,4166.00,4251.00,4339.00,4398.00,4511.00,4580.00,4682.00,4785.00,4863.00,4998.00,5124.00,5205.00,5293.00,5423.00,5489.00,5599.00,5696.00,5773.00,5891.00,5974.00,6079.00,6203.00,6346.00,6448.00,6549.00,6677.00,6762.00,6867.00,7016.00,7158.00,7246.00,7381.00,7469.00,7550.00,7648.00,7737.00,7845.00,7940.00,8038.00,8160.00,8261.00,8393.00,8527.00,8672.00,8814.00,8956.00,9100.00,9251.00,9335.00,9514.00,9579.00,9689.00,9783.00,9917.00,10051.00,10180.00,10338.00,10463.00,10557.00,10669.00,10807.00,10989.00,11101.00,11202.00,11304.00,11411.00,11562.00,11720.00,11818.00,11898.00,12086.00,12266.00,12397.00,12527.00,12639.00,12777.00,12991.00,13491.00,13574.00,13703.00,13826.00,13951.00,14073.00,14167.00,14667.00,14793.00,14890.00,14982.00,15189.00,15395.00,15650.00,15733.00,15842.00,15920.00,15997.00,16127.00,16289.00,16408.00,16494.00,16645.00,16771.00,16896.00,17236.00,17499.00,17635.00,17968.00,18125.00,18262.00,18359.00,18514.00,18604.00,18739.00,18910.00,19002.00,19162.00,19333.00,19459.00,19770.00,19989.00,20127.00,20330.00,20400.00,20578.00,20856.00,21088.00,21207.00,21474.00,21808.00,22089.00,22192.00,22428.00,22632.00,22920.00,22978.00,23098.00,23467.00,23637.00,23773.00,24059.00,24277.00,24385.00,24567.00,24833.00,24914.00,25079.00,25332.00,25506.00,25649.00,25802.00,25996.00,26191.00,26280.00,26479.00,26628.00,26962.00,27201.00,27258.00,27397.00,27617.00,27737.00,28050.00,28143.00,28229.00,28602.00,28654.00,28779.00,28850.00,29051.00,29169.00,29325.00,29423.00,29525.00,29849.00,30031.00,30136.00,30240.00,30328.00,30584.00,30793.00,30913.00,31065.00,31283.00,31432.00,31564.00,31649.00,31897.00,31992.00,32188.00,32308.00,32387.00,32471.00,32623.00,32796.00,33296.00,33378.00,33527.00,33860.00,34035.00,34445.00,34607.00,34754.00,34816.00,34991.00,35188.00,35273.00,35425.00,35836.00,36029.00,36195.00,36373.00,36873.00,37122.00,37230.00,37483.00,37630.00,37746.00,37870.00,37983.00,38167.00,38308.00,38441.00,38600.00,38685.00,38791.00,38961.00,39171.00,39271.00,39477.00,39754.00,39899.00,40097.00,40288.00,40459.00,40643.00,40748.00,40973.00,41186.00,41259.00,41740.00,41942.00,42171.00,42300.00,42528.00,42759.00,42854.00,42965.00,43126.00,43294.00,43457.00,43669.00,43896.00,44102.00,44311.00,44379.00,44491.00,44643.00,44791.00,45032.00,45403.00,45555.00,45801.00,45879.00,46086.00,46275.00,46692.00,46891.00,47024.00,47266.00,47466.00,47748.00,48006.00,48152.00,48398.00,48645.00,48784.00,49052.00,49182.00,49403.00,49592.00,49765.00,49876.00,50066.00,,,,,,,,,,,,,,,,,,,,,,,,,,,,,,,,,,,,,,,,,,,,,,,,,,,,,
-122.88,-125.83,-141.60,-276.66,-79.52,-231.68,-51.98,-114.60,-149.63,-168.39,-240.26,-171.31,-132.47,-171.35,-203.33,-162.08,-248.04,-119.59,-116.08,-130.44,-153.43,-125.67,-107.11,-310.61,-185.74,-128.96,-151.72,-84.89,-262.47,-63.21,-82.70,-121.85,-76.56,-252.21,-82.57,-103.15,-125.16,-282.45,-227.65,-85.46,-96.33,-126.63,-128.97,-109.62,-191.99,-122.82,-137.11,-90.83,-94.19,-69.79,-75.05,-83.55,-88.30,-95.78,-231.00,-91.41,-288.37,-148.52,-321.15,-80.88,-75.19,-93.08,-150.52,-65.39,-104.05,-112.22,-96.90,-137.60,-155.84,-69.60,-88.16,-73.50,-77.46,-88.98,-23.10,-73.07,-107.86,-28.38,-81.10,-135.70,-121.85,-129.12,-74.53,-226.60,-73.59,-73.88,-124.77,-81.06,-101.41,-34.88,-16.23,-73.33,-102.59,-35.39,-12.73,-101.78,-91.30,-84.60,-91.40,-75.91,9.91,-66.61,7.41,-78.18,-50.54,-206.01,-2.67,-70.15,-118.88,-37.10,-35.70,-203.36,-15.00,4.76,-91.51,-262.35,-70.08,-173.71,-63.44,-118.09,-157.28,-55.69,125.70,-78.89,-113.17,-26.62,-83.70,-52.64,-45.31,126.09,-112.30,-80.95,-61.49,-77.81,-97.99,-158.47,-55.23,-25.36,-84.31,-99.03,-201.08,-192.13,-208.85,-194.12,-79.59,50.53,-95.59,-333.80,-24.10,-173.91,-29.24,-92.70,-93.72,-371.57,-72.95,-65.76,-116.26,-215.03,-174.80,-279.96,-44.96,-144.95,-351.84,-96.87,-89.36,-285.06,-44.94,-114.86,-81.55,-352.51,-55.22,-68.15,216.89,-49.61,-81.93,-91.75,-107.56,-124.84,-58.99,-123.63,-280.35,-18.71,-12.51,-19.64,-257.08,-50.44,-101.74,-124.03,-299.74,-294.45,-101.71,-43.89,-185.18,-85.55,-80.82,-115.24,-47.01,-207.93,-48.86,12.73,-63.95,-90.60,-72.93,-23.26,-50.53,-18.87,-47.44,-95.74,-192.89,-65.08,-26.13,-64.86,-122.94,-50.49,-267.86,-76.10,-196.96,-161.09,-91.87,-148.22,-175.01,-64.14,-261.67,-198.83,-167.25,-167.39,-271.68,-50.28,-39.72,-68.13,-87.85,-14.89,-129.03,-169.38,-106.87,-182.84,-88.90,-80.50,129.91,-114.11,-115.56,-211.02,-139.34,-46.73,-139.27,-240.82,-167.74,-102.76,-30.24,-76.86,-236.38,-168.47,-129.32,-239.03,-17.82,133.38,-8.75,-53.50,-207.60,-372.14,-347.29,-160.16,-117.42,-243.71,-79.16,-123.49,-201.08,-163.08,-83.63,-205.40,-53.05,-117.82,-53.13,-320.70,-186.02,-15.01,-145.21,-128.32,-31.94,-113.70,-236.72,-62.46,-27.05,170.97,-95.78,-195.87,-136.55,-203.92,-294.78,-209.90,-47.66,-219.43,-114.89,-219.75,-149.38,-171.57,-159.33,-8.46,-82.22,-90.46,-48.34,-137.73,-106.61,-153.96,-87.45,-265.01,-105.82,-12.27,-191.78,-125.23,-53.54,-172.68,-275.92,-142.98,-74.84,-70.36,-175.70,-35.28,-301.25,-90.37,-52.90,-125.34,-79.03,0.20,-115.30,-69.91,-101.41,,,,,,,,,,,,,,,,,,,,,,,,,,,,,,,,,,,,,,,,,,,,,,,,,,,,,
74.00,138.00,203.00,343.00,455.00,560.00,621.00,684.00,782.00,858.00,958.00,1064.00,1167.00,1281.00,1413.00,1551.00,1648.00,1745.00,1818.00,1907.00,1980.00,2069.00,2128.00,2218.00,2300.00,2385.00,2476.00,2568.00,2662.00,2737.00,2845.00,2946.00,3007.00,3086.00,3155.00,3273.00,3379.00,3469.00,3551.00,3642.00,3723.00,3793.00,3876.00,3946.00,4065.00,4166.00,4251.00,4339.00,4398.00,4511.00,4580.00,4682.00,4785.00,4863.00,4998.00,5124.00,5205.00,5293.00,5423.00,5489.00,5599.00,5696.00,5773.00,5891.00,5974.00,6079.00,6203.00,6346.00,6448.00,6549.00,6677.00,6762.00,6867.00,7016.00,7158.00,7246.00,7381.00,7469.00,7550.00,7648.00,7737.00,7845.00,7940.00,8038.00,8160.00,8261.00,8393.00,8527.00,8672.00,8814.00,8956.00,9100.00,9251.00,9335.00,9514.00,9579.00,9689.00,9783.00,9917.00,10051.00,10180.00,10338.00,10463.00,10557.00,10669.00,10807.00,10989.00,11101.00,11202.00,11304.00,11411.00,11562.00,11720.00,11818.00,11898.00,12086.00,12266.00,12397.00,12527.00,12639.00,12777.00,12991.00,13491.00,13574.00,13703.00,13826.00,13951.00,14073.00,14167.00,14667.00,14793.00,14890.00,14982.00,15189.00,15395.00,15650.00,15733.00,15842.00,15920.00,15997.00,16127.00,16289.00,16408.00,16494.00,16645.00,16771.00,16896.00,17236.00,17499.00,17635.00,17968.00,18125.00,18262.00,18359.00,18514.00,18604.00,18739.00,18910.00,19002.00,19162.00,19333.00,19459.00,19770.00,19989.00,20127.00,20330.00,20400.00,20578.00,20856.00,21088.00,21207.00,21474.00,21808.00,22089.00,22192.00,22428.00,22632.00,22920.00,22978.00,23098.00,23467.00,23637.00,23773.00,24059.00,24277.00,24385.00,24567.00,24833.00,24914.00,25079.00,25332.00,25506.00,25649.00,25802.00,25996.00,26191.00,26280.00,26479.00,26628.00,26962.00,27201.00,27258.00,27397.00,27617.00,27737.00,28050.00,28143.00,28229.00,28602.00,28654.00,28779.00,28850.00,29051.00,29169.00,29325.00,29423.00,29525.00,29849.00,30031.00,30136.00,30240.00,30328.00,30584.00,30793.00,30913.00,31065.00,31283.00,31432.00,31564.00,31649.00,31897.00,31992.00,32188.00,32308.00,32387.00,32471.00,32623.00,32796.00,33296.00,33378.00,33527.00,33860.00,34035.00,34445.00,34607.00,34754.00,34816.00,34991.00,35188.00,35273.00,35425.00,35836.00,36029.00,36195.00,36373.00,36873.00,37122.00,37230.00,37483.00,37630.00,37746.00,37870.00,37983.00,38167.00,38308.00,38441.00,38600.00,38685.00,38791.00,38961.00,39171.00,39271.00,39477.00,39754.00,39899.00,40097.00,40288.00,40459.00,40643.00,40748.00,40973.00,41186.00,41259.00,41740.00,41942.00,42171.00,42300.00,42528.00,42759.00,42854.00,42965.00,43126.00,43294.00,43457.00,43669.00,43896.00,44102.00,44311.00,44379.00,44491.00,44643.00,44791.00,45032.00,45403.00,45555.00,45801.00,45879.00,46086.00,46275.00,46692.00,46891.00,47024.00,47266.00,47466.00,47748.00,48006.00,48152.00,48398.00,48645.00,48784.00,49052.00,49182.00,49403.00,49592.00,49765.00,49876.00,50066.00,,,,,,,,,,,,,,,,,,,,,,,,,,,,,,,,,,,,,,,,,,,,,,,,,,,,,
-420.70,-246.71,-92.80,-74.46,-309.29,-80.06,-234.57,-292.74,-193.52,-271.70,-85.15,-88.24,-380.91,-116.15,-296.49,-252.41,-105.99,-109.88,-111.04,-91.51,-212.01,-75.04,-100.74,-119.39,-45.27,-140.63,-237.66,-3.36,-96.85,-217.73,-165.58,-112.01,-171.56,-277.03,-191.52,-113.98,-315.85,-111.17,-118.63,-118.09,-121.49,-237.91,-100.92,-125.53,-159.58,-114.63,-88.24,-118.34,-126.43,-97.11,-108.66,-0.64,-13.59,-86.94,-165.01,-268.13,-293.13,-366.50,-100.93,-114.10,-34.16,-183.61,-286.52,-31.02,-105.63,-166.95,-98.18,-94.16,-146.13,-60.18,-91.96,-148.87,-83.95,-35.96,-223.69,-72.20,-88.12,-126.19,-150.28,-69.04,-79.04,-99.86,-144.67,-62.97,-305.73,-100.14,-100.51,-125.42,-311.14,-122.90,-88.13,-78.12,-172.20,-100.77,-230.30,-6.38,-2.92,-67.88,-75.59,-86.89,-125.07,-59.45,-125.22,-107.06,-91.65,-26.42,-128.47,14.21,-5.63,-92.80,-51.67,-218.87,-91.16,-97.09,-37.77,-123.28,-91.46,-128.20,-80.92,-58.61,-80.25,-45.56,-82.43,-46.93,-102.24,-73.34,-153.31,-118.05,-129.70,3.26,-101.10,-280.75,-142.12,-136.59,-20.74,32.24,-243.79,-165.22,-160.64,-88.97,-50.73,-35.60,-89.14,-215.60,-35.30,-62.51,-16.12,-124.85,-23.59,-258.97,-98.29,-59.05,6.80,-143.95,-238.58,-205.96,-23.15,-275.32,-277.98,-79.55,-97.84,-27.90,-12.97,-71.78,-77.76,-302.68,-45.73,-26.78,-113.22,-106.46,-148.65,-25.03,-28.88,-253.86,-191.02,-182.40,-190.85,-4.98,-97.33,-77.20,-138.18,-256.22,-44.47,-139.69,38.74,-160.63,-256.98,-125.43,-131.92,-132.10,-277.42,24.95,-44.06,-64.57,-75.25,-264.45,-2.99,-166.88,-8.83,-97.24,-48.35,-311.67,-64.15,-14.13,-90.49,-102.15,-230.28,1.22,-43.27,-124.96,-79.83,-37.94,-100.71,-181.39,-167.58,-40.32,-222.03,-55.73,-58.66,-133.50,-74.00,-81.27,-217.91,-92.73,8.20,-258.71,-154.84,-279.53,-36.70,-142.83,-325.08,-393.89,-231.01,-168.18,-166.27,-64.51,-101.89,-143.85,-155.08,-182.17,-63.71,-75.13,-106.67,10.22,-74.53,-162.84,-138.99,-184.10,-194.80,-217.18,-96.10,-303.06,-104.95,-109.36,-138.31,-166.21,-68.50,-104.99,-271.35,-121.98,-81.38,-109.55,-36.20,-169.49,-66.21,-138.41,-10.91,-87.21,-145.45,-170.88,0.32,-134.69,-80.76,-102.20,-287.76,8.47,-49.67,-250.52,-5.44,-123.69,16.46,-48.90,-120.68,-156.10,-152.96,-73.52,-369.53,31.31,-137.64,-168.83,-240.21,-222.47,-7.40,-11.07,8.59,-50.87,-88.73,-54.27,-152.15,-188.21,-43.65,-96.47,-44.84,-150.65,-35.23,-83.70,-63.69,-69.55,-41.15,-37.23,-98.03,-102.09,-53.40,-154.63,-95.37,-281.20,-82.75,18.20,-159.21,-131.60,-124.71,71.78,-18.45,-184.21,,,,,,,,,,,,,,,,,,,,,,,,,,,,,,,,,,,,,,,,,,,,,,,,,,,,,,,,
108.00,232.00,329.00,436.00,571.00,644.00,764.00,879.00,1017.00,1108.00,1210.00,1292.00,1409.00,1514.00,1626.00,1743.00,1806.00,1878.00,1982.00,2051.00,2144.00,2216.00,2346.00,2450.00,2516.00,2592.00,2684.00,2758.00,2852.00,2973.00,3059.00,3132.00,3211.00,3339.00,3403.00,3504.00,3609.00,3682.00,3756.00,3878.00,3987.00,4103.00,4210.00,4294.00,4401.00,4463.00,4548.00,4649.00,4735.00,4812.00,4930.00,4999.00,5146.00,5212.00,5310.00,5438.00,5558.00,5661.00,5766.00,5864.00,5988.00,6093.00,6213.00,6357.00,6463.00,6568.00,6692.00,6782.00,6857.00,6938.00,7072.00,7190.00,7262.00,7351.00,7456.00,7546.00,7624.00,7730.00,7849.00,7926.00,8005.00,8089.00,8234.00,8343.00,8468.00,8582.00,8754.00,8855.00,8946.00,9040.00,9141.00,9238.00,9322.00,9404.00,9522.00,9654.00,9794.00,9893.00,10015.00,10128.00,10222.00,10341.00,10430.00,10507.00,10608.00,10682.00,10823.00,10900.00,11065.00,11177.00,11311.00,11423.00,11521.00,11648.00,11757.00,11887.00,11961.00,12084.00,12284.00,12373.00,12511.00,12715.00,12855.00,12951.00,13063.00,13203.00,13370.00,13510.00,13601.00,13711.00,13950.00,14052.00,14200.00,14300.00,14394.00,14562.00,14662.00,14848.00,15038.00,15133.00,15237.00,15335.00,15486.00,15596.00,15708.00,15868.00,16039.00,16260.00,16363.00,16588.00,16692.00,16756.00,16976.00,17044.00,17241.00,17421.00,17607.00,17902.00,18049.00,18112.00,18228.00,18312.00,18423.00,18583.00,18711.00,18825.00,18999.00,19071.00,19166.00,19292.00,19466.00,19686.00,19777.00,20056.00,20377.00,20620.00,20821.00,20958.00,21204.00,21335.00,21528.00,21698.00,21766.00,21901.00,22008.00,22213.00,22704.00,23137.00,23475.00,23569.00,23749.00,23850.00,24059.00,24157.00,24352.00,24663.00,24877.00,25214.00,25342.00,25757.00,25835.00,26316.00,26497.00,26729.00,26922.00,27030.00,27460.00,27576.00,27788.00,27916.00,28024.00,28107.00,28210.00,28433.00,28535.00,28616.00,28801.00,29142.00,29642.00,29732.00,29841.00,29943.00,30157.00,30298.00,30483.00,30625.00,30808.00,30950.00,31148.00,31518.00,31784.00,31875.00,32289.00,32565.00,32762.00,32890.00,33074.00,33183.00,33305.00,33486.00,33559.00,33725.00,34162.00,34662.00,34889.00,35015.00,35288.00,35524.00,35726.00,36201.00,36274.00,36536.00,36692.00,36862.00,36976.00,37420.00,37519.00,37642.00,37768.00,37997.00,38059.00,38161.00,38392.00,38463.00,38584.00,38793.00,39062.00,39170.00,39248.00,39436.00,39599.00,39775.00,40119.00,40462.00,40708.00,40889.00,41137.00,41363.00,41483.00,41634.00,41753.00,41946.00,42359.00,42711.00,42854.00,43004.00,43249.00,43430.00,43526.00,43672.00,43841.00,44078.00,44243.00,44450.00,44598.00,44691.00,44795.00,45227.00,45412.00,45596.00,45740.00,45938.00,46056.00,46174.00,46307.00,46526.00,46596.00,46769.00,46913.00,47035.00,47148.00,47284.00,47484.00,47630.00,47744.00,48071.00,48571.00,48689.00,48923.00,49202.00,49510.00,49737.00,49849.00,50164.00,,,,,,,,,,,,,,,,,,,,,,,,,,,,,,,,,,,,,,,,,,,,,,,,,,,,,,,,
