-155.92,-266.44,-67.42,-198.84,-135.80,-165.68,-410.48,-404.72,-265.86,-104.72,-102.69,-136.69,-307.84,-227.17,-154.76,-128.34,-126.54,-191.92,-9.55,-81.88,-20.28,-115.67,-122.54,-90.86,-119.55,-354.27,-374.40,-263.05,-357.44,-54.32,-317.48,-210.33,-180.83,-114.79,-258.16,-145.84,-152.80,-270.54,-177.26,-99.07,-130.72,-187.93,-244.78,-133.48,-92.25,-17.80,-36.30,-80.77,-127.05,-77.14,-128.45,-194.19,-91.05,-167.15,-96.38,-7.89,-112.96,-133.33,-77.86,-81.73,-22.99,-76.82,-190.89,-191.82,-119.53,-72.50,-93.55,-121.70,-123.71,-71.01,-69.55,-154.84,-138.48,-119.59,-97.83,-68.42,-255.98,-130.71,-95.40,-53.21,-79.37,-147.67,-77.10,-166.26,-153.79,-121.01,-95.95,-74.44,-18.91,-149.39,-82.97,-40.88,-20.91,-49.30,-55.26,-88.40,-33.74,-95.90,-77.75,-219.12,-45.51,-141.58,-14.48,-72.35,-78.09,-55.47,-115.59,-18.79,-40.69,-13.95,-11.63,-255.32,-90.64,-18.55,-66.24,10.84,-25.43,-22.77,-46.02,-97.14,1.41,-95.09,-37.48,-59.60,60.07,18.38,-8.82,23.11,49.02,183.67,-53.13,4.94,-28.57,86.35,95.32,18.11,36.54,-5.34,68.81,252.73,38.06,47.09,109.33,128.51,71.86,3.37,-25.58,17.00,260.49,-19.48,-35.46,-50.50,106.41,-13.11,173.87,-219.28,-62.46,79.76,-346.31,-156.46,81.06,-209.51,-47.90,137.59,-12.39,-13.66,223.56,156.77,-33.19,287.91,16.83,26.15,-17.81,256.04,-3.66,254.91,218.59,49.56,246.59,258.21,14.16,228.66,262.89,287.24,242.42,166.15,-7.24,262.17,271.83,-62.73,112.77,302.71,265.16,227.71,292.64,243.04,13.78,-19.26,302.20,-129.12,300.80,37.87,-32.55,201.44,53.10,218.64,117.84,230.55,112.13,-13.28,210.94,257.89,12.02,212.42,103.83,,,,,,,,,,,,,,,,,,,,,,,,
75.00,178.00,247.00,363.00,464.00,551.00,646.00,753.00,834.00,898.00,971.00,1073.00,1192.00,1338.00,1447.00,1576.00,1699.00,1819.00,1942.00,2035.00,2102.00,2211.00,2311.00,2412.00,2532.00,2705.00,2851.00,2972.00,3141.00,3223.00,3352.00,3426.00,3527.00,3607.00,3720.00,3802.00,3928.00,4057.00,4204.00,4277.00,4392.00,4495.00,4671.00,4808.00,4897.00,5001.00,5080.00,5164.00,5246.00,5373.00,5510.00,5586.00,5678.00,5788.00,5867.00,5987.00,6106.00,6222.00,6316.00,6414.00,6570.00,6684.00,6862.00,6969.00,7066.00,7139.00,7217.00,7300.00,7400.00,7477.00,7575.00,7679.00,7806.00,7899.00,7980.00,8056.00,8196.00,8282.00,8368.00,8471.00,8616.00,8694.00,8803.00,8922.00,9169.00,9371.00,9591.00,9722.00,9874.00,10045.00,10178.00,10296.00,10436.00,10537.00,10609.00,10775.00,10900.00,11098.00,11206.00,11351.00,11491.00,11658.00,11791.00,11877.00,12104.00,12260.00,12367.00,12474.00,12625.00,12779.00,12927.00,13049.00,13298.00,13421.00,13529.00,14029.00,14144.00,14311.00,14811.00,14895.00,15053.00,15218.00,15426.00,15693.00,15911.00,16096.00,16291.00,16458.00,16958.00,17458.00,17958.00,18160.00,18609.00,19109.00,19609.00,20109.00,20609.00,21109.00,21609.00,22099.00,22599.00,23099.00,23599.00,24099.00,24599.00,25099.00,25599.00,26099.00,26573.00,26984.00,27484.00,27984.00,28484.00,28984.00,29449.00,29841.00,30106.00,30606.00,31001.00,31278.00,31778.00,32044.00,32299.00,32799.00,32979.00,33238.00,33637.00,34137.00,34637.00,35020.00,35520.00,36020.00,36175.00,36597.00,36751.00,37131.00,37576.00,38076.00,38469.00,38821.00,39055.00,39379.00,39720.00,40072.00,40493.00,40924.00,41282.00,41653.00,41967.00,42220.00,42720.00,43000.00,43332.00,43578.00,43823.00,44159.00,44369.00,44591.00,44858.00,45080.00,45319.00,45475.00,45689.00,46189.00,46342.00,46719.00,47219.00,47551.00,48051.00,48199.00,48477.00,48816.00,49316.00,49637.00,50137.00,,,,,,,,,,,,,,,,,,,,,,,,
-141.13,-107.86,-161.56,-88.06,-97.56,-214.50,-255.65,-153.47,-110.11,-222.34,-269.09,-77.89,-100.35,-102.06,-178.85,-156.70,-144.01,-296.78,-169.56,-73.50,-112.19,-169.17,-78.57,-324.93,-238.74,-212.12,-249.22,-56.09,-118.94,-80.29,-102.26,-279.97,-75.20,-318.95,-216.19,-156.19,-125.03,-104.32,-425.19,-204.29,-248.01,-193.89,37.60,-106.75,-13.04,-165.33,-55.00,-3.54,-246.05,-45.88,-83.88,-156.66,-334.76,-156.74,-70.26,-93.79,-70.18,-55.86,-276.82,-146.31,-392.71,-109.39,-40.26,-289.01,-94.57,-33.09,-92.74,-300.13,-233.75,-228.48,-102.38,-183.39,-65.28,-347.95,-163.77,-49.56,-105.00,-283.16,-130.91,-254.87,-77.21,98.13,-270.27,-216.88,-103.67,-171.47,-66.15,-287.74,-85.72,-145.23,-10.09,-156.35,-120.16,-80.22,-120.20,-109.36,-113.73,-93.33,-83.27,-72.84,-75.97,-87.27,-134.58,-183.29,20.19,-79.28,-87.63,107.59,78.97,-57.01,-128.02,-31.33,146.72,-116.35,-41.84,-182.35,-96.80,-52.58,-111.34,-7.64,3.41,-15.80,-241.05,-31.41,86.65,19.79,-38.73,-215.78,92.69,104.63,-44.39,-21.12,-10.52,109.27,-12.72,144.35,80.70,-14.29,13.31,-40.73,-102.31,215.05,100.26,18.73,-318.90,91.21,33.09,-2.68,150.51,1.52,18.25,-226.34,-220.35,66.91,212.64,25.00,113.87,229.21,107.50,-159.07,121.28,188.29,260.82,13.18,220.70,-198.88,17.75,4.27,36.09,129.27,213.07,32.38,129.20,-106.63,136.28,103.41,132.26,214.21,153.06,-160.36,23.54,73.17,54.11,-183.40,81.13,4.48,209.10,255.19,183.02,80.95,15.79,109.48,24.29,229.79,119.76,199.85,205.91,97.77,94.01,125.06,-111.09,306.27,235.06,140.96,315.24,-13.03,273.60,234.81,263.36,31.97,,,,,,,,,,,,,,,,,,,,,,,,,,,,,
95.00,155.00,267.00,331.00,433.00,519.00,615.00,713.00,838.00,941.00,1045.00,1117.00,1209.00,1288.00,1416.00,1517.00,1613.00,1731.00,1881.00,1955.00,2045.00,2145.00,2203.00,2299.00,2370.00,2452.00,2563.00,2624.00,2712.00,2791.00,2892.00,2968.00,3036.00,3175.00,3335.00,3425.00,3531.00,3623.00,3761.00,3853.00,3959.00,4069.00,4184.00,4262.00,4414.00,4499.00,4641.00,4768.00,4852.00,4939.00,5025.00,5134.00,5233.00,5379.00,5534.00,5635.00,5778.00,5842.00,5973.00,6093.00,6217.00,6329.00,6473.00,6583.00,6692.00,6821.00,6969.00,7099.00,7213.00,7380.00,7519.00,7654.00,7753.00,7887.00,7996.00,8176.00,8247.00,8511.00,8618.00,8835.00,8949.00,9449.00,9587.00,9677.00,9829.00,9948.00,10082.00,10299.00,10441.00,10599.00,10868.00,10970.00,11049.00,11232.00,11369.00,11532.00,11730.00,11852.00,11929.00,12054.00,12254.00,12434.00,12563.00,12942.00,13442.00,13583.00,13715.00,14215.00,14715.00,14921.00,15283.00,15495.00,15995.00,16260.00,16481.00,16706.00,16848.00,17202.00,17329.00,17609.00,17739.00,17920.00,18114.00,18510.00,19010.00,19262.00,19397.00,19747.00,20247.00,20747.00,21014.00,21514.00,22014.00,22514.00,23014.00,23514.00,24014.00,24219.00,24438.00,24679.00,24931.00,25293.00,25793.00,25973.00,26223.00,26723.00,26897.00,27246.00,27746.00,27920.00,28177.00,28505.00,28659.00,29159.00,29524.00,29696.00,30196.00,30591.00,31091.00,31350.00,31850.00,32227.00,32552.00,32788.00,33284.00,33571.00,33777.00,33882.00,34382.00,34882.00,35265.00,35765.00,36265.00,36395.00,36895.00,37395.00,37895.00,38332.00,38749.00,38901.00,39060.00,39560.00,40060.00,40312.00,40812.00,41105.00,41501.00,41909.00,42296.00,42796.00,43055.00,43555.00,43823.00,44310.00,44810.00,45128.00,45563.00,46063.00,46563.00,47063.00,47208.00,47505.00,47912.00,48412.00,48777.00,49041.00,49323.00,49670.00,49998.00,50163.00,,,,,,,,,,,,,,,,,,,,,,,,,,,,,
-126.13,-123.18,-44.16,-123.98,-364.50,-74.09,-168.81,-103.43,-104.32,-144.40,-423.89,-447.92,-148.63,-125.00,22.44,-182.00,-136.15,-167.13,-241.51,-114.03,-107.64,-65.52,-89.27,-270.60,-43.80,-301.07,-0.40,-183.35,-207.17,-76.70,-102.55,-240.39,-96.45,-304.93,-275.47,-112.32,-224.66,-205.91,-105.59,-120.50,-168.66,-124.04,-67.35,-241.47,-191.28,-88.24,-217.34,-81.37,-81.98,-191.82,-71.72,-236.69,-316.64,-274.00,-180.05,-75.50,-60.16,-40.97,-147.38,-196.17,-195.33,-108.40,-43.85,-104.99,-23.52,-106.38,-91.68,-248.84,-238.61,-67.86,-4.74,-191.58,-217.20,14.62,-79.64,-42.57,-72.94,-57.35,-134.86,-225.15,-12.81,-38.83,-115.72,11.15,-83.15,-37.95,13.73,-67.66,-130.40,-41.03,-71.30,-16.54,-90.53,-42.65,-131.42,-56.43,-137.86,-103.78,-88.90,-62.35,-119.22,-14.38,-181.02,-5.73,-64.84,-228.52,-29.67,-82.92,-20.71,-57.48,-65.47,-27.57,-75.30,-79.19,-181.27,-38.12,-76.97,-34.05,-71.05,30.61,86.42,-57.61,-70.23,-69.52,-56.62,-35.77,-8.14,-56.84,-110.20,-15.13,93.55,50.96,-92.85,23.22,-52.07,-19.81,-70.49,55.05,-132.60,-17.62,-1.46,0.82,-72.34,-6.40,83.47,12.63,-114.15,55.08,-25.14,108.03,-268.14,60.92,-10.18,12.15,2.93,-183.78,-227.66,105.70,39.65,210.01,215.69,-162.91,-48.67,-30.35,123.61,60.98,42.31,125.94,15.08,79.12,-108.29,-11.39,191.20,131.72,112.80,52.93,242.91,233.55,108.59,142.23,112.78,8.88,-98.95,113.81,-2.35,55.72,257.95,111.42,11.52,7.63,177.97,238.95,220.37,105.15,25.06,226.98,-57.89,82.92,-47.10,246.34,172.24,24.46,-3.76,96.93,37.34,177.20,62.67,102.43,24.71,32.27,235.63,33.53,-388.16,-374.41,281.58,238.01,119.89,-39.04,135.72,136.60,37.97,288.30,64.67,127.86,223.53,5.35,-5.60,248.40,16.68,64.61,204.19,148.45,163.66,108.01,,,,,
78.00,177.00,251.00,331.00,427.00,509.00,578.00,668.00,749.00,878.00,978.00,1090.00,1166.00,1264.00,1368.00,1496.00,1611.00,1681.00,1812.00,1881.00,2003.00,2106.00,2213.00,2307.00,2443.00,2566.00,2723.00,2810.00,2913.00,2997.00,3076.00,3145.00,3246.00,3332.00,3451.00,3539.00,3681.00,3798.00,3868.00,3963.00,4089.00,4186.00,4275.00,4426.00,4506.00,4634.00,4783.00,4864.00,4975.00,5103.00,5191.00,5316.00,5432.00,5546.00,5647.00,5711.00,5802.00,5880.00,5995.00,6151.00,6251.00,6348.00,6479.00,6565.00,6717.00,6809.00,6897.00,7009.00,7126.00,7200.00,7357.00,7460.00,7549.00,7656.00,7729.00,7871.00,7991.00,8259.00,8398.00,8527.00,8653.00,8772.00,8863.00,9070.00,9163.00,9291.00,9469.00,9636.00,9766.00,9916.00,9990.00,10128.00,10200.00,10294.00,10435.00,10563.00,10744.00,10831.00,11027.00,11100.00,11255.00,11363.00,11565.00,11691.00,11861.00,11986.00,12126.00,12225.00,12339.00,12541.00,12704.00,12856.00,13029.00,13130.00,13421.00,13534.00,13643.00,13850.00,13969.00,14249.00,14749.00,15066.00,15216.00,15419.00,15549.00,15714.00,15829.00,16044.00,16276.00,16471.00,16971.00,17471.00,17971.00,18471.00,18809.00,19309.00,19475.00,19975.00,20183.00,20683.00,20924.00,21332.00,21608.00,21809.00,22309.00,22479.00,22770.00,22969.00,23250.00,23750.00,24071.00,24272.00,24772.00,24995.00,25161.00,25296.00,25491.00,25991.00,26491.00,26939.00,27207.00,27458.00,27670.00,27773.00,28273.00,28415.00,28567.00,29067.00,29289.00,29789.00,30065.00,30262.00,30762.00,31262.00,31762.00,31938.00,32424.00,32699.00,33199.00,33699.00,34199.00,34446.00,34583.00,35083.00,35317.00,35419.00,35874.00,36374.00,36587.00,36800.00,37209.00,37686.00,37989.00,38489.00,38629.00,38948.00,39063.00,39563.00,39727.00,39999.00,40423.00,40621.00,40786.00,41286.00,41430.00,41930.00,42063.00,42563.00,43063.00,43210.00,43583.00,43764.00,43884.00,44016.00,44405.00,44671.00,45171.00,45278.00,45778.00,46278.00,46439.00,46679.00,46819.00,47319.00,47594.00,47761.00,47890.00,48128.00,48351.00,48498.00,48987.00,49487.00,49987.00,50487.00,,,,,
-139.68,-35.52,-119.36,-141.80,-213.51,-99.70,-221.33,-136.28,-115.90,-229.52,-108.17,-44.61,-125.12,-289.63,-131.42,-114.44,-104.38,-135.33,-82.35,-372.32,-269.65,-386.68,-82.33,-94.26,-113.48,-110.65,-199.08,-188.66,-174.33,-95.46,-83.91,-225.25,-211.85,-121.25,-37.50,-249.59,-82.02,-255.86,-111.44,-32.97,-84.66,-211.51,-76.10,-85.25,-79.35,-215.06,-188.24,-152.62,-152.97,-62.01,-53.63,-327.24,-206.39,-207.21,-89.83,-109.87,-89.48,-101.48,-75.44,-123.66,-338.20,-195.48,-141.86,-221.20,-231.94,-144.06,-198.33,-165.22,-209.42,-172.04,-193.04,-209.32,-260.71,-54.21,-203.16,-225.70,-38.09,-203.33,-96.58,-131.83,14.30,-72.46,-215.58,-163.64,-10.41,-72.47,-254.61,-46.43,-11.16,-158.33,-116.03,-112.82,-41.64,-96.24,-102.79,-76.20,-35.13,-92.71,-41.49,19.70,-90.32,-83.25,110.63,-159.26,-62.35,-89.48,-91.34,-164.47,-100.91,-122.04,-77.02,-37.94,-32.76,-7.87,-15.17,-147.11,-77.82,-185.85,-77.82,92.91,175.89,-9.53,-49.20,90.40,125.69,-114.28,24.81,-158.84,-79.86,-234.10,9.63,-117.01,-46.38,8.26,34.71,-49.88,-205.17,-24.21,-70.05,15.81,163.65,-51.21,-49.23,25.86,-30.18,-65.30,43.81,75.95,133.88,229.14,-58.49,-182.08,-49.47,7.76,-22.54,242.11,-198.97,-35.80,-11.65,-120.81,177.04,-35.01,134.41,-39.24,-4.32,-29.63,91.73,276.32,264.63,18.82,-24.68,59.02,2.93,-201.64,-126.00,-46.87,260.80,-133.21,-35.75,229.89,-8.39,173.86,-173.43,193.72,145.99,81.54,-10.50,-3.32,171.35,193.35,171.76,105.01,147.89,-186.50,-30.18,-218.57,29.92,-11.08,266.09,-3.16,-264.96,41.65,111.42,-25.37,139.44,-2.42,-29.38,-179.11,-8.50,140.06,,,,,,,,,,,,,,,,,,,,,,,,,,,,,
64.00,146.00,218.00,301.00,389.00,495.00,595.00,661.00,731.00,797.00,871.00,997.00,1094.00,1213.00,1306.00,1394.00,1492.00,1580.00,1692.00,1777.00,1920.00,2070.00,2159.00,2256.00,2327.00,2422.00,2544.00,2659.00,2794.00,2867.00,2959.00,3130.00,3277.00,3423.00,3534.00,3634.00,3696.00,3785.00,3856.00,3977.00,4055.00,4143.00,4216.00,4303.00,4397.00,4544.00,4636.00,4719.00,4853.00,4943.00,5033.00,5142.00,5248.00,5336.00,5465.00,5544.00,5672.00,5745.00,5855.00,6002.00,6105.00,6205.00,6307.00,6441.00,6574.00,6682.00,6801.00,6903.00,7040.00,7146.00,7239.00,7492.00,7648.00,7773.00,7912.00,8067.00,8170.00,8283.00,8372.00,8481.00,8563.00,8758.00,8873.00,9013.00,9122.00,9206.00,9321.00,9458.00,9560.00,9666.00,9752.00,9856.00,10013.00,10296.00,10431.00,10597.00,10756.00,10977.00,11128.00,11628.00,11762.00,12028.00,12528.00,12750.00,12885.00,13016.00,13218.00,13493.00,13745.00,13879.00,14016.00,14251.00,14450.00,14646.00,14853.00,15052.00,15232.00,15451.00,15618.00,16118.00,16618.00,17118.00,17373.00,17546.00,18046.00,18237.00,18737.00,19000.00,19340.00,19781.00,20281.00,20731.00,21231.00,21731.00,22231.00,22542.00,22911.00,23411.00,23725.00,24225.00,24725.00,25225.00,25725.00,26225.00,26725.00,27225.00,27725.00,28225.00,28725.00,29163.00,29663.00,29819.00,30220.00,30495.00,30995.00,31450.00,31742.00,32170.00,32398.00,32606.00,33102.00,33505.00,34005.00,34315.00,34527.00,34778.00,35278.00,35530.00,35926.00,36230.00,36507.00,37007.00,37249.00,37506.00,37685.00,38142.00,38559.00,38761.00,39017.00,39309.00,39623.00,40123.00,40321.00,40821.00,41321.00,41821.00,42037.00,42359.00,42859.00,43356.00,43856.00,44356.00,44801.00,44955.00,45355.00,45559.00,45787.00,45957.00,46367.00,46581.00,46802.00,47302.00,47802.00,48219.00,48719.00,48984.00,49132.00,49452.00,49613.00,50113.00,,,,,,,,,,,,,,,,,,,,,,,,,,,,,
-109.20,-93.21,-117.15,-231.31,-133.69,-192.06,-286.67,-202.90,-337.98,-392.80,-307.35,-251.78,-333.63,-62.84,-168.83,-76.54,-210.30,-113.50,-298.43,-204.58,-172.91,-84.70,-170.49,-185.29,-174.48,-196.30,-106.21,-271.83,-108.28,-114.85,-236.34,-244.56,-164.11,-70.22,-170.98,-144.86,-75.18,-225.46,-130.19,-131.86,-49.10,-144.28,-72.48,-103.20,-26.36,-99.64,-91.53,100.97,-103.57,-50.68,-222.81,-68.28,-203.07,-230.11,-147.47,-114.79,-191.83,-89.40,-96.15,-214.84,-58.49,-120.31,-76.46,-113.88,-220.00,-107.28,-167.62,-115.27,-125.53,-98.32,-128.09,-100.81,-85.78,-15.05,-164.38,-119.97,24.99,-21.18,-89.69,108.74,-60.27,32.62,-139.96,-106.88,-133.80,-58.93,-126.72,-105.86,-126.77,-45.25,-78.07,-3.43,-131.42,-9.63,-91.88,-164.70,-32.10,-112.37,-55.20,-72.25,-98.08,-186.59,-26.33,-55.13,-92.23,-38.98,-54.79,136.35,-50.35,65.86,-2.92,-86.75,-107.33,-54.13,-55.91,-98.68,6.74,-22.28,-5.41,-210.97,-81.56,-83.08,-101.85,-15.46,-0.62,-4.70,-36.27,59.82,-18.54,60.36,-20.70,-65.04,-20.43,39.93,26.03,-164.96,-28.58,-3.35,148.99,-19.17,-40.29,-2.88,-66.90,-13.20,4.40,42.18,13.85,73.14,-14.27,-268.17,-78.16,-36.95,-38.10,-36.22,-41.28,249.42,40.83,108.72,-51.60,-7.28,-31.79,-42.33,252.74,27.86,-232.10,-16.19,-6.70,227.20,-31.99,80.36,154.11,-9.49,98.97,-76.29,-11.60,34.49,57.11,54.96,37.27,117.46,3.93,168.36,241.48,9.97,217.47,-196.48,156.92,-28.38,-160.27,203.64,-215.96,-110.86,70.19,21.47,19.23,-16.30,-3.47,-3.42,-22.15,25.60,232.58,66.67,238.60,0.74,143.11,-8.32,-22.42,2.65,135.39,-17.79,246.76,230.49,243.60,44.40,-214.07,283.53,6.04,52.80,-14.20,114.95,23.28,202.82,272.52,211.17,4.09,120.25,,,,,,,,,,,,,
119.00,196.00,290.00,409.00,500.00,633.00,731.00,801.00,913.00,1010.00,1114.00,1231.00,1334.00,1398.00,1463.00,1537.00,1643.00,1733.00,1827.00,1974.00,2058.00,2148.00,2222.00,2376.00,2508.00,2615.00,2688.00,2812.00,2929.00,3003.00,3104.00,3234.00,3320.00,3409.00,3492.00,3597.00,3715.00,3853.00,3970.00,4052.00,4118.00,4207.00,4324.00,4414.00,4503.00,4611.00,4673.00,5173.00,5315.00,5399.00,5524.00,5601.00,5729.00,5842.00,5991.00,6070.00,6378.00,6452.00,6586.00,6708.00,6784.00,6920.00,7048.00,7154.00,7328.00,7426.00,7568.00,7663.00,7837.00,8011.00,8099.00,8290.00,8426.00,8598.00,8746.00,8859.00,9000.00,9110.00,9228.00,9728.00,9851.00,10047.00,10284.00,10414.00,10650.00,10770.00,10912.00,11042.00,11140.00,11249.00,11380.00,11521.00,11639.00,11786.00,11947.00,12103.00,12277.00,12573.00,12747.00,12954.00,13151.00,13631.00,13760.00,13970.00,14194.00,14366.00,14460.00,14960.00,15141.00,15641.00,15768.00,16039.00,16389.00,16508.00,16602.00,16782.00,17140.00,17324.00,17661.00,17820.00,18095.00,18551.00,19051.00,19232.00,19463.00,19733.00,19968.00,20468.00,20768.00,21268.00,21768.00,22268.00,22438.00,22938.00,23063.00,23443.00,23802.00,23948.00,24448.00,24694.00,24916.00,25331.00,25580.00,25839.00,26217.00,26717.00,26945.00,27445.00,27699.00,27980.00,28252.00,28580.00,28751.00,28927.00,29166.00,29639.00,29804.00,30304.00,30553.00,30769.00,31021.00,31195.00,31496.00,31653.00,31907.00,32129.00,32432.00,32859.00,33235.00,33735.00,34235.00,34447.00,34947.00,35176.00,35410.00,35626.00,35777.00,35979.00,36230.00,36730.00,36975.00,37455.00,37943.00,38153.00,38481.00,38770.00,39270.00,39453.00,39717.00,40132.00,40331.00,40454.00,40642.00,40844.00,41065.00,41255.00,41500.00,41694.00,41840.00,42065.00,42460.00,42625.00,42931.00,43080.00,43580.00,43802.00,44070.00,44349.00,44849.00,45088.00,45395.00,45767.00,46165.00,46364.00,46576.00,47023.00,47250.00,47413.00,47678.00,48178.00,48332.00,48662.00,49155.00,49553.00,49787.00,50287.00,,,,,,,,,,,,,
-107.01,-69.25,-126.25,-163.45,-340.40,-137.44,-275.41,30.23,-261.37,-253.82,-233.46,-98.36,-256.94,-262.76,-187.23,-66.02,-467.27,6.88,-197.74,-161.42,-175.55,26.14,-198.13,-290.92,-315.67,-191.10,-176.80,3.31,-230.67,-144.94,-88.56,-108.69,-326.41,-171.01,-256.85,2.05,-140.86,-71.55,-158.13,74.26,-238.51,-150.18,-257.98,-142.30,-109.20,-22.54,-42.73,-106.81,-295.10,-90.95,-80.93,-76.29,-58.08,-85.89,-33.26,-105.66,-228.61,-64.12,-114.70,-116.35,-92.49,-56.37,-85.05,-140.39,-76.19,-167.13,-147.21,-131.60,-135.76,-154.45,-69.20,-152.30,24.02,-62.03,-12.55,-17.49,-16.02,-136.70,-93.42,-93.42,-45.95,-74.70,-176.15,-108.68,-52.94,-137.92,-104.97,-171.27,-45.01,-65.69,-94.69,-82.48,-202.68,-190.01,-61.14,-246.73,-56.86,-293.88,-64.35,-97.32,-116.16,-227.60,-26.88,-31.31,-41.35,-516.13,-77.39,-34.31,-107.45,18.71,-46.58,-65.32,50.58,-53.80,-23.63,-3.69,-214.03,3.85,151.38,-44.92,-65.61,-14.74,-139.11,-33.28,-85.52,-19.03,95.93,89.10,161.49,-77.70,19.28,-54.98,-38.92,121.62,3.67,48.66,-35.30,24.66,-0.79,-74.05,-36.54,167.14,75.72,46.71,0.42,38.72,6.70,-47.22,0.29,32.86,32.25,29.13,26.89,26.83,-1.04,-32.11,16.70,42.87,-30.97,24.88,53.37,130.81,-61.46,10.48,73.58,-29.66,0.87,4.34,50.73,-35.52,288.69,143.01,-283.31,219.59,155.96,97.38,-66.00,12.00,131.08,108.69,9.98,102.83,38.44,7.36,-5.18,195.70,-23.79,-34.73,94.01,10.49,-17.85,-196.66,110.85,218.00,-28.71,56.58,-23.38,19.62,107.90,81.73,14.38,147.48,204.54,23.80,-34.01,130.63,39.54,244.65,71.18,129.32,19.95,10.96,232.35,178.45,18.51,221.31,112.40,,,,,,,,,,,,,,,,,,,,,,
61.00,125.00,226.00,300.00,420.00,511.00,601.00,678.00,772.00,853.00,944.00,1018.00,1128.00,1203.00,1268.00,1334.00,1443.00,1550.00,1619.00,1694.00,1767.00,1840.00,1920.00,2012.00,2126.00,2229.00,2337.00,2412.00,2489.00,2587.00,2677.00,2757.00,2892.00,2994.00,3112.00,3200.00,3335.00,3446.00,3553.00,4053.00,4183.00,4266.00,4389.00,4471.00,4558.00,4690.00,4791.00,4930.00,5007.00,5079.00,5162.00,5271.00,5364.00,5436.00,5570.00,5665.00,5783.00,5849.00,5929.00,6027.00,6118.00,6248.00,6347.00,6424.00,6545.00,6691.00,6831.00,6958.00,7027.00,7161.00,7270.00,7347.00,7449.00,7600.00,7719.00,7849.00,7995.00,8096.00,8184.00,8332.00,8442.00,8557.00,8755.00,8941.00,9062.00,9240.00,9360.00,9561.00,9633.00,9783.00,9971.00,10114.00,10219.00,10407.00,10544.00,10698.00,10922.00,11132.00,11234.00,11373.00,11570.00,11701.00,11841.00,11943.00,12095.00,12242.00,12357.00,12486.00,12551.00,12716.00,12946.00,13096.00,13308.00,13659.00,13792.00,13931.00,14066.00,14287.00,14787.00,14911.00,15029.00,15180.00,15540.00,15649.00,15996.00,16257.00,16423.00,16923.00,17423.00,17892.00,18392.00,18810.00,19055.00,19555.00,20055.00,20326.00,20537.00,21037.00,21537.00,22037.00,22537.00,23037.00,23537.00,23810.00,23991.00,24491.00,24991.00,25248.00,25423.00,25923.00,26423.00,26923.00,27126.00,27626.00,28126.00,28608.00,29007.00,29248.00,29653.00,29884.00,30384.00,30884.00,31227.00,31502.00,31658.00,32012.00,32318.00,32584.00,32786.00,32943.00,33405.00,33905.00,34154.00,34546.00,35046.00,35546.00,35956.00,36108.00,36608.00,37108.00,37372.00,37872.00,38037.00,38342.00,38578.00,39078.00,39324.00,39526.00,40026.00,40289.00,40650.00,40844.00,41344.00,41769.00,42141.00,42316.00,42652.00,42994.00,43494.00,43994.00,44208.00,44708.00,45178.00,45373.00,45589.00,46089.00,46296.00,46595.00,47095.00,47595.00,47809.00,48131.00,48555.00,49053.00,49269.00,49555.00,50055.00,,,,,,,,,,,,,,,,,,,,,,
-329.39,-78.25,-217.47,-105.54,-167.63,-111.53,-148.66,-425.95,-97.77,-73.38,-40.61,-103.31,-161.05,-83.93,-106.09,-172.85,-211.79,-99.31,-216.43,-109.34,-251.00,-310.48,3.57,-59.43,-96.46,-100.52,-216.16,-156.48,-203.74,-167.44,-98.97,-102.43,-71.07,-164.67,-106.35,-99.85,-60.12,-175.83,-41.77,14.75,-327.89,-177.13,-168.19,-93.05,-312.67,-25.82,-139.49,-128.63,-164.37,-330.36,-184.82,-277.45,-150.69,-105.15,-226.12,-92.20,-83.72,-60.57,-226.75,-241.03,-316.22,-45.74,-200.64,-20.98,-111.13,-264.82,-75.49,-223.56,-346.08,-147.63,-59.62,-60.68,-106.07,-84.93,-263.70,-128.21,-208.90,-53.95,-213.59,-81.18,-243.38,-98.68,-183.03,-64.88,-62.43,-155.49,-33.82,-189.83,4.56,-59.22,-29.63,-188.86,-117.71,-103.25,-93.41,-34.97,-29.71,-43.81,-127.79,-110.74,-55.69,-88.08,-134.18,-43.78,-77.40,-35.95,-85.59,-219.30,-99.95,-68.29,-95.35,-31.31,131.11,-200.26,-59.58,12.75,17.47,47.44,61.02,-63.22,-67.63,-111.06,-161.17,11.85,-91.71,-16.99,89.18,-251.38,-35.32,-4.62,17.44,90.67,-45.81,8.51,38.50,-6.64,0.99,4.86,48.63,16.80,36.10,-0.53,141.67,0.60,26.66,-23.88,23.00,17.54,-11.92,57.98,27.61,-13.70,-1.50,54.25,46.41,20.90,-42.34,-3.15,22.59,12.69,-47.25,24.03,-20.72,-18.70,56.26,-36.09,10.04,-9.19,-22.83,-0.78,2.52,35.81,-21.18,-39.20,-151.45,38.99,10.27,-76.08,-35.79,0.84,56.58,51.24,-83.57,26.59,9.69,5.87,20.56,-0.97,-63.12,25.76,278.58,-159.39,-21.26,38.35,55.01,-2.72,49.19,-20.20,93.42,13.54,,,,,,,,,,,,,,,,,,,,,,,,,,,,,,,,,,,,,,,
98.00,171.00,253.00,324.00,403.00,480.00,591.00,722.00,791.00,864.00,930.00,1019.00,1081.00,1210.00,1306.00,1373.00,1518.00,1629.00,1717.00,1798.00,1864.00,1966.00,2076.00,2179.00,2269.00,2343.00,2474.00,2539.00,2621.00,2691.00,2803.00,2891.00,3010.00,3134.00,3249.00,3350.00,3425.00,3536.00,3598.00,3731.00,3844.00,3935.00,4072.00,4197.00,4322.00,4453.00,4535.00,4611.00,4728.00,4833.00,4918.00,5038.00,5122.00,5234.00,5355.00,5440.00,5523.00,5660.00,5783.00,5912.00,6122.00,6205.00,6330.00,6473.00,6595.00,6725.00,6876.00,6974.00,7101.00,7172.00,7306.00,7438.00,7557.00,7675.00,7846.00,7949.00,8061.00,8205.00,8363.00,8443.00,8567.00,8716.00,8839.00,8931.00,9118.00,9267.00,9438.00,9542.00,9692.00,9852.00,9973.00,10187.00,10282.00,10439.00,10579.00,10751.00,10889.00,11055.00,11292.00,11495.00,11674.00,11808.00,11900.00,12020.00,12155.00,12300.00,12531.00,12753.00,12946.00,13092.00,13290.00,13528.00,14028.00,14199.00,14432.00,14591.00,14770.00,15270.00,15440.00,15639.00,15923.00,16349.00,16773.00,17273.00,17423.00,17923.00,18423.00,18835.00,19056.00,19346.00,19533.00,20033.00,20533.00,21033.00,21533.00,21726.00,22226.00,22726.00,23226.00,23726.00,24226.00,24726.00,25226.00,25726.00,26226.00,26726.00,27226.00,27726.00,28226.00,28726.00,29226.00,29726.00,30226.00,30726.00,31226.00,31726.00,32025.00,32525.00,33025.00,33525.00,33716.00,34216.00,34716.00,35216.00,35716.00,36214.00,36714.00,37214.00,37451.00,37951.00,38451.00,38951.00,39233.00,39690.00,39910.00,40410.00,40645.00,41135.00,41516.00,41726.00,42226.00,42726.00,43095.00,43595.00,44095.00,44277.00,44777.00,45277.00,45761.00,45987.00,46454.00,46599.00,46983.00,47483.00,47983.00,48483.00,48983.00,49257.00,49757.00,50257.00,,,,,,,,,,,,,,,,,,,,,,,,,,,,,,,,,,,,,,,
-178.73,-15.60,-292.57,-356.65,-252.54,-81.18,-71.15,-254.17,-67.34,-142.19,-168.42,-91.95,-304.98,-55.75,-368.67,-59.65,-288.82,-123.58,-354.69,-147.24,-315.61,-332.24,-136.66,-219.65,-88.61,-112.06,-65.96,-106.73,-89.67,-185.86,-59.75,-108.58,-132.78,-60.80,-156.23,-153.22,-41.35,-283.66,-117.00,-52.24,-82.30,-101.57,-116.89,-186.23,-125.69,-91.90,33.59,-161.64,-426.12,-72.94,-73.31,-58.17,-76.84,-142.42,-159.63,-150.42,-40.84,-216.08,-138.08,-200.92,-226.55,-75.52,-40.52,-309.30,-87.53,-91.21,-108.70,-294.96,-53.33,-199.35,-39.91,-223.93,-149.00,-83.18,19.55,-238.50,-163.45,-149.00,-65.23,-57.38,-290.82,-100.85,14.77,-210.14,-114.44,-81.61,-67.40,-106.22,10.93,-30.08,-233.52,-270.94,4.63,20.42,-79.64,-134.33,-268.29,-48.99,-117.78,-30.08,-125.72,-91.54,13.12,-41.75,-182.82,-114.88,-83.14,-101.63,-47.72,-135.47,-84.98,-81.38,-166.99,-93.83,-96.33,-160.09,-101.13,-71.55,-44.31,-65.76,2.12,-93.13,-76.79,-63.60,-60.74,-78.10,47.06,-35.32,-15.97,-129.38,-50.03,1.26,-82.25,-40.44,27.79,-231.44,3.48,-71.00,-182.94,-50.20,-88.09,20.78,-3.38,-101.79,2.79,-11.76,-26.06,-34.68,-6.95,-2.69,-72.27,22.11,102.79,-229.34,12.94,258.01,21.47,18.25,11.37,35.85,9.31,-208.62,-18.30,220.97,129.50,205.81,-272.72,242.48,146.99,-160.26,107.14,9.13,-81.72,237.17,43.73,-14.15,-16.07,151.50,-1.71,4.45,-64.84,-20.05,-62.42,-21.95,121.92,-62.07,85.41,-32.47,10.79,112.93,14.99,-15.80,164.36,23.54,247.39,-10.60,36.76,280.92,-32.80,-126.32,94.38,42.50,277.08,-197.11,0.13,218.83,253.64,-19.74,-68.02,1.18,216.76,-30.31,12.31,14.34,232.67,33.34,-0.11,-6.88,30.29,35.48,232.95,132.65,-229.95,0.59,259.98,279.02,221.08,-195.68,13.39,-46.62,-10.18,-27.23,21.42,191.59,199.05,102.26,229.58,-30.74,158.39
64.00,178.00,307.00,430.00,558.00,630.00,702.00,793.00,858.00,954.00,1068.00,1217.00,1296.00,1352.00,1456.00,1546.00,1615.00,1696.00,1833.00,1936.00,2027.00,2120.00,2202.00,2304.00,2387.00,2492.00,2570.00,2666.00,2731.00,2854.00,3010.00,3085.00,3159.00,3235.00,3351.00,3435.00,3516.00,3597.00,3695.00,3766.00,3842.00,3925.00,3998.00,4100.00,4165.00,4269.00,4361.00,4432.00,4529.00,4604.00,4773.00,4866.00,4977.00,5038.00,5164.00,5268.00,5361.00,5469.00,5578.00,5697.00,5793.00,5891.00,5990.00,6099.00,6254.00,6369.00,6489.00,6601.00,6675.00,6778.00,6920.00,7010.00,7152.00,7245.00,7415.00,7533.00,7654.00,7786.00,7868.00,8003.00,8129.00,8235.00,8407.00,8533.00,8620.00,8740.00,8858.00,9005.00,9115.00,9294.00,9516.00,9738.00,9897.00,10013.00,10124.00,10265.00,10439.00,10637.00,10805.00,10924.00,11117.00,11272.00,11408.00,11518.00,11644.00,11764.00,11899.00,12078.00,12225.00,12370.00,12566.00,12681.00,12836.00,12942.00,13068.00,13253.00,13508.00,13660.00,13840.00,13968.00,14151.00,14346.00,14443.00,14535.00,14623.00,14707.00,15207.00,15707.00,15884.00,16151.00,16278.00,16546.00,16657.00,16952.00,17452.00,17668.00,17863.00,17990.00,18386.00,18603.00,19103.00,19603.00,20103.00,20461.00,20961.00,21164.00,21415.00,21915.00,22415.00,22915.00,23415.00,23915.00,24415.00,24576.00,25076.00,25484.00,25984.00,26484.00,26663.00,27163.00,27381.00,27624.00,28124.00,28403.00,28903.00,29383.00,29554.00,29953.00,30453.00,30680.00,31180.00,31393.00,31852.00,32296.00,32796.00,32958.00,33300.00,33800.00,34052.00,34290.00,34387.00,34602.00,34912.00,35128.00,35628.00,35912.00,36412.00,36558.00,36711.00,37211.00,37374.00,37539.00,38039.00,38205.00,38644.00,38759.00,38979.00,39435.00,39615.00,39768.00,40268.00,40415.00,40765.00,40901.00,41122.00,41346.00,41624.00,41839.00,42053.00,42253.00,42742.00,42960.00,43112.00,43262.00,43575.00,43733.00,43991.00,44218.00,44365.00,44586.00,44873.00,45373.00,45647.00,45791.00,46098.00,46581.00,46943.00,47092.00,47195.00,47463.00,47617.00,47798.00,47949.00,48374.00,48820.00,49320.00,49725.00,49824.00,50324.00
-142.99,-169.70,-335.33,-108.60,-325.17,-84.57,-88.89,-101.52,-80.06,-119.17,-135.57,-189.65,-125.62,-170.99,-323.75,-137.45,-101.43,-264.53,-278.24,-42.36,-304.11,-100.23,-95.74,-125.05,-122.92,-76.01,-154.05,-410.57,-225.73,-308.90,-108.45,-86.98,-58.70,-82.53,-325.66,15.73,-103.15,-57.30,-63.85,-180.12,-102.79,-198.49,-365.69,-5.83,-251.45,-112.53,-105.92,-221.20,-102.12,-99.45,17.80,-48.02,-95.90,-103.16,-62.35,-152.01,-12.95,-157.72,-65.00,-143.25,-47.78,-183.13,38.09,-81.74,-42.93,-123.67,-165.57,-131.15,-121.14,-209.56,-59.39,-140.95,-90.50,-233.85,-212.59,-87.70,-169.99,-143.44,-9.70,-53.00,-130.30,-59.98,-121.01,-57.56,-288.93,-50.04,-128.05,-50.43,-181.61,-198.25,-72.20,-44.17,-139.56,-113.62,-48.15,-100.28,-241.93,-45.88,-101.82,-111.15,-60.34,-176.78,-25.90,-48.88,-77.84,-127.84,-185.52,-120.59,-2.72,-70.10,-92.15,-89.41,-175.33,-229.64,-30.35,-52.23,-48.27,-36.30,-39.83,-20.23,-59.70,-51.04,-9.69,-33.46,15.34,-34.86,-102.34,-61.59,99.12,-72.40,-83.44,-22.02,26.93,-35.48,51.42,-18.10,-196.10,88.24,-51.58,10.96,-61.49,150.02,95.80,26.59,87.71,-54.95,15.78,34.54,91.79,-12.20,-34.77,56.76,48.75,126.10,63.31,38.81,-179.66,10.80,-0.52,126.66,10.44,274.93,31.37,61.09,80.51,37.04,7.54,-6.55,206.36,52.69,129.43,244.58,14.76,2.40,160.92,52.06,-4.95,139.71,-33.60,-2.41,108.78,69.49,16.65,239.35,216.32,-1.66,106.60,-208.97,38.57,138.07,-11.10,54.11,-44.63,51.99,216.65,123.43,219.22,43.82,151.89,30.14,-170.68,-160.44,5.58,98.98,42.65,192.70,25.60,-1.41,-6.23,-0.37,61.76,72.25,-156.17,-6.75,122.02,20.11,142.45,34.50,71.07,-30.43,18.61,224.80,236.89,44.80,-1.37,68.69,73.38,116.27,144.59,-176.85,3.43,-21.61,146.00,181.77,138.46,,,,
93.00,212.00,297.00,368.00,463.00,543.00,619.00,711.00,833.00,890.00,949.00,1018.00,1113.00,1230.00,1336.00,1396.00,1479.00,1583.00,1680.00,1811.00,1898.00,2014.00,2124.00,2238.00,2327.00,2423.00,2553.00,2635.00,2711.00,2858.00,2937.00,3010.00,3099.00,3198.00,3306.00,3480.00,3551.00,3626.00,3703.00,3768.00,3852.00,3936.00,4054.00,4168.00,4281.00,4401.00,4528.00,4662.00,4778.00,4893.00,4987.00,5059.00,5173.00,5253.00,5368.00,5494.00,5672.00,5789.00,5861.00,5988.00,6067.00,6158.00,6238.00,6340.00,6478.00,6552.00,6699.00,6801.00,6911.00,7023.00,7157.00,7292.00,7382.00,7503.00,7668.00,7753.00,7902.00,8030.00,8146.00,8300.00,8406.00,8570.00,8683.00,8853.00,8980.00,9075.00,9188.00,9307.00,9427.00,9535.00,9642.00,9777.00,9851.00,9943.00,10051.00,10210.00,10327.00,10429.00,10599.00,10684.00,10823.00,10959.00,11166.00,11265.00,11543.00,11670.00,11771.00,11962.00,12072.00,12196.00,12329.00,12438.00,12605.00,12847.00,12967.00,13130.00,13278.00,13405.00,13484.00,13622.00,13800.00,13940.00,14127.00,14469.00,14609.00,14851.00,15091.00,15208.00,15708.00,15882.00,16267.00,16399.00,16547.00,16833.00,17333.00,17633.00,17764.00,18264.00,18468.00,18786.00,18972.00,19472.00,19972.00,20161.00,20661.00,21068.00,21286.00,21786.00,22286.00,22610.00,22916.00,23102.00,23602.00,24102.00,24602.00,25102.00,25278.00,25778.00,26109.00,26609.00,26882.00,27216.00,27716.00,28216.00,28716.00,28861.00,29027.00,29181.00,29644.00,29870.00,30370.00,30823.00,30926.00,31161.00,31661.00,32161.00,32319.00,32819.00,33078.00,33312.00,33812.00,33953.00,34109.00,34430.00,34846.00,34966.00,35466.00,35625.00,35782.00,36282.00,36466.00,36683.00,36835.00,37049.00,37361.00,37861.00,38213.00,38379.00,38879.00,39050.00,39190.00,39403.00,39606.00,40106.00,40311.00,40772.00,41008.00,41214.00,41324.00,41548.00,42048.00,42548.00,42708.00,42948.00,43448.00,43663.00,44163.00,44335.00,44835.00,44958.00,45152.00,45567.00,46064.00,46259.00,46445.00,46576.00,47076.00,47576.00,48076.00,48287.00,48496.00,48598.00,49098.00,49598.00,50098.00,,,,
-468.86,-279.71,-238.49,-75.98,-339.44,-129.52,-278.76,-245.47,-151.71,-172.32,-156.85,-182.53,-128.42,-304.95,-75.17,-168.09,-237.84,-109.61,-101.71,-510.40,-155.53,-407.49,-114.84,-85.84,-42.96,-37.68,-278.21,-148.81,-249.09,-233.96,-45.55,-138.49,-54.42,-47.02,-285.24,-159.22,-74.36,-108.59,-248.27,-37.62,-124.35,-25.68,-75.27,-150.86,-194.88,-193.31,-108.26,-173.59,-158.15,-121.71,-120.05,-210.06,-146.50,-402.23,-26.02,-36.61,-160.30,-58.87,-144.61,-85.35,-119.94,-57.40,-72.01,-69.16,-92.94,-97.24,-130.16,-391.87,-72.30,-89.01,-119.11,-364.50,-86.93,-88.09,-74.24,-42.69,-225.06,-273.16,-60.91,-171.97,-145.34,-201.60,-34.13,-379.66,-139.36,-171.59,-24.28,-116.32,-8.14,-82.24,-80.30,14.85,-111.45,-143.73,-132.32,-168.10,-73.33,-96.49,-126.64,-148.88,-54.39,-35.78,-118.83,3.80,-41.87,-105.18,-76.52,-78.10,22.82,-5.20,-70.58,-196.35,-54.56,-99.27,-68.53,93.81,-213.31,-252.60,-79.69,-223.57,4.29,-230.12,-43.04,-39.60,-173.26,-32.07,-8.56,96.68,-191.16,116.83,-35.27,45.53,20.79,11.87,-62.03,-59.96,-40.48,-31.44,36.67,-32.90,-35.15,-9.92,40.97,-37.69,-9.81,-2.23,102.86,18.42,37.77,176.66,-25.25,-203.42,-27.04,-71.31,-14.39,-22.48,-12.13,31.29,140.42,-4.43,-14.14,-224.95,174.93,18.44,-36.65,2.64,-98.61,22.60,62.51,-42.36,-6.07,-22.36,43.26,9.33,-7.96,18.23,4.27,205.16,6.27,265.12,159.95,-27.48,-250.12,57.58,104.29,-1.38,-28.33,37.23,20.70,128.83,4.79,98.42,196.54,102.63,-18.14,37.71,19.53,105.27,25.58,187.65,,,,,,,,,,,,,,,,,,,,,,,,,,,,,,,,,,,,,,,
90.00,203.00,276.00,340.00,454.00,543.00,629.00,738.00,827.00,900.00,1016.00,1114.00,1208.00,1283.00,1345.00,1416.00,1560.00,1653.00,1746.00,1838.00,1925.00,2017.00,2110.00,2182.00,2268.00,2409.00,2506.00,2615.00,2720.00,2841.00,2912.00,2992.00,3092.00,3162.00,3276.00,3377.00,3469.00,3619.00,3783.00,3908.00,4026.00,4145.00,4246.00,4352.00,4458.00,4553.00,4666.00,4801.00,4881.00,4990.00,5085.00,5185.00,5280.00,5417.00,5491.00,5628.00,5713.00,5811.00,5892.00,5961.00,6031.00,6116.00,6198.00,6299.00,6426.00,6533.00,6620.00,6724.00,6844.00,6959.00,7061.00,7177.00,7312.00,7456.00,7572.00,7648.00,7763.00,7897.00,7998.00,8147.00,8334.00,8446.00,8567.00,8703.00,8853.00,8982.00,9118.00,9274.00,9395.00,9523.00,9664.00,9821.00,9924.00,10039.00,10169.00,10272.00,10375.00,10502.00,10726.00,10854.00,10997.00,11140.00,11428.00,11538.00,11728.00,11819.00,11933.00,12082.00,12582.00,12749.00,12899.00,13062.00,13219.00,13443.00,13558.00,14058.00,14230.00,14448.00,14609.00,14940.00,15086.00,15275.00,15526.00,15711.00,15936.00,16207.00,16707.00,17207.00,17474.00,17974.00,18409.00,18909.00,19128.00,19363.00,19640.00,20140.00,20545.00,21045.00,21545.00,22045.00,22545.00,23045.00,23283.00,23783.00,24283.00,24783.00,25283.00,25783.00,26283.00,26757.00,27257.00,27682.00,28182.00,28682.00,29182.00,29682.00,30182.00,30682.00,31182.00,31682.00,31988.00,32280.00,32768.00,33268.00,33768.00,34268.00,34755.00,35255.00,35755.00,36148.00,36548.00,37048.00,37548.00,38048.00,38548.00,39048.00,39548.00,40023.00,40193.00,40544.00,41012.00,41512.00,41888.00,42388.00,42888.00,43388.00,43888.00,44388.00,44888.00,45388.00,45759.00,46259.00,46671.00,47171.00,47671.00,48171.00,48671.00,49171.00,49671.00,50150.00,,,,,,,,,,,,,,,,,,,,,,,,,,,,,,,,,,,,,,,
