14.00,10.00,14.00,15.00,43.00,21.00,42.00,27.00,26.00,11.00,34.00,25.00,28.00,18.00,32.00,24.00,35.00,21.00,25.00,19.00,49.00,20.00,41.00,20.00,17.00,22.00,23.00,16.00,18.00,20.00,37.00,58.00,15.00,40.00,27.00,48.00,67.00,27.00,26.00,48.00,15.00,10.00,17.00,74.00,19.00,47.00,20.00,32.00,14.00,41.00,57.00,77.00,38.00,11.00,20.00,37.00,14.00,63.00,28.00,22.00,12.00,17.00,95.00,53.00,18.00,45.00,24.00,29.00,67.00,150.00,23.00,23.00,21.00,40.00,36.00,64.00,41.00,18.00,93.00,59.00,88.00,40.00,26.00,170.00,141.00,46.00,84.00,134.00,81.00,35.00,48.00,44.00,38.00,94.00,85.00,200.00,117.00,200.00,155.00,62.00,200.00,76.00,130.00,104.00,171.00,162.00,200.00,183.00,200.00,96.00,185.00,143.00,168.00,200.00,156.00,85.00,200.00,200.00,200.00,182.00,144.00,188.00,200.00,200.00,186.00,200.00,131.00,200.00,200.00,179.00,177.00,200.00,177.00,200.00,186.00,200.00,200.00,143.00,189.00,200.00,189.00,170.00,200.00,175.00,200.00,200.00,184.00,120.00,188.00,200.00,187.00,172.00,198.00,200.00,170.00,191.00,108.00,153.00,193.00,180.00,191.00,155.00,90.00,142.00,178.00,200.00,69.00,174.00,114.00,188.00,123.00,109.00,60.00,167.00,200.00,187.00,180.00,200.00,200.00,190.00,200.00,200.00,58.00,200.00,179.00,160.00,63.00,152.00,75.00,200.00,106.00,200.00,,,,,,,,,,,,,,,,,,,,,,,,,,,,,,,,,,,,,,,,,,,,,,,,,,,,,,,,
14.00,24.00,38.00,53.00,96.00,117.00,159.00,186.00,212.00,223.00,257.00,282.00,310.00,328.00,360.00,384.00,419.00,440.00,465.00,484.00,533.00,553.00,594.00,614.00,631.00,653.00,676.00,692.00,710.00,730.00,767.00,825.00,840.00,880.00,907.00,955.00,1022.00,1049.00,1075.00,1123.00,1138.00,1148.00,1165.00,1239.00,1258.00,1305.00,1325.00,1357.00,1371.00,1412.00,1469.00,1546.00,1584.00,1595.00,1615.00,1652.00,1666.00,1729.00,1757.00,1779.00,1791.00,1808.00,1903.00,1956.00,1974.00,2019.00,2043.00,2072.00,2139.00,2289.00,2312.00,2335.00,2356.00,2396.00,2432.00,2496.00,2537.00,2555.00,2648.00,2707.00,2795.00,2835.00,2861.00,3031.00,3172.00,3218.00,3302.00,3436.00,3517.00,3552.00,3600.00,3644.00,3682.00,3776.00,3861.00,4061.00,4178.00,4378.00,4533.00,4595.00,4795.00,4871.00,5001.00,5105.00,5276.00,5438.00,5638.00,5821.00,6021.00,6117.00,6302.00,6445.00,6613.00,6813.00,6969.00,7054.00,7254.00,7454.00,7654.00,7836.00,7980.00,8168.00,8368.00,8568.00,8754.00,8954.00,9085.00,9285.00,9485.00,9664.00,9841.00,10041.00,10218.00,10418.00,10604.00,10804.00,11004.00,11147.00,11336.00,11536.00,11725.00,11895.00,12095.00,12270.00,12470.00,12670.00,12854.00,12974.00,13162.00,13362.00,13549.00,13721.00,13919.00,14119.00,14289.00,14480.00,14588.00,14741.00,14934.00,15114.00,15305.00,15460.00,15550.00,15692.00,15870.00,16070.00,16139.00,16313.00,16427.00,16615.00,16738.00,16847.00,16907.00,17074.00,17274.00,17461.00,17641.00,17841.00,18041.00,18231.00,18431.00,18631.00,18689.00,18889.00,19068.00,19228.00,19291.00,19443.00,19518.00,19718.00,19824.00,20024.00,,,,,,,,,,,,,,,,,,,,,,,,,,,,,,,,,,,,,,,,,,,,,,,,,,,,,,,,
14.00,18.00,13.00,46.00,22.00,9.00,26.00,24.00,16.00,33.00,10.00,11.00,16.00,13.00,49.00,10.00,17.00,12.00,36.00,17.00,21.00,18.00,51.00,25.00,11.00,64.00,36.00,40.00,21.00,33.00,38.00,49.00,17.00,16.00,13.00,18.00,13.00,16.00,20.00,11.00,41.00,17.00,17.00,29.00,8.00,55.00,27.00,30.00,17.00,13.00,21.00,23.00,22.00,25.00,58.00,26.00,22.00,29.00,43.00,78.00,146.00,17.00,27.00,46.00,25.00,80.00,16.00,39.00,11.00,15.00,23.00,96.00,23.00,47.00,90.00,33.00,139.00,98.00,38.00,39.00,94.00,29.00,35.00,67.00,62.00,10.00,53.00,42.00,21.00,51.00,165.00,63.00,40.00,20.00,29.00,16.00,108.00,128.00,130.00,133.00,129.00,77.00,23.00,102.00,88.00,103.00,182.00,168.00,200.00,169.00,70.00,200.00,48.00,182.00,57.00,143.00,200.00,142.00,137.00,200.00,200.00,200.00,166.00,200.00,200.00,176.00,187.00,200.00,182.00,200.00,200.00,200.00,200.00,200.00,179.00,160.00,200.00,147.00,200.00,200.00,185.00,200.00,200.00,200.00,192.00,178.00,200.00,200.00,200.00,181.00,154.00,193.00,200.00,181.00,200.00,200.00,135.00,200.00,200.00,166.00,200.00,200.00,153.00,145.00,200.00,200.00,200.00,168.00,200.00,200.00,200.00,200.00,195.00,200.00,145.00,152.00,200.00,179.00,188.00,200.00,139.00,181.00,191.00,200.00,200.00,200.00,200.00,143.00,144.00,200.00,200.00,200.00,194.00,,,,,,,,,,,,,,,,,,,,,,,,,,,,,,,,,,,,,,,,,,,,,,,,,,,,,,,
14.00,32.00,45.00,91.00,113.00,122.00,148.00,172.00,188.00,221.00,231.00,242.00,258.00,271.00,320.00,330.00,347.00,359.00,395.00,412.00,433.00,451.00,502.00,527.00,538.00,602.00,638.00,678.00,699.00,732.00,770.00,819.00,836.00,852.00,865.00,883.00,896.00,912.00,932.00,943.00,984.00,1001.00,1018.00,1047.00,1055.00,1110.00,1137.00,1167.00,1184.00,1197.00,1218.00,1241.00,1263.00,1288.00,1346.00,1372.00,1394.00,1423.00,1466.00,1544.00,1690.00,1707.00,1734.00,1780.00,1805.00,1885.00,1901.00,1940.00,1951.00,1966.00,1989.00,2085.00,2108.00,2155.00,2245.00,2278.00,2417.00,2515.00,2553.00,2592.00,2686.00,2715.00,2750.00,2817.00,2879.00,2889.00,2942.00,2984.00,3005.00,3056.00,3221.00,3284.00,3324.00,3344.00,3373.00,3389.00,3497.00,3625.00,3755.00,3888.00,4017.00,4094.00,4117.00,4219.00,4307.00,4410.00,4592.00,4760.00,4960.00,5129.00,5199.00,5399.00,5447.00,5629.00,5686.00,5829.00,6029.00,6171.00,6308.00,6508.00,6708.00,6908.00,7074.00,7274.00,7474.00,7650.00,7837.00,8037.00,8219.00,8419.00,8619.00,8819.00,9019.00,9219.00,9398.00,9558.00,9758.00,9905.00,10105.00,10305.00,10490.00,10690.00,10890.00,11090.00,11282.00,11460.00,11660.00,11860.00,12060.00,12241.00,12395.00,12588.00,12788.00,12969.00,13169.00,13369.00,13504.00,13704.00,13904.00,14070.00,14270.00,14470.00,14623.00,14768.00,14968.00,15168.00,15368.00,15536.00,15736.00,15936.00,16136.00,16336.00,16531.00,16731.00,16876.00,17028.00,17228.00,17407.00,17595.00,17795.00,17934.00,18115.00,18306.00,18506.00,18706.00,18906.00,19106.00,19249.00,19393.00,19593.00,19793.00,19993.00,20187.00,,,,,,,,,,,,,,,,,,,,,,,,,,,,,,,,,,,,,,,,,,,,,,,,,,,,,,,
20.00,27.00,36.00,18.00,26.00,17.00,9.00,25.00,38.00,43.00,20.00,18.00,29.00,29.00,29.00,29.00,33.00,27.00,13.00,17.00,19.00,25.00,18.00,15.00,17.00,42.00,12.00,17.00,17.00,14.00,16.00,13.00,10.00,42.00,24.00,12.00,34.00,24.00,34.00,16.00,37.00,27.00,13.00,27.00,51.00,17.00,26.00,16.00,25.00,28.00,12.00,39.00,53.00,35.00,43.00,11.00,34.00,34.00,17.00,19.00,17.00,18.00,15.00,67.00,28.00,66.00,28.00,36.00,27.00,40.00,14.00,27.00,27.00,51.00,15.00,72.00,37.00,20.00,66.00,65.00,16.00,22.00,18.00,50.00,19.00,55.00,60.00,14.00,42.00,39.00,25.00,27.00,200.00,37.00,29.00,16.00,72.00,137.00,65.00,34.00,32.00,47.00,29.00,16.00,31.00,17.00,150.00,21.00,36.00,200.00,69.00,87.00,87.00,94.00,74.00,77.00,197.00,160.00,146.00,58.00,102.00,187.00,129.00,77.00,143.00,200.00,153.00,159.00,142.00,161.00,174.00,117.00,200.00,148.00,164.00,168.00,171.00,157.00,150.00,152.00,140.00,145.00,154.00,191.00,143.00,170.00,195.00,200.00,200.00,200.00,200.00,149.00,200.00,162.00,182.00,174.00,146.00,181.00,167.00,187.00,200.00,158.00,155.00,153.00,200.00,173.00,150.00,153.00,141.00,147.00,139.00,173.00,158.00,170.00,144.00,158.00,160.00,149.00,162.00,164.00,200.00,200.00,128.00,139.00,200.00,156.00,139.00,200.00,142.00,151.00,178.00,167.00,200.00,164.00,106.00,200.00,109.00,121.00,162.00,115.00,166.00,147.00,134.00,103.00,157.00,200.00,104.00,118.00,125.00,134.00,200.00,101.00,125.00,107.00,124.00,177.00,116.00,,,,,,,,,,,,,,,,,,,,,,,,,,,,,,,
20.00,47.00,83.00,101.00,127.00,144.00,153.00,178.00,216.00,259.00,279.00,297.00,326.00,355.00,384.00,413.00,446.00,473.00,486.00,503.00,522.00,547.00,565.00,580.00,597.00,639.00,651.00,668.00,685.00,699.00,715.00,728.00,738.00,780.00,804.00,816.00,850.00,874.00,908.00,924.00,961.00,988.00,1001.00,1028.00,1079.00,1096.00,1122.00,1138.00,1163.00,1191.00,1203.00,1242.00,1295.00,1330.00,1373.00,1384.00,1418.00,1452.00,1469.00,1488.00,1505.00,1523.00,1538.00,1605.00,1633.00,1699.00,1727.00,1763.00,1790.00,1830.00,1844.00,1871.00,1898.00,1949.00,1964.00,2036.00,2073.00,2093.00,2159.00,2224.00,2240.00,2262.00,2280.00,2330.00,2349.00,2404.00,2464.00,2478.00,2520.00,2559.00,2584.00,2611.00,2811.00,2848.00,2877.00,2893.00,2965.00,3102.00,3167.00,3201.00,3233.00,3280.00,3309.00,3325.00,3356.00,3373.00,3523.00,3544.00,3580.00,3780.00,3849.00,3936.00,4023.00,4117.00,4191.00,4268.00,4465.00,4625.00,4771.00,4829.00,4931.00,5118.00,5247.00,5324.00,5467.00,5667.00,5820.00,5979.00,6121.00,6282.00,6456.00,6573.00,6773.00,6921.00,7085.00,7253.00,7424.00,7581.00,7731.00,7883.00,8023.00,8168.00,8322.00,8513.00,8656.00,8826.00,9021.00,9221.00,9421.00,9621.00,9821.00,9970.00,10170.00,10332.00,10514.00,10688.00,10834.00,11015.00,11182.00,11369.00,11569.00,11727.00,11882.00,12035.00,12235.00,12408.00,12558.00,12711.00,12852.00,12999.00,13138.00,13311.00,13469.00,13639.00,13783.00,13941.00,14101.00,14250.00,14412.00,14576.00,14776.00,14976.00,15104.00,15243.00,15443.00,15599.00,15738.00,15938.00,16080.00,16231.00,16409.00,16576.00,16776.00,16940.00,17046.00,17246.00,17355.00,17476.00,17638.00,17753.00,17919.00,18066.00,18200.00,18303.00,18460.00,18660.00,18764.00,18882.00,19007.00,19141.00,19341.00,19442.00,19567.00,19674.00,19798.00,19975.00,20091.00,,,,,,,,,,,,,,,,,,,,,,,,,,,,,,,
13.00,40.00,74.00,32.00,29.00,14.00,44.00,14.00,23.00,19.00,31.00,25.00,47.00,18.00,16.00,12.00,18.00,16.00,19.00,11.00,22.00,22.00,9.00,37.00,33.00,18.00,35.00,53.00,13.00,10.00,27.00,23.00,16.00,39.00,24.00,12.00,16.00,11.00,21.00,17.00,12.00,26.00,35.00,18.00,40.00,43.00,9.00,48.00,21.00,15.00,42.00,33.00,15.00,54.00,11.00,14.00,71.00,12.00,17.00,33.00,24.00,32.00,17.00,42.00,21.00,65.00,103.00,41.00,31.00,109.00,23.00,23.00,27.00,36.00,32.00,52.00,78.00,13.00,23.00,31.00,17.00,42.00,35.00,46.00,13.00,14.00,26.00,43.00,31.00,99.00,92.00,18.00,38.00,41.00,29.00,85.00,49.00,55.00,40.00,159.00,36.00,140.00,53.00,57.00,148.00,28.00,107.00,40.00,159.00,73.00,174.00,158.00,116.00,174.00,169.00,195.00,200.00,200.00,187.00,185.00,110.00,165.00,200.00,175.00,200.00,137.00,145.00,200.00,135.00,132.00,200.00,174.00,158.00,200.00,200.00,200.00,149.00,184.00,200.00,200.00,200.00,200.00,200.00,154.00,143.00,143.00,165.00,158.00,148.00,171.00,132.00,200.00,161.00,186.00,200.00,190.00,171.00,200.00,200.00,200.00,200.00,200.00,200.00,200.00,173.00,183.00,162.00,200.00,141.00,200.00,158.00,200.00,200.00,158.00,164.00,200.00,193.00,178.00,200.00,148.00,145.00,200.00,146.00,133.00,155.00,154.00,151.00,143.00,200.00,144.00,84.00,162.00,105.00,161.00,200.00,200.00,139.00,160.00,162.00,112.00,200.00,116.00,155.00,,,,,,,,,,,,,,,,,,,,,,,,,,,,,,,,,,,,,,,,,,,,,
13.00,53.00,127.00,159.00,188.00,202.00,246.00,260.00,283.00,302.00,333.00,358.00,405.00,423.00,439.00,451.00,469.00,485.00,504.00,515.00,537.00,559.00,568.00,605.00,638.00,656.00,691.00,744.00,757.00,767.00,794.00,817.00,833.00,872.00,896.00,908.00,924.00,935.00,956.00,973.00,985.00,1011.00,1046.00,1064.00,1104.00,1147.00,1156.00,1204.00,1225.00,1240.00,1282.00,1315.00,1330.00,1384.00,1395.00,1409.00,1480.00,1492.00,1509.00,1542.00,1566.00,1598.00,1615.00,1657.00,1678.00,1743.00,1846.00,1887.00,1918.00,2027.00,2050.00,2073.00,2100.00,2136.00,2168.00,2220.00,2298.00,2311.00,2334.00,2365.00,2382.00,2424.00,2459.00,2505.00,2518.00,2532.00,2558.00,2601.00,2632.00,2731.00,2823.00,2841.00,2879.00,2920.00,2949.00,3034.00,3083.00,3138.00,3178.00,3337.00,3373.00,3513.00,3566.00,3623.00,3771.00,3799.00,3906.00,3946.00,4105.00,4178.00,4352.00,4510.00,4626.00,4800.00,4969.00,5164.00,5364.00,5564.00,5751.00,5936.00,6046.00,6211.00,6411.00,6586.00,6786.00,6923.00,7068.00,7268.00,7403.00,7535.00,7735.00,7909.00,8067.00,8267.00,8467.00,8667.00,8816.00,9000.00,9200.00,9400.00,9600.00,9800.00,10000.00,10154.00,10297.00,10440.00,10605.00,10763.00,10911.00,11082.00,11214.00,11414.00,11575.00,11761.00,11961.00,12151.00,12322.00,12522.00,12722.00,12922.00,13122.00,13322.00,13522.00,13722.00,13895.00,14078.00,14240.00,14440.00,14581.00,14781.00,14939.00,15139.00,15339.00,15497.00,15661.00,15861.00,16054.00,16232.00,16432.00,16580.00,16725.00,16925.00,17071.00,17204.00,17359.00,17513.00,17664.00,17807.00,18007.00,18151.00,18235.00,18397.00,18502.00,18663.00,18863.00,19063.00,19202.00,19362.00,19524.00,19636.00,19836.00,19952.00,20107.00,,,,,,,,,,,,,,,,,,,,,,,,,,,,,,,,,,,,,,,,,,,,,
26.00,21.00,8.00,33.00,26.00,28.00,22.00,25.00,23.00,11.00,28.00,13.00,15.00,14.00,27.00,19.00,21.00,22.00,11.00,17.00,17.00,36.00,13.00,16.00,22.00,33.00,19.00,35.00,17.00,44.00,18.00,15.00,14.00,19.00,18.00,13.00,19.00,33.00,12.00,18.00,16.00,10.00,10.00,38.00,63.00,29.00,14.00,13.00,32.00,18.00,17.00,57.00,26.00,41.00,33.00,14.00,16.00,41.00,12.00,19.00,28.00,30.00,13.00,55.00,28.00,30.00,15.00,23.00,55.00,38.00,20.00,19.00,22.00,17.00,70.00,41.00,131.00,28.00,56.00,190.00,13.00,35.00,41.00,88.00,57.00,17.00,148.00,40.00,17.00,79.00,38.00,65.00,24.00,94.00,33.00,118.00,91.00,48.00,131.00,25.00,127.00,21.00,68.00,78.00,14.00,50.00,164.00,134.00,187.00,114.00,80.00,158.00,135.00,184.00,153.00,200.00,96.00,187.00,148.00,134.00,178.00,200.00,149.00,192.00,200.00,174.00,200.00,180.00,159.00,200.00,191.00,200.00,200.00,152.00,154.00,200.00,200.00,200.00,200.00,200.00,145.00,200.00,200.00,163.00,124.00,200.00,112.00,200.00,200.00,200.00,200.00,91.00,200.00,200.00,200.00,123.00,97.00,171.00,141.00,200.00,142.00,137.00,102.00,200.00,200.00,88.00,200.00,200.00,161.00,140.00,200.00,165.00,200.00,151.00,200.00,200.00,200.00,170.00,159.00,200.00,200.00,127.00,159.00,149.00,200.00,200.00,101.00,94.00,111.00,127.00,200.00,200.00,193.00,200.00,200.00,200.00,111.00,79.00,110.00,96.00,111.00,161.00,83.00,90.00,130.00,,,,,,,,,,,,,,,,,,,,,,,,,,,,,,,,,,,,,,,,,,,
26.00,47.00,55.00,88.00,114.00,142.00,164.00,189.00,212.00,223.00,251.00,264.00,279.00,293.00,320.00,339.00,360.00,382.00,393.00,410.00,427.00,463.00,476.00,492.00,514.00,547.00,566.00,601.00,618.00,662.00,680.00,695.00,709.00,728.00,746.00,759.00,778.00,811.00,823.00,841.00,857.00,867.00,877.00,915.00,978.00,1007.00,1021.00,1034.00,1066.00,1084.00,1101.00,1158.00,1184.00,1225.00,1258.00,1272.00,1288.00,1329.00,1341.00,1360.00,1388.00,1418.00,1431.00,1486.00,1514.00,1544.00,1559.00,1582.00,1637.00,1675.00,1695.00,1714.00,1736.00,1753.00,1823.00,1864.00,1995.00,2023.00,2079.00,2269.00,2282.00,2317.00,2358.00,2446.00,2503.00,2520.00,2668.00,2708.00,2725.00,2804.00,2842.00,2907.00,2931.00,3025.00,3058.00,3176.00,3267.00,3315.00,3446.00,3471.00,3598.00,3619.00,3687.00,3765.00,3779.00,3829.00,3993.00,4127.00,4314.00,4428.00,4508.00,4666.00,4801.00,4985.00,5138.00,5338.00,5434.00,5621.00,5769.00,5903.00,6081.00,6281.00,6430.00,6622.00,6822.00,6996.00,7196.00,7376.00,7535.00,7735.00,7926.00,8126.00,8326.00,8478.00,8632.00,8832.00,9032.00,9232.00,9432.00,9632.00,9777.00,9977.00,10177.00,10340.00,10464.00,10664.00,10776.00,10976.00,11176.00,11376.00,11576.00,11667.00,11867.00,12067.00,12267.00,12390.00,12487.00,12658.00,12799.00,12999.00,13141.00,13278.00,13380.00,13580.00,13780.00,13868.00,14068.00,14268.00,14429.00,14569.00,14769.00,14934.00,15134.00,15285.00,15485.00,15685.00,15885.00,16055.00,16214.00,16414.00,16614.00,16741.00,16900.00,17049.00,17249.00,17449.00,17550.00,17644.00,17755.00,17882.00,18082.00,18282.00,18475.00,18675.00,18875.00,19075.00,19186.00,19265.00,19375.00,19471.00,19582.00,19743.00,19826.00,19916.00,20046.00,,,,,,,,,,,,,,,,,,,,,,,,,,,,,,,,,,,,,,,,,,,
27.00,30.00,11.00,33.00,23.00,24.00,12.00,10.00,24.00,21.00,17.00,19.00,34.00,14.00,16.00,40.00,18.00,11.00,27.00,31.00,23.00,26.00,25.00,16.00,41.00,36.00,49.00,52.00,17.00,20.00,52.00,12.00,11.00,33.00,30.00,22.00,36.00,24.00,8.00,51.00,10.00,24.00,17.00,56.00,12.00,35.00,22.00,30.00,26.00,29.00,23.00,15.00,27.00,15.00,30.00,61.00,29.00,18.00,26.00,31.00,65.00,32.00,76.00,19.00,56.00,17.00,57.00,44.00,22.00,24.00,17.00,20.00,63.00,38.00,23.00,21.00,45.00,113.00,53.00,53.00,86.00,21.00,49.00,23.00,32.00,19.00,101.00,119.00,117.00,46.00,48.00,21.00,101.00,17.00,24.00,23.00,68.00,46.00,36.00,72.00,13.00,91.00,34.00,54.00,134.00,132.00,29.00,59.00,17.00,39.00,147.00,52.00,63.00,200.00,200.00,94.00,76.00,110.00,154.00,73.00,185.00,200.00,75.00,187.00,194.00,185.00,200.00,164.00,181.00,189.00,175.00,155.00,177.00,169.00,177.00,165.00,159.00,169.00,147.00,200.00,184.00,200.00,200.00,147.00,200.00,200.00,200.00,160.00,173.00,200.00,200.00,200.00,200.00,200.00,177.00,200.00,163.00,158.00,200.00,191.00,149.00,200.00,200.00,146.00,200.00,200.00,174.00,154.00,200.00,160.00,176.00,200.00,139.00,200.00,181.00,94.00,200.00,190.00,171.00,138.00,165.00,149.00,127.00,129.00,200.00,200.00,142.00,145.00,200.00,107.00,200.00,200.00,157.00,113.00,200.00,155.00,85.00,110.00,140.00,165.00,178.00,106.00,138.00,97.00,147.00,148.00,60.00,88.00,162.00,,,,,,,,,,,,,,,,,,,,,,,,,,,,,,,,,,,,,,,
27.00,57.00,68.00,101.00,124.00,148.00,160.00,170.00,194.00,215.00,232.00,251.00,285.00,299.00,315.00,355.00,373.00,384.00,411.00,442.00,465.00,491.00,516.00,532.00,573.00,609.00,658.00,710.00,727.00,747.00,799.00,811.00,822.00,855.00,885.00,907.00,943.00,967.00,975.00,1026.00,1036.00,1060.00,1077.00,1133.00,1145.00,1180.00,1202.00,1232.00,1258.00,1287.00,1310.00,1325.00,1352.00,1367.00,1397.00,1458.00,1487.00,1505.00,1531.00,1562.00,1627.00,1659.00,1735.00,1754.00,1810.00,1827.00,1884.00,1928.00,1950.00,1974.00,1991.00,2011.00,2074.00,2112.00,2135.00,2156.00,2201.00,2314.00,2367.00,2420.00,2506.00,2527.00,2576.00,2599.00,2631.00,2650.00,2751.00,2870.00,2987.00,3033.00,3081.00,3102.00,3203.00,3220.00,3244.00,3267.00,3335.00,3381.00,3417.00,3489.00,3502.00,3593.00,3627.00,3681.00,3815.00,3947.00,3976.00,4035.00,4052.00,4091.00,4238.00,4290.00,4353.00,4553.00,4753.00,4847.00,4923.00,5033.00,5187.00,5260.00,5445.00,5645.00,5720.00,5907.00,6101.00,6286.00,6486.00,6650.00,6831.00,7020.00,7195.00,7350.00,7527.00,7696.00,7873.00,8038.00,8197.00,8366.00,8513.00,8713.00,8897.00,9097.00,9297.00,9444.00,9644.00,9844.00,10044.00,10204.00,10377.00,10577.00,10777.00,10977.00,11177.00,11377.00,11554.00,11754.00,11917.00,12075.00,12275.00,12466.00,12615.00,12815.00,13015.00,13161.00,13361.00,13561.00,13735.00,13889.00,14089.00,14249.00,14425.00,14625.00,14764.00,14964.00,15145.00,15239.00,15439.00,15629.00,15800.00,15938.00,16103.00,16252.00,16379.00,16508.00,16708.00,16908.00,17050.00,17195.00,17395.00,17502.00,17702.00,17902.00,18059.00,18172.00,18372.00,18527.00,18612.00,18722.00,18862.00,19027.00,19205.00,19311.00,19449.00,19546.00,19693.00,19841.00,19901.00,19989.00,20151.00,,,,,,,,,,,,,,,,,,,,,,,,,,,,,,,,,,,,,,,
14.00,24.00,13.00,15.00,38.00,28.00,15.00,45.00,46.00,18.00,15.00,10.00,15.00,28.00,13.00,45.00,20.00,12.00,19.00,12.00,42.00,34.00,29.00,59.00,15.00,26.00,10.00,28.00,20.00,18.00,40.00,67.00,32.00,16.00,18.00,63.00,32.00,19.00,26.00,25.00,15.00,17.00,47.00,11.00,18.00,25.00,34.00,18.00,56.00,29.00,25.00,77.00,30.00,12.00,33.00,30.00,32.00,22.00,30.00,17.00,34.00,16.00,24.00,17.00,17.00,13.00,142.00,28.00,38.00,18.00,22.00,51.00,32.00,50.00,108.00,26.00,19.00,27.00,27.00,39.00,46.00,49.00,37.00,54.00,29.00,48.00,24.00,35.00,46.00,31.00,30.00,27.00,68.00,41.00,119.00,78.00,61.00,76.00,143.00,121.00,142.00,65.00,132.00,132.00,121.00,187.00,111.00,152.00,200.00,200.00,188.00,200.00,200.00,117.00,200.00,162.00,200.00,200.00,200.00,200.00,200.00,173.00,200.00,200.00,182.00,200.00,191.00,200.00,170.00,174.00,200.00,193.00,200.00,172.00,180.00,200.00,200.00,188.00,168.00,175.00,200.00,171.00,179.00,200.00,158.00,200.00,200.00,200.00,200.00,200.00,200.00,170.00,200.00,200.00,158.00,200.00,200.00,174.00,153.00,200.00,176.00,158.00,188.00,200.00,173.00,200.00,200.00,200.00,200.00,200.00,200.00,200.00,200.00,173.00,200.00,200.00,162.00,200.00,200.00,200.00,162.00,200.00,160.00,163.00,154.00,200.00,200.00,138.00,200.00,200.00,200.00,,,,,,,,,,,,,,,,,,,,,,,,,,,,,,,,,,,,,,,,,,,,,,,,,,,,,,,,,
14.00,38.00,51.00,66.00,104.00,132.00,147.00,192.00,238.00,256.00,271.00,281.00,296.00,324.00,337.00,382.00,402.00,414.00,433.00,445.00,487.00,521.00,550.00,609.00,624.00,650.00,660.00,688.00,708.00,726.00,766.00,833.00,865.00,881.00,899.00,962.00,994.00,1013.00,1039.00,1064.00,1079.00,1096.00,1143.00,1154.00,1172.00,1197.00,1231.00,1249.00,1305.00,1334.00,1359.00,1436.00,1466.00,1478.00,1511.00,1541.00,1573.00,1595.00,1625.00,1642.00,1676.00,1692.00,1716.00,1733.00,1750.00,1763.00,1905.00,1933.00,1971.00,1989.00,2011.00,2062.00,2094.00,2144.00,2252.00,2278.00,2297.00,2324.00,2351.00,2390.00,2436.00,2485.00,2522.00,2576.00,2605.00,2653.00,2677.00,2712.00,2758.00,2789.00,2819.00,2846.00,2914.00,2955.00,3074.00,3152.00,3213.00,3289.00,3432.00,3553.00,3695.00,3760.00,3892.00,4024.00,4145.00,4332.00,4443.00,4595.00,4795.00,4995.00,5183.00,5383.00,5583.00,5700.00,5900.00,6062.00,6262.00,6462.00,6662.00,6862.00,7062.00,7235.00,7435.00,7635.00,7817.00,8017.00,8208.00,8408.00,8578.00,8752.00,8952.00,9145.00,9345.00,9517.00,9697.00,9897.00,10097.00,10285.00,10453.00,10628.00,10828.00,10999.00,11178.00,11378.00,11536.00,11736.00,11936.00,12136.00,12336.00,12536.00,12736.00,12906.00,13106.00,13306.00,13464.00,13664.00,13864.00,14038.00,14191.00,14391.00,14567.00,14725.00,14913.00,15113.00,15286.00,15486.00,15686.00,15886.00,16086.00,16286.00,16486.00,16686.00,16886.00,17059.00,17259.00,17459.00,17621.00,17821.00,18021.00,18221.00,18383.00,18583.00,18743.00,18906.00,19060.00,19260.00,19460.00,19598.00,19798.00,19998.00,20198.00,,,,,,,,,,,,,,,,,,,,,,,,,,,,,,,,,,,,,,,,,,,,,,,,,,,,,,,,,
13.00,27.00,23.00,15.00,10.00,26.00,21.00,9.00,25.00,11.00,11.00,31.00,17.00,14.00,23.00,28.00,30.00,12.00,17.00,16.00,52.00,25.00,33.00,16.00,16.00,10.00,27.00,30.00,34.00,12.00,19.00,18.00,16.00,19.00,20.00,11.00,32.00,27.00,12.00,17.00,33.00,31.00,68.00,32.00,38.00,19.00,18.00,23.00,29.00,11.00,15.00,11.00,17.00,72.00,17.00,39.00,17.00,50.00,30.00,19.00,19.00,26.00,18.00,30.00,29.00,21.00,33.00,23.00,22.00,34.00,29.00,66.00,71.00,33.00,19.00,18.00,20.00,15.00,57.00,62.00,16.00,82.00,22.00,49.00,43.00,15.00,112.00,54.00,18.00,39.00,37.00,27.00,14.00,21.00,77.00,22.00,47.00,28.00,41.00,120.00,19.00,123.00,134.00,31.00,45.00,42.00,83.00,42.00,27.00,107.00,30.00,122.00,133.00,52.00,140.00,200.00,122.00,34.00,112.00,34.00,96.00,85.00,196.00,200.00,162.00,93.00,163.00,189.00,194.00,160.00,161.00,175.00,147.00,200.00,200.00,200.00,200.00,155.00,190.00,200.00,175.00,200.00,200.00,100.00,140.00,110.00,200.00,89.00,170.00,97.00,157.00,115.00,93.00,124.00,200.00,171.00,200.00,200.00,183.00,200.00,200.00,200.00,200.00,200.00,116.00,194.00,200.00,200.00,200.00,200.00,200.00,200.00,135.00,143.00,200.00,190.00,200.00,200.00,194.00,200.00,200.00,200.00,200.00,86.00,200.00,61.00,60.00,200.00,98.00,191.00,189.00,60.00,200.00,200.00,200.00,150.00,200.00,200.00,66.00,200.00,200.00,47.00,200.00,169.00,200.00,200.00,29.00,134.00,41.00,200.00,200.00,57.00,200.00,200.00,,,,,,,,,,,,,,,,,,,,,,,,,,,,,,,,,,
13.00,40.00,63.00,78.00,88.00,114.00,135.00,144.00,169.00,180.00,191.00,222.00,239.00,253.00,276.00,304.00,334.00,346.00,363.00,379.00,431.00,456.00,489.00,505.00,521.00,531.00,558.00,588.00,622.00,634.00,653.00,671.00,687.00,706.00,726.00,737.00,769.00,796.00,808.00,825.00,858.00,889.00,957.00,989.00,1027.00,1046.00,1064.00,1087.00,1116.00,1127.00,1142.00,1153.00,1170.00,1242.00,1259.00,1298.00,1315.00,1365.00,1395.00,1414.00,1433.00,1459.00,1477.00,1507.00,1536.00,1557.00,1590.00,1613.00,1635.00,1669.00,1698.00,1764.00,1835.00,1868.00,1887.00,1905.00,1925.00,1940.00,1997.00,2059.00,2075.00,2157.00,2179.00,2228.00,2271.00,2286.00,2398.00,2452.00,2470.00,2509.00,2546.00,2573.00,2587.00,2608.00,2685.00,2707.00,2754.00,2782.00,2823.00,2943.00,2962.00,3085.00,3219.00,3250.00,3295.00,3337.00,3420.00,3462.00,3489.00,3596.00,3626.00,3748.00,3881.00,3933.00,4073.00,4273.00,4395.00,4429.00,4541.00,4575.00,4671.00,4756.00,4952.00,5152.00,5314.00,5407.00,5570.00,5759.00,5953.00,6113.00,6274.00,6449.00,6596.00,6796.00,6996.00,7196.00,7396.00,7551.00,7741.00,7941.00,8116.00,8316.00,8516.00,8616.00,8756.00,8866.00,9066.00,9155.00,9325.00,9422.00,9579.00,9694.00,9787.00,9911.00,10111.00,10282.00,10482.00,10682.00,10865.00,11065.00,11265.00,11465.00,11665.00,11865.00,11981.00,12175.00,12375.00,12575.00,12775.00,12975.00,13175.00,13375.00,13510.00,13653.00,13853.00,14043.00,14243.00,14443.00,14637.00,14837.00,15037.00,15237.00,15437.00,15523.00,15723.00,15784.00,15844.00,16044.00,16142.00,16333.00,16522.00,16582.00,16782.00,16982.00,17182.00,17332.00,17532.00,17732.00,17798.00,17998.00,18198.00,18245.00,18445.00,18614.00,18814.00,19014.00,19043.00,19177.00,19218.00,19418.00,19618.00,19675.00,19875.00,20075.00,,,,,,,,,,,,,,,,,,,,,,,,,,,,,,,,,,
35.00,16.00,22.00,14.00,14.00,13.00,34.00,12.00,12.00,26.00,14.00,16.00,20.00,14.00,18.00,15.00,18.00,15.00,18.00,9.00,34.00,17.00,14.00,9.00,11.00,16.00,20.00,50.00,27.00,9.00,21.00,40.00,65.00,45.00,61.00,16.00,18.00,32.00,21.00,21.00,9.00,22.00,43.00,27.00,24.00,30.00,13.00,21.00,25.00,16.00,30.00,28.00,38.00,16.00,63.00,15.00,13.00,15.00,24.00,45.00,36.00,28.00,59.00,41.00,47.00,33.00,21.00,17.00,20.00,22.00,19.00,27.00,26.00,25.00,57.00,27.00,115.00,26.00,68.00,42.00,25.00,34.00,22.00,14.00,33.00,24.00,35.00,39.00,26.00,28.00,83.00,13.00,103.00,70.00,39.00,41.00,26.00,74.00,44.00,31.00,66.00,78.00,21.00,159.00,14.00,129.00,41.00,30.00,29.00,49.00,22.00,32.00,108.00,113.00,40.00,86.00,74.00,96.00,67.00,180.00,200.00,111.00,77.00,200.00,95.00,83.00,120.00,193.00,167.00,20.00,133.00,200.00,183.00,200.00,173.00,200.00,200.00,200.00,179.00,200.00,200.00,200.00,200.00,200.00,200.00,200.00,200.00,190.00,200.00,200.00,200.00,151.00,199.00,156.00,200.00,200.00,200.00,178.00,192.00,200.00,143.00,200.00,200.00,200.00,200.00,200.00,200.00,200.00,200.00,200.00,190.00,200.00,195.00,200.00,200.00,200.00,200.00,200.00,154.00,136.00,200.00,200.00,200.00,200.00,157.00,200.00,195.00,200.00,136.00,200.00,200.00,160.00,200.00,157.00,200.00,151.00,159.00,200.00,182.00,200.00,200.00,200.00,200.00,200.00,200.00,159.00,,,,,,,,,,,,,,,,,,,,,,,,,,,,,,,,,,,,,,,,,,
35.00,51.00,73.00,87.00,101.00,114.00,148.00,160.00,172.00,198.00,212.00,228.00,248.00,262.00,280.00,295.00,313.00,328.00,346.00,355.00,389.00,406.00,420.00,429.00,440.00,456.00,476.00,526.00,553.00,562.00,583.00,623.00,688.00,733.00,794.00,810.00,828.00,860.00,881.00,902.00,911.00,933.00,976.00,1003.00,1027.00,1057.00,1070.00,1091.00,1116.00,1132.00,1162.00,1190.00,1228.00,1244.00,1307.00,1322.00,1335.00,1350.00,1374.00,1419.00,1455.00,1483.00,1542.00,1583.00,1630.00,1663.00,1684.00,1701.00,1721.00,1743.00,1762.00,1789.00,1815.00,1840.00,1897.00,1924.00,2039.00,2065.00,2133.00,2175.00,2200.00,2234.00,2256.00,2270.00,2303.00,2327.00,2362.00,2401.00,2427.00,2455.00,2538.00,2551.00,2654.00,2724.00,2763.00,2804.00,2830.00,2904.00,2948.00,2979.00,3045.00,3123.00,3144.00,3303.00,3317.00,3446.00,3487.00,3517.00,3546.00,3595.00,3617.00,3649.00,3757.00,3870.00,3910.00,3996.00,4070.00,4166.00,4233.00,4413.00,4613.00,4724.00,4801.00,5001.00,5096.00,5179.00,5299.00,5492.00,5659.00,5679.00,5812.00,6012.00,6195.00,6395.00,6568.00,6768.00,6968.00,7168.00,7347.00,7547.00,7747.00,7947.00,8147.00,8347.00,8547.00,8747.00,8947.00,9137.00,9337.00,9537.00,9737.00,9888.00,10087.00,10243.00,10443.00,10643.00,10843.00,11021.00,11213.00,11413.00,11556.00,11756.00,11956.00,12156.00,12356.00,12556.00,12756.00,12956.00,13156.00,13356.00,13546.00,13746.00,13941.00,14141.00,14341.00,14541.00,14741.00,14941.00,15095.00,15231.00,15431.00,15631.00,15831.00,16031.00,16188.00,16388.00,16583.00,16783.00,16919.00,17119.00,17319.00,17479.00,17679.00,17836.00,18036.00,18187.00,18346.00,18546.00,18728.00,18928.00,19128.00,19328.00,19528.00,19728.00,19928.00,20087.00,,,,,,,,,,,,,,,,,,,,,,,,,,,,,,,,,,,,,,,,,,
26.00,13.00,10.00,24.00,16.00,19.00,9.00,15.00,15.00,50.00,21.00,14.00,31.00,26.00,19.00,11.00,12.00,18.00,22.00,17.00,27.00,20.00,12.00,18.00,21.00,16.00,19.00,10.00,28.00,33.00,28.00,16.00,55.00,18.00,27.00,25.00,17.00,15.00,19.00,14.00,28.00,17.00,22.00,52.00,28.00,20.00,28.00,20.00,19.00,20.00,51.00,31.00,12.00,35.00,37.00,68.00,15.00,12.00,19.00,65.00,23.00,43.00,14.00,41.00,26.00,41.00,51.00,158.00,74.00,35.00,82.00,42.00,29.00,31.00,23.00,60.00,55.00,39.00,170.00,26.00,83.00,63.00,63.00,86.00,23.00,132.00,14.00,37.00,57.00,146.00,200.00,110.00,186.00,51.00,79.00,163.00,120.00,99.00,168.00,123.00,101.00,85.00,181.00,200.00,200.00,188.00,148.00,171.00,19.00,200.00,180.00,200.00,192.00,161.00,200.00,153.00,179.00,200.00,200.00,200.00,181.00,200.00,200.00,200.00,200.00,200.00,200.00,200.00,200.00,145.00,200.00,200.00,200.00,200.00,200.00,200.00,143.00,184.00,200.00,194.00,138.00,200.00,200.00,156.00,200.00,174.00,173.00,200.00,159.00,163.00,200.00,200.00,200.00,200.00,200.00,200.00,200.00,167.00,200.00,200.00,200.00,153.00,98.00,200.00,200.00,200.00,200.00,156.00,200.00,200.00,200.00,200.00,102.00,200.00,200.00,76.00,178.00,184.00,200.00,200.00,200.00,200.00,85.00,200.00,200.00,91.00,200.00,,,,,,,,,,,,,,,,,,,,,,,,,,,,,,,,,,,,,,,,,,,,,,,,,,,,,,,,,,,,,
26.00,39.00,49.00,73.00,89.00,108.00,117.00,132.00,147.00,197.00,218.00,232.00,263.00,289.00,308.00,319.00,331.00,349.00,371.00,388.00,415.00,435.00,447.00,465.00,486.00,502.00,521.00,531.00,559.00,592.00,620.00,636.00,691.00,709.00,736.00,761.00,778.00,793.00,812.00,826.00,854.00,871.00,893.00,945.00,973.00,993.00,1021.00,1041.00,1060.00,1080.00,1131.00,1162.00,1174.00,1209.00,1246.00,1314.00,1329.00,1341.00,1360.00,1425.00,1448.00,1491.00,1505.00,1546.00,1572.00,1613.00,1664.00,1822.00,1896.00,1931.00,2013.00,2055.00,2084.00,2115.00,2138.00,2198.00,2253.00,2292.00,2462.00,2488.00,2571.00,2634.00,2697.00,2783.00,2806.00,2938.00,2952.00,2989.00,3046.00,3192.00,3392.00,3502.00,3688.00,3739.00,3818.00,3981.00,4101.00,4200.00,4368.00,4491.00,4592.00,4677.00,4858.00,5058.00,5258.00,5446.00,5594.00,5765.00,5784.00,5984.00,6164.00,6364.00,6556.00,6717.00,6917.00,7070.00,7249.00,7449.00,7649.00,7849.00,8030.00,8230.00,8430.00,8630.00,8830.00,9030.00,9230.00,9430.00,9630.00,9775.00,9975.00,10175.00,10375.00,10575.00,10775.00,10975.00,11118.00,11302.00,11502.00,11696.00,11834.00,12034.00,12234.00,12390.00,12590.00,12764.00,12937.00,13137.00,13296.00,13459.00,13659.00,13859.00,14059.00,14259.00,14459.00,14659.00,14859.00,15026.00,15226.00,15426.00,15626.00,15779.00,15877.00,16077.00,16277.00,16477.00,16677.00,16833.00,17033.00,17233.00,17433.00,17633.00,17735.00,17935.00,18135.00,18211.00,18389.00,18573.00,18773.00,18973.00,19173.00,19373.00,19458.00,19658.00,19858.00,19949.00,20149.00,,,,,,,,,,,,,,,,,,,,,,,,,,,,,,,,,,,,,,,,,,,,,,,,,,,,,,,,,,,,,
65.00,25.00,18.00,20.00,13.00,17.00,10.00,16.00,12.00,21.00,12.00,15.00,38.00,21.00,49.00,16.00,57.00,14.00,14.00,16.00,15.00,12.00,18.00,11.00,18.00,36.00,12.00,13.00,49.00,32.00,20.00,24.00,14.00,55.00,12.00,23.00,19.00,36.00,30.00,33.00,12.00,24.00,53.00,45.00,43.00,36.00,22.00,15.00,30.00,33.00,32.00,30.00,15.00,24.00,15.00,26.00,22.00,47.00,24.00,27.00,15.00,40.00,68.00,16.00,29.00,35.00,34.00,60.00,39.00,74.00,14.00,23.00,31.00,45.00,63.00,18.00,50.00,15.00,14.00,32.00,58.00,99.00,30.00,18.00,21.00,61.00,14.00,21.00,19.00,19.00,32.00,32.00,14.00,88.00,22.00,98.00,15.00,109.00,55.00,62.00,61.00,23.00,59.00,63.00,105.00,11.00,147.00,200.00,23.00,140.00,70.00,20.00,58.00,72.00,73.00,37.00,40.00,94.00,42.00,50.00,59.00,76.00,105.00,51.00,46.00,80.00,98.00,53.00,102.00,91.00,60.00,88.00,73.00,96.00,129.00,83.00,61.00,99.00,46.00,71.00,79.00,76.00,52.00,59.00,76.00,67.00,147.00,134.00,121.00,138.00,70.00,146.00,173.00,141.00,119.00,112.00,132.00,81.00,123.00,125.00,128.00,126.00,127.00,127.00,137.00,136.00,135.00,132.00,90.00,135.00,144.00,71.00,136.00,168.00,131.00,131.00,122.00,130.00,126.00,170.00,138.00,190.00,143.00,126.00,129.00,132.00,126.00,135.00,136.00,75.00,138.00,146.00,180.00,137.00,141.00,70.00,184.00,125.00,134.00,123.00,132.00,119.00,123.00,115.00,119.00,129.00,128.00,138.00,133.00,146.00,132.00,144.00,141.00,132.00,200.00,122.00,132.00,127.00,170.00,142.00,156.00,123.00,123.00,128.00,146.00,122.00,123.00,200.00,123.00,122.00,143.00,122.00,158.00,126.00,133.00,134.00,128.00,133.00,121.00,144.00,146.00,155.00,129.00,123.00,125.00,175.00,121.00,125.00
65.00,90.00,108.00,128.00,141.00,158.00,168.00,184.00,196.00,217.00,229.00,244.00,282.00,303.00,352.00,368.00,425.00,439.00,453.00,469.00,484.00,496.00,514.00,525.00,543.00,579.00,591.00,604.00,653.00,685.00,705.00,729.00,743.00,798.00,810.00,833.00,852.00,888.00,918.00,951.00,963.00,987.00,1040.00,1085.00,1128.00,1164.00,1186.00,1201.00,1231.00,1264.00,1296.00,1326.00,1341.00,1365.00,1380.00,1406.00,1428.00,1475.00,1499.00,1526.00,1541.00,1581.00,1649.00,1665.00,1694.00,1729.00,1763.00,1823.00,1862.00,1936.00,1950.00,1973.00,2004.00,2049.00,2112.00,2130.00,2180.00,2195.00,2209.00,2241.00,2299.00,2398.00,2428.00,2446.00,2467.00,2528.00,2542.00,2563.00,2582.00,2601.00,2633.00,2665.00,2679.00,2767.00,2789.00,2887.00,2902.00,3011.00,3066.00,3128.00,3189.00,3212.00,3271.00,3334.00,3439.00,3450.00,3597.00,3797.00,3820.00,3960.00,4030.00,4050.00,4108.00,4180.00,4253.00,4290.00,4330.00,4424.00,4466.00,4516.00,4575.00,4651.00,4756.00,4807.00,4853.00,4933.00,5031.00,5084.00,5186.00,5277.00,5337.00,5425.00,5498.00,5594.00,5723.00,5806.00,5867.00,5966.00,6012.00,6083.00,6162.00,6238.00,6290.00,6349.00,6425.00,6492.00,6639.00,6773.00,6894.00,7032.00,7102.00,7248.00,7421.00,7562.00,7681.00,7793.00,7925.00,8006.00,8129.00,8254.00,8382.00,8508.00,8635.00,8762.00,8899.00,9035.00,9170.00,9302.00,9392.00,9527.00,9671.00,9742.00,9878.00,10046.00,10177.00,10308.00,10430.00,10560.00,10686.00,10856.00,10994.00,11184.00,11327.00,11453.00,11582.00,11714.00,11840.00,11975.00,12111.00,12186.00,12324.00,12470.00,12650.00,12787.00,12928.00,12998.00,13182.00,13307.00,13441.00,13564.00,13696.00,13815.00,13938.00,14053.00,14172.00,14301.00,14429.00,14567.00,14700.00,14846.00,14978.00,15122.00,15263.00,15395.00,15595.00,15717.00,15849.00,15976.00,16146.00,16288.00,16444.00,16567.00,16690.00,16818.00,16964.00,17086.00,17209.00,17409.00,17532.00,17654.00,17797.00,17919.00,18077.00,18203.00,18336.00,18470.00,18598.00,18731.00,18852.00,18996.00,19142.00,19297.00,19426.00,19549.00,19674.00,19849.00,19970.00,20095.00
15.00,38.00,26.00,12.00,24.00,17.00,15.00,12.00,10.00,16.00,23.00,19.00,25.00,14.00,15.00,19.00,21.00,14.00,11.00,21.00,23.00,28.00,13.00,12.00,16.00,21.00,10.00,14.00,18.00,13.00,25.00,32.00,22.00,49.00,56.00,27.00,18.00,20.00,47.00,11.00,25.00,28.00,13.00,14.00,40.00,29.00,14.00,53.00,15.00,25.00,12.00,14.00,14.00,39.00,17.00,41.00,19.00,66.00,17.00,28.00,14.00,39.00,94.00,14.00,28.00,29.00,33.00,68.00,120.00,13.00,31.00,42.00,13.00,73.00,60.00,9.00,58.00,41.00,20.00,16.00,18.00,37.00,30.00,25.00,63.00,44.00,11.00,40.00,86.00,27.00,71.00,55.00,87.00,36.00,26.00,40.00,42.00,33.00,17.00,53.00,123.00,74.00,37.00,129.00,50.00,143.00,39.00,117.00,118.00,139.00,18.00,85.00,86.00,185.00,190.00,128.00,56.00,56.00,169.00,200.00,160.00,50.00,66.00,200.00,200.00,200.00,200.00,200.00,200.00,200.00,200.00,200.00,200.00,200.00,200.00,200.00,200.00,200.00,200.00,200.00,183.00,200.00,200.00,200.00,200.00,200.00,200.00,200.00,200.00,200.00,200.00,200.00,180.00,200.00,200.00,200.00,200.00,200.00,196.00,200.00,200.00,199.00,200.00,196.00,165.00,200.00,195.00,200.00,200.00,200.00,200.00,191.00,184.00,200.00,200.00,165.00,200.00,200.00,200.00,200.00,200.00,200.00,175.00,191.00,200.00,200.00,151.00,199.00,177.00,156.00,200.00,200.00,166.00,200.00,173.00,173.00,200.00,200.00,,,,,,,,,,,,,,,,,,,,,,,,,,,,,,,,,,,,,,,,,,,,,,,,,,
15.00,53.00,79.00,91.00,115.00,132.00,147.00,159.00,169.00,185.00,208.00,227.00,252.00,266.00,281.00,300.00,321.00,335.00,346.00,367.00,390.00,418.00,431.00,443.00,459.00,480.00,490.00,504.00,522.00,535.00,560.00,592.00,614.00,663.00,719.00,746.00,764.00,784.00,831.00,842.00,867.00,895.00,908.00,922.00,962.00,991.00,1005.00,1058.00,1073.00,1098.00,1110.00,1124.00,1138.00,1177.00,1194.00,1235.00,1254.00,1320.00,1337.00,1365.00,1379.00,1418.00,1512.00,1526.00,1554.00,1583.00,1616.00,1684.00,1804.00,1817.00,1848.00,1890.00,1903.00,1976.00,2036.00,2045.00,2103.00,2144.00,2164.00,2180.00,2198.00,2235.00,2265.00,2290.00,2353.00,2397.00,2408.00,2448.00,2534.00,2561.00,2632.00,2687.00,2774.00,2810.00,2836.00,2876.00,2918.00,2951.00,2968.00,3021.00,3144.00,3218.00,3255.00,3384.00,3434.00,3577.00,3616.00,3733.00,3851.00,3990.00,4008.00,4093.00,4179.00,4364.00,4554.00,4682.00,4738.00,4794.00,4963.00,5163.00,5323.00,5373.00,5439.00,5639.00,5839.00,6039.00,6239.00,6439.00,6639.00,6839.00,7039.00,7239.00,7439.00,7639.00,7839.00,8039.00,8239.00,8439.00,8639.00,8839.00,9022.00,9222.00,9422.00,9622.00,9822.00,10022.00,10222.00,10422.00,10622.00,10822.00,11022.00,11222.00,11402.00,11602.00,11802.00,12002.00,12202.00,12402.00,12598.00,12798.00,12998.00,13197.00,13397.00,13593.00,13758.00,13958.00,14153.00,14353.00,14553.00,14753.00,14953.00,15144.00,15328.00,15528.00,15728.00,15893.00,16093.00,16293.00,16493.00,16693.00,16893.00,17093.00,17268.00,17459.00,17659.00,17859.00,18010.00,18209.00,18386.00,18542.00,18742.00,18942.00,19108.00,19308.00,19481.00,19654.00,19854.00,20054.00,,,,,,,,,,,,,,,,,,,,,,,,,,,,,,,,,,,,,,,,,,,,,,,,,,
24.00,11.00,11.00,14.00,10.00,15.00,23.00,17.00,28.00,16.00,33.00,62.00,23.00,20.00,18.00,15.00,38.00,45.00,55.00,15.00,16.00,54.00,19.00,35.00,18.00,22.00,15.00,42.00,37.00,16.00,12.00,16.00,73.00,13.00,25.00,18.00,65.00,44.00,48.00,25.00,29.00,40.00,28.00,142.00,22.00,31.00,70.00,35.00,122.00,18.00,14.00,64.00,14.00,47.00,54.00,67.00,19.00,34.00,23.00,34.00,38.00,19.00,61.00,57.00,88.00,28.00,40.00,49.00,21.00,88.00,58.00,13.00,65.00,102.00,33.00,33.00,28.00,56.00,54.00,59.00,40.00,37.00,68.00,20.00,46.00,92.00,97.00,43.00,91.00,26.00,147.00,50.00,85.00,153.00,76.00,115.00,110.00,42.00,119.00,19.00,73.00,63.00,115.00,176.00,163.00,137.00,155.00,200.00,153.00,177.00,159.00,144.00,149.00,200.00,152.00,110.00,162.00,147.00,200.00,200.00,200.00,193.00,163.00,147.00,189.00,200.00,173.00,156.00,188.00,170.00,197.00,175.00,196.00,200.00,200.00,200.00,175.00,200.00,200.00,200.00,200.00,184.00,192.00,200.00,158.00,200.00,157.00,191.00,200.00,163.00,200.00,200.00,200.00,200.00,160.00,187.00,200.00,200.00,179.00,200.00,200.00,131.00,200.00,200.00,200.00,200.00,200.00,200.00,147.00,200.00,169.00,168.00,155.00,200.00,200.00,200.00,200.00,164.00,161.00,196.00,155.00,165.00,132.00,168.00,154.00,200.00,200.00,128.00,,,,,,,,,,,,,,,,,,,,,,,,,,,,,,,,,,,,,,,,,,,,,,,,,,,,,,,,,,,,
24.00,35.00,46.00,60.00,70.00,85.00,108.00,125.00,153.00,169.00,202.00,264.00,287.00,307.00,325.00,340.00,378.00,423.00,478.00,493.00,509.00,563.00,582.00,617.00,635.00,657.00,672.00,714.00,751.00,767.00,779.00,795.00,868.00,881.00,906.00,924.00,989.00,1033.00,1081.00,1106.00,1135.00,1175.00,1203.00,1345.00,1367.00,1398.00,1468.00,1503.00,1625.00,1643.00,1657.00,1721.00,1735.00,1782.00,1836.00,1903.00,1922.00,1956.00,1979.00,2013.00,2051.00,2070.00,2131.00,2188.00,2276.00,2304.00,2344.00,2393.00,2414.00,2502.00,2560.00,2573.00,2638.00,2740.00,2773.00,2806.00,2834.00,2890.00,2944.00,3003.00,3043.00,3080.00,3148.00,3168.00,3214.00,3306.00,3403.00,3446.00,3537.00,3563.00,3710.00,3760.00,3845.00,3998.00,4074.00,4189.00,4299.00,4341.00,4460.00,4479.00,4552.00,4615.00,4730.00,4906.00,5069.00,5206.00,5361.00,5561.00,5714.00,5891.00,6050.00,6194.00,6343.00,6543.00,6695.00,6805.00,6967.00,7114.00,7314.00,7514.00,7714.00,7907.00,8070.00,8217.00,8406.00,8606.00,8779.00,8935.00,9123.00,9293.00,9490.00,9665.00,9861.00,10061.00,10261.00,10461.00,10636.00,10836.00,11036.00,11236.00,11436.00,11620.00,11812.00,12012.00,12170.00,12370.00,12527.00,12718.00,12918.00,13081.00,13281.00,13481.00,13681.00,13881.00,14041.00,14228.00,14428.00,14628.00,14807.00,15007.00,15207.00,15338.00,15538.00,15738.00,15938.00,16138.00,16338.00,16538.00,16685.00,16885.00,17054.00,17222.00,17377.00,17577.00,17777.00,17977.00,18177.00,18341.00,18502.00,18698.00,18853.00,19018.00,19150.00,19318.00,19472.00,19672.00,19872.00,20000.00,,,,,,,,,,,,,,,,,,,,,,,,,,,,,,,,,,,,,,,,,,,,,,,,,,,,,,,,,,,,
13.00,16.00,18.00,46.00,19.00,21.00,13.00,14.00,13.00,33.00,11.00,34.00,31.00,22.00,29.00,22.00,11.00,21.00,29.00,24.00,14.00,14.00,28.00,12.00,15.00,72.00,11.00,11.00,15.00,46.00,24.00,14.00,39.00,47.00,12.00,65.00,48.00,54.00,8.00,21.00,62.00,14.00,65.00,11.00,25.00,90.00,59.00,32.00,23.00,34.00,11.00,21.00,15.00,46.00,16.00,11.00,21.00,38.00,48.00,94.00,81.00,28.00,19.00,61.00,42.00,38.00,12.00,45.00,22.00,18.00,35.00,30.00,17.00,45.00,21.00,43.00,12.00,30.00,39.00,12.00,19.00,104.00,200.00,46.00,38.00,35.00,127.00,81.00,27.00,38.00,33.00,67.00,23.00,111.00,33.00,74.00,53.00,84.00,26.00,143.00,105.00,36.00,79.00,106.00,48.00,200.00,60.00,32.00,84.00,115.00,190.00,198.00,109.00,105.00,160.00,87.00,147.00,125.00,151.00,150.00,200.00,137.00,55.00,145.00,200.00,148.00,193.00,157.00,138.00,145.00,168.00,164.00,181.00,140.00,163.00,164.00,200.00,162.00,150.00,149.00,200.00,173.00,186.00,173.00,151.00,200.00,158.00,200.00,173.00,200.00,173.00,200.00,169.00,169.00,200.00,165.00,200.00,143.00,200.00,135.00,200.00,200.00,200.00,122.00,200.00,200.00,200.00,200.00,173.00,200.00,157.00,149.00,200.00,200.00,200.00,200.00,200.00,140.00,145.00,159.00,200.00,200.00,163.00,200.00,200.00,193.00,200.00,200.00,200.00,200.00,137.00,200.00,200.00,166.00,200.00,148.00,200.00,148.00,200.00,200.00,,,,,,,,,,,,,,,,,,,,,,,,,,,,,,,,,,,,,,,,,,,,,,,,
13.00,29.00,47.00,93.00,112.00,133.00,146.00,160.00,173.00,206.00,217.00,251.00,282.00,304.00,333.00,355.00,366.00,387.00,416.00,440.00,454.00,468.00,496.00,508.00,523.00,595.00,606.00,617.00,632.00,678.00,702.00,716.00,755.00,802.00,814.00,879.00,927.00,981.00,989.00,1010.00,1072.00,1086.00,1151.00,1162.00,1187.00,1277.00,1336.00,1368.00,1391.00,1425.00,1436.00,1457.00,1472.00,1518.00,1534.00,1545.00,1566.00,1604.00,1652.00,1746.00,1827.00,1855.00,1874.00,1935.00,1977.00,2015.00,2027.00,2072.00,2094.00,2112.00,2147.00,2177.00,2194.00,2239.00,2260.00,2303.00,2315.00,2345.00,2384.00,2396.00,2415.00,2519.00,2719.00,2765.00,2803.00,2838.00,2965.00,3046.00,3073.00,3111.00,3144.00,3211.00,3234.00,3345.00,3378.00,3452.00,3505.00,3589.00,3615.00,3758.00,3863.00,3899.00,3978.00,4084.00,4132.00,4332.00,4392.00,4424.00,4508.00,4623.00,4813.00,5011.00,5120.00,5225.00,5385.00,5472.00,5619.00,5744.00,5895.00,6045.00,6245.00,6382.00,6437.00,6582.00,6782.00,6930.00,7123.00,7280.00,7418.00,7563.00,7731.00,7895.00,8076.00,8216.00,8379.00,8543.00,8743.00,8905.00,9055.00,9204.00,9404.00,9577.00,9763.00,9936.00,10087.00,10287.00,10445.00,10645.00,10818.00,11018.00,11191.00,11391.00,11560.00,11729.00,11929.00,12094.00,12294.00,12437.00,12637.00,12772.00,12972.00,13172.00,13372.00,13494.00,13694.00,13894.00,14094.00,14294.00,14467.00,14667.00,14824.00,14973.00,15173.00,15373.00,15573.00,15773.00,15973.00,16113.00,16258.00,16417.00,16617.00,16817.00,16980.00,17180.00,17380.00,17573.00,17773.00,17973.00,18173.00,18373.00,18510.00,18710.00,18910.00,19076.00,19276.00,19424.00,19624.00,19772.00,19972.00,20172.00,,,,,,,,,,,,,,,,,,,,,,,,,,,,,,,,,,,,,,,,,,,,,,,,
21.00,28.00,20.00,12.00,36.00,17.00,15.00,15.00,19.00,48.00,18.00,13.00,45.00,14.00,25.00,11.00,11.00,19.00,15.00,32.00,12.00,28.00,13.00,9.00,31.00,20.00,20.00,10.00,14.00,11.00,20.00,27.00,16.00,33.00,16.00,18.00,17.00,18.00,35.00,14.00,18.00,9.00,40.00,41.00,12.00,46.00,25.00,23.00,24.00,24.00,18.00,57.00,25.00,16.00,21.00,27.00,13.00,19.00,15.00,63.00,18.00,16.00,43.00,30.00,37.00,16.00,50.00,60.00,50.00,36.00,30.00,22.00,14.00,38.00,38.00,16.00,41.00,73.00,12.00,79.00,19.00,19.00,47.00,44.00,77.00,20.00,26.00,36.00,14.00,24.00,59.00,21.00,38.00,30.00,35.00,54.00,34.00,47.00,57.00,45.00,61.00,45.00,78.00,89.00,129.00,10.00,84.00,52.00,47.00,45.00,30.00,35.00,106.00,81.00,78.00,50.00,16.00,91.00,78.00,32.00,63.00,114.00,81.00,57.00,58.00,146.00,164.00,140.00,107.00,65.00,16.00,200.00,42.00,183.00,67.00,188.00,79.00,85.00,80.00,95.00,63.00,156.00,181.00,144.00,133.00,135.00,153.00,127.00,72.00,122.00,155.00,115.00,61.00,121.00,117.00,164.00,165.00,200.00,153.00,163.00,98.00,160.00,200.00,95.00,86.00,159.00,129.00,145.00,200.00,144.00,142.00,142.00,181.00,102.00,137.00,84.00,149.00,113.00,70.00,91.00,72.00,200.00,200.00,200.00,175.00,200.00,200.00,200.00,200.00,64.00,189.00,200.00,200.00,200.00,162.00,200.00,200.00,190.00,171.00,111.00,169.00,117.00,200.00,200.00,200.00,200.00,135.00,125.00,194.00,200.00,157.00,200.00,144.00,200.00,200.00,200.00,200.00,200.00,200.00,200.00,200.00,200.00,200.00,200.00,143.00,146.00,200.00,200.00,,,,,,,,,,,,,,,,,,,,
21.00,49.00,69.00,81.00,117.00,134.00,149.00,164.00,183.00,231.00,249.00,262.00,307.00,321.00,346.00,357.00,368.00,387.00,402.00,434.00,446.00,474.00,487.00,496.00,527.00,547.00,567.00,577.00,591.00,602.00,622.00,649.00,665.00,698.00,714.00,732.00,749.00,767.00,802.00,816.00,834.00,843.00,883.00,924.00,936.00,982.00,1007.00,1030.00,1054.00,1078.00,1096.00,1153.00,1178.00,1194.00,1215.00,1242.00,1255.00,1274.00,1289.00,1352.00,1370.00,1386.00,1429.00,1459.00,1496.00,1512.00,1562.00,1622.00,1672.00,1708.00,1738.00,1760.00,1774.00,1812.00,1850.00,1866.00,1907.00,1980.00,1992.00,2071.00,2090.00,2109.00,2156.00,2200.00,2277.00,2297.00,2323.00,2359.00,2373.00,2397.00,2456.00,2477.00,2515.00,2545.00,2580.00,2634.00,2668.00,2715.00,2772.00,2817.00,2878.00,2923.00,3001.00,3090.00,3219.00,3229.00,3313.00,3365.00,3412.00,3457.00,3487.00,3522.00,3628.00,3709.00,3787.00,3837.00,3853.00,3944.00,4022.00,4054.00,4117.00,4231.00,4312.00,4369.00,4427.00,4573.00,4737.00,4877.00,4984.00,5049.00,5065.00,5265.00,5307.00,5490.00,5557.00,5745.00,5824.00,5909.00,5989.00,6084.00,6147.00,6303.00,6484.00,6628.00,6761.00,6896.00,7049.00,7176.00,7248.00,7370.00,7525.00,7640.00,7701.00,7822.00,7939.00,8103.00,8268.00,8468.00,8621.00,8784.00,8882.00,9042.00,9242.00,9337.00,9423.00,9582.00,9711.00,9856.00,10056.00,10200.00,10342.00,10484.00,10665.00,10767.00,10904.00,10988.00,11137.00,11250.00,11320.00,11411.00,11483.00,11683.00,11883.00,12083.00,12258.00,12458.00,12658.00,12858.00,13058.00,13122.00,13311.00,13511.00,13711.00,13911.00,14073.00,14273.00,14473.00,14663.00,14834.00,14945.00,15114.00,15231.00,15431.00,15631.00,15831.00,16031.00,16166.00,16291.00,16485.00,16685.00,16842.00,17042.00,17186.00,17386.00,17586.00,17786.00,17986.00,18186.00,18386.00,18586.00,18786.00,18986.00,19186.00,19386.00,19529.00,19675.00,19875.00,20075.00,,,,,,,,,,,,,,,,,,,,
13.00,22.00,24.00,26.00,28.00,50.00,30.00,16.00,20.00,13.00,36.00,46.00,45.00,13.00,14.00,10.00,46.00,45.00,32.00,17.00,21.00,22.00,48.00,23.00,22.00,32.00,16.00,19.00,14.00,22.00,24.00,32.00,45.00,14.00,84.00,49.00,23.00,14.00,41.00,38.00,18.00,20.00,10.00,19.00,32.00,35.00,23.00,20.00,74.00,18.00,97.00,25.00,53.00,81.00,77.00,122.00,61.00,12.00,64.00,10.00,23.00,23.00,58.00,24.00,72.00,33.00,33.00,42.00,69.00,30.00,19.00,30.00,177.00,98.00,66.00,33.00,152.00,57.00,30.00,95.00,53.00,173.00,186.00,51.00,45.00,123.00,96.00,200.00,142.00,124.00,68.00,39.00,200.00,154.00,158.00,147.00,195.00,194.00,77.00,176.00,200.00,200.00,189.00,200.00,200.00,200.00,173.00,162.00,200.00,200.00,195.00,200.00,200.00,200.00,200.00,200.00,200.00,189.00,200.00,200.00,200.00,200.00,200.00,200.00,200.00,200.00,200.00,200.00,200.00,200.00,200.00,200.00,200.00,200.00,200.00,200.00,196.00,200.00,200.00,200.00,200.00,200.00,200.00,200.00,200.00,200.00,200.00,200.00,200.00,200.00,200.00,131.00,200.00,200.00,200.00,200.00,149.00,200.00,200.00,200.00,194.00,200.00,200.00,200.00,200.00,200.00,200.00,200.00,200.00,200.00,200.00,187.00,200.00,,,,,,,,,,,,,,,,,,,,,,,,,,,,,,,,,,,,,,,,,,,,,,,,,,,,,,,,,,,,,,,,,,,,,,,,,,,
13.00,35.00,59.00,85.00,113.00,163.00,193.00,209.00,229.00,242.00,278.00,324.00,369.00,382.00,396.00,406.00,452.00,497.00,529.00,546.00,567.00,589.00,637.00,660.00,682.00,714.00,730.00,749.00,763.00,785.00,809.00,841.00,886.00,900.00,984.00,1033.00,1056.00,1070.00,1111.00,1149.00,1167.00,1187.00,1197.00,1216.00,1248.00,1283.00,1306.00,1326.00,1400.00,1418.00,1515.00,1540.00,1593.00,1674.00,1751.00,1873.00,1934.00,1946.00,2010.00,2020.00,2043.00,2066.00,2124.00,2148.00,2220.00,2253.00,2286.00,2328.00,2397.00,2427.00,2446.00,2476.00,2653.00,2751.00,2817.00,2850.00,3002.00,3059.00,3089.00,3184.00,3237.00,3410.00,3596.00,3647.00,3692.00,3815.00,3911.00,4111.00,4253.00,4377.00,4445.00,4484.00,4684.00,4838.00,4996.00,5143.00,5338.00,5532.00,5609.00,5785.00,5985.00,6185.00,6374.00,6574.00,6774.00,6974.00,7147.00,7309.00,7509.00,7709.00,7904.00,8104.00,8304.00,8504.00,8704.00,8904.00,9104.00,9293.00,9493.00,9693.00,9893.00,10093.00,10293.00,10493.00,10693.00,10893.00,11093.00,11293.00,11493.00,11693.00,11893.00,12093.00,12293.00,12493.00,12693.00,12893.00,13089.00,13289.00,13489.00,13689.00,13889.00,14089.00,14289.00,14489.00,14689.00,14889.00,15089.00,15289.00,15489.00,15689.00,15889.00,16020.00,16220.00,16420.00,16620.00,16820.00,16969.00,17169.00,17369.00,17569.00,17763.00,17963.00,18163.00,18363.00,18563.00,18763.00,18963.00,19163.00,19363.00,19563.00,19763.00,19950.00,20150.00,,,,,,,,,,,,,,,,,,,,,,,,,,,,,,,,,,,,,,,,,,,,,,,,,,,,,,,,,,,,,,,,,,,,,,,,,,,
30.00,20.00,16.00,13.00,17.00,10.00,33.00,65.00,17.00,14.00,59.00,10.00,35.00,11.00,13.00,15.00,14.00,15.00,15.00,17.00,33.00,17.00,23.00,30.00,14.00,51.00,30.00,27.00,16.00,22.00,24.00,31.00,35.00,25.00,13.00,17.00,16.00,13.00,17.00,28.00,31.00,12.00,18.00,12.00,15.00,17.00,22.00,29.00,12.00,9.00,22.00,25.00,17.00,28.00,38.00,11.00,98.00,11.00,95.00,43.00,22.00,29.00,26.00,20.00,38.00,43.00,45.00,15.00,16.00,34.00,26.00,84.00,86.00,125.00,13.00,34.00,23.00,134.00,18.00,73.00,21.00,17.00,15.00,45.00,48.00,58.00,75.00,76.00,70.00,142.00,17.00,35.00,16.00,49.00,10.00,124.00,53.00,45.00,92.00,37.00,147.00,64.00,47.00,130.00,124.00,183.00,200.00,133.00,197.00,200.00,200.00,91.00,190.00,181.00,200.00,198.00,200.00,195.00,200.00,190.00,200.00,196.00,200.00,200.00,200.00,200.00,200.00,200.00,200.00,200.00,200.00,200.00,200.00,197.00,200.00,200.00,200.00,200.00,200.00,200.00,200.00,200.00,200.00,179.00,200.00,200.00,200.00,200.00,200.00,200.00,200.00,200.00,200.00,200.00,200.00,200.00,200.00,169.00,200.00,200.00,200.00,150.00,200.00,200.00,141.00,146.00,112.00,200.00,183.00,200.00,200.00,157.00,200.00,200.00,173.00,163.00,146.00,163.00,121.00,177.00,200.00,200.00,200.00,166.00,144.00,185.00,149.00,199.00,143.00,158.00,125.00,200.00,,,,,,,,,,,,,,,,,,,,,,,,,,,,,,,,,,,,,,,,,,,,,,,,,,,,,,,,
30.00,50.00,66.00,79.00,96.00,106.00,139.00,204.00,221.00,235.00,294.00,304.00,339.00,350.00,363.00,378.00,392.00,407.00,422.00,439.00,472.00,489.00,512.00,542.00,556.00,607.00,637.00,664.00,680.00,702.00,726.00,757.00,792.00,817.00,830.00,847.00,863.00,876.00,893.00,921.00,952.00,964.00,982.00,994.00,1009.00,1026.00,1048.00,1077.00,1089.00,1098.00,1120.00,1145.00,1162.00,1190.00,1228.00,1239.00,1337.00,1348.00,1443.00,1486.00,1508.00,1537.00,1563.00,1583.00,1621.00,1664.00,1709.00,1724.00,1740.00,1774.00,1800.00,1884.00,1970.00,2095.00,2108.00,2142.00,2165.00,2299.00,2317.00,2390.00,2411.00,2428.00,2443.00,2488.00,2536.00,2594.00,2669.00,2745.00,2815.00,2957.00,2974.00,3009.00,3025.00,3074.00,3084.00,3208.00,3261.00,3306.00,3398.00,3435.00,3582.00,3646.00,3693.00,3823.00,3947.00,4130.00,4330.00,4463.00,4660.00,4860.00,5060.00,5151.00,5341.00,5522.00,5722.00,5920.00,6120.00,6315.00,6515.00,6705.00,6905.00,7101.00,7301.00,7501.00,7701.00,7901.00,8101.00,8301.00,8501.00,8701.00,8901.00,9101.00,9301.00,9498.00,9698.00,9898.00,10098.00,10298.00,10498.00,10698.00,10898.00,11098.00,11298.00,11477.00,11677.00,11877.00,12077.00,12277.00,12477.00,12677.00,12877.00,13077.00,13277.00,13477.00,13677.00,13877.00,14077.00,14246.00,14446.00,14646.00,14846.00,14996.00,15196.00,15396.00,15537.00,15683.00,15795.00,15995.00,16178.00,16378.00,16578.00,16735.00,16935.00,17135.00,17308.00,17471.00,17617.00,17780.00,17901.00,18078.00,18278.00,18478.00,18678.00,18844.00,18988.00,19173.00,19322.00,19521.00,19664.00,19822.00,19947.00,20147.00,,,,,,,,,,,,,,,,,,,,,,,,,,,,,,,,,,,,,,,,,,,,,,,,,,,,,,,,
15.00,38.00,31.00,23.00,11.00,13.00,20.00,84.00,9.00,30.00,12.00,12.00,10.00,43.00,34.00,20.00,26.00,12.00,16.00,20.00,14.00,13.00,18.00,19.00,17.00,18.00,12.00,11.00,12.00,17.00,28.00,62.00,15.00,15.00,26.00,25.00,41.00,34.00,11.00,33.00,12.00,21.00,11.00,12.00,14.00,21.00,15.00,34.00,11.00,21.00,27.00,12.00,23.00,27.00,17.00,13.00,26.00,19.00,17.00,22.00,47.00,13.00,23.00,40.00,24.00,15.00,38.00,37.00,23.00,33.00,50.00,35.00,36.00,47.00,14.00,55.00,36.00,65.00,21.00,31.00,31.00,33.00,118.00,35.00,28.00,38.00,18.00,29.00,38.00,66.00,58.00,16.00,82.00,19.00,24.00,41.00,58.00,65.00,77.00,53.00,134.00,72.00,95.00,75.00,41.00,12.00,156.00,34.00,82.00,28.00,68.00,129.00,124.00,72.00,109.00,62.00,153.00,140.00,65.00,102.00,41.00,155.00,129.00,91.00,122.00,158.00,128.00,122.00,58.00,145.00,78.00,86.00,131.00,49.00,73.00,137.00,65.00,71.00,132.00,175.00,117.00,113.00,140.00,126.00,98.00,127.00,133.00,127.00,120.00,163.00,131.00,200.00,152.00,127.00,144.00,148.00,151.00,130.00,128.00,200.00,152.00,144.00,133.00,153.00,161.00,146.00,135.00,145.00,200.00,178.00,145.00,153.00,137.00,156.00,176.00,149.00,149.00,139.00,147.00,172.00,153.00,186.00,157.00,160.00,160.00,198.00,185.00,166.00,151.00,169.00,162.00,200.00,200.00,173.00,157.00,167.00,164.00,147.00,192.00,200.00,142.00,183.00,134.00,200.00,200.00,133.00,200.00,200.00,143.00,200.00,171.00,200.00,147.00,200.00,200.00,200.00,147.00,200.00,200.00,178.00,200.00,200.00,,,,,,,,,,,,,,,,,,,,,,,,,,
15.00,53.00,84.00,107.00,118.00,131.00,151.00,235.00,244.00,274.00,286.00,298.00,308.00,351.00,385.00,405.00,431.00,443.00,459.00,479.00,493.00,506.00,524.00,543.00,560.00,578.00,590.00,601.00,613.00,630.00,658.00,720.00,735.00,750.00,776.00,801.00,842.00,876.00,887.00,920.00,932.00,953.00,964.00,976.00,990.00,1011.00,1026.00,1060.00,1071.00,1092.00,1119.00,1131.00,1154.00,1181.00,1198.00,1211.00,1237.00,1256.00,1273.00,1295.00,1342.00,1355.00,1378.00,1418.00,1442.00,1457.00,1495.00,1532.00,1555.00,1588.00,1638.00,1673.00,1709.00,1756.00,1770.00,1825.00,1861.00,1926.00,1947.00,1978.00,2009.00,2042.00,2160.00,2195.00,2223.00,2261.00,2279.00,2308.00,2346.00,2412.00,2470.00,2486.00,2568.00,2587.00,2611.00,2652.00,2710.00,2775.00,2852.00,2905.00,3039.00,3111.00,3206.00,3281.00,3322.00,3334.00,3490.00,3524.00,3606.00,3634.00,3702.00,3831.00,3955.00,4027.00,4136.00,4198.00,4351.00,4491.00,4556.00,4658.00,4699.00,4854.00,4983.00,5074.00,5196.00,5354.00,5482.00,5604.00,5662.00,5807.00,5885.00,5971.00,6102.00,6151.00,6224.00,6361.00,6426.00,6497.00,6629.00,6804.00,6921.00,7034.00,7174.00,7300.00,7398.00,7525.00,7658.00,7785.00,7905.00,8068.00,8199.00,8399.00,8551.00,8678.00,8822.00,8970.00,9121.00,9251.00,9379.00,9579.00,9731.00,9875.00,10008.00,10161.00,10322.00,10468.00,10603.00,10748.00,10948.00,11126.00,11271.00,11424.00,11561.00,11717.00,11893.00,12042.00,12191.00,12330.00,12477.00,12649.00,12802.00,12988.00,13145.00,13305.00,13465.00,13663.00,13848.00,14014.00,14165.00,14334.00,14496.00,14696.00,14896.00,15069.00,15226.00,15393.00,15557.00,15704.00,15896.00,16096.00,16238.00,16421.00,16555.00,16755.00,16955.00,17088.00,17288.00,17488.00,17631.00,17831.00,18002.00,18202.00,18349.00,18549.00,18749.00,18949.00,19096.00,19296.00,19496.00,19674.00,19874.00,20074.00,,,,,,,,,,,,,,,,,,,,,,,,,,
13.00,17.00,16.00,16.00,13.00,23.00,35.00,10.00,71.00,26.00,35.00,19.00,17.00,13.00,39.00,13.00,20.00,10.00,10.00,17.00,11.00,31.00,20.00,11.00,13.00,22.00,22.00,29.00,11.00,26.00,27.00,12.00,11.00,39.00,27.00,43.00,27.00,47.00,23.00,44.00,20.00,13.00,13.00,22.00,30.00,15.00,20.00,32.00,24.00,31.00,17.00,24.00,15.00,19.00,100.00,124.00,42.00,34.00,55.00,17.00,24.00,76.00,13.00,97.00,9.00,30.00,38.00,49.00,23.00,46.00,22.00,31.00,15.00,15.00,24.00,20.00,51.00,16.00,31.00,24.00,126.00,104.00,114.00,23.00,36.00,46.00,107.00,36.00,26.00,51.00,54.00,36.00,61.00,27.00,53.00,158.00,152.00,29.00,95.00,93.00,28.00,168.00,38.00,101.00,122.00,200.00,67.00,62.00,68.00,108.00,108.00,81.00,130.00,188.00,117.00,21.00,164.00,171.00,200.00,111.00,135.00,127.00,121.00,138.00,200.00,148.00,132.00,118.00,200.00,129.00,138.00,184.00,200.00,131.00,134.00,132.00,129.00,147.00,150.00,136.00,126.00,200.00,164.00,150.00,135.00,169.00,146.00,137.00,135.00,138.00,148.00,132.00,200.00,146.00,200.00,139.00,142.00,135.00,127.00,135.00,143.00,200.00,137.00,128.00,200.00,170.00,124.00,142.00,170.00,126.00,144.00,171.00,200.00,123.00,125.00,130.00,133.00,145.00,122.00,132.00,142.00,128.00,200.00,120.00,121.00,162.00,138.00,200.00,200.00,200.00,129.00,200.00,72.00,130.00,129.00,118.00,140.00,200.00,127.00,124.00,125.00,134.00,120.00,200.00,182.00,129.00,136.00,179.00,129.00,123.00,120.00,123.00,118.00,134.00,155.00,115.00,,,,,,,,,,,,,,,,,,,,,,,,,,,,,,,,
13.00,30.00,46.00,62.00,75.00,98.00,133.00,143.00,214.00,240.00,275.00,294.00,311.00,324.00,363.00,376.00,396.00,406.00,416.00,433.00,444.00,475.00,495.00,506.00,519.00,541.00,563.00,592.00,603.00,629.00,656.00,668.00,679.00,718.00,745.00,788.00,815.00,862.00,885.00,929.00,949.00,962.00,975.00,997.00,1027.00,1042.00,1062.00,1094.00,1118.00,1149.00,1166.00,1190.00,1205.00,1224.00,1324.00,1448.00,1490.00,1524.00,1579.00,1596.00,1620.00,1696.00,1709.00,1806.00,1815.00,1845.00,1883.00,1932.00,1955.00,2001.00,2023.00,2054.00,2069.00,2084.00,2108.00,2128.00,2179.00,2195.00,2226.00,2250.00,2376.00,2480.00,2594.00,2617.00,2653.00,2699.00,2806.00,2842.00,2868.00,2919.00,2973.00,3009.00,3070.00,3097.00,3150.00,3308.00,3460.00,3489.00,3584.00,3677.00,3705.00,3873.00,3911.00,4012.00,4134.00,4334.00,4401.00,4463.00,4531.00,4639.00,4747.00,4828.00,4958.00,5146.00,5263.00,5284.00,5448.00,5619.00,5819.00,5930.00,6065.00,6192.00,6313.00,6451.00,6651.00,6799.00,6931.00,7049.00,7249.00,7378.00,7516.00,7700.00,7900.00,8031.00,8165.00,8297.00,8426.00,8573.00,8723.00,8859.00,8985.00,9185.00,9349.00,9499.00,9634.00,9803.00,9949.00,10086.00,10221.00,10359.00,10507.00,10639.00,10839.00,10985.00,11185.00,11324.00,11466.00,11601.00,11728.00,11863.00,12006.00,12206.00,12343.00,12471.00,12671.00,12841.00,12965.00,13107.00,13277.00,13403.00,13547.00,13718.00,13918.00,14041.00,14166.00,14296.00,14429.00,14574.00,14696.00,14828.00,14970.00,15098.00,15298.00,15418.00,15539.00,15701.00,15839.00,16039.00,16239.00,16439.00,16568.00,16768.00,16840.00,16970.00,17099.00,17217.00,17357.00,17557.00,17684.00,17808.00,17933.00,18067.00,18187.00,18387.00,18569.00,18698.00,18834.00,19013.00,19142.00,19265.00,19385.00,19508.00,19626.00,19760.00,19915.00,20030.00,,,,,,,,,,,,,,,,,,,,,,,,,,,,,,,,
10.00,94.00,13.00,18.00,44.00,29.00,27.00,16.00,28.00,19.00,20.00,9.00,14.00,12.00,11.00,10.00,10.00,23.00,32.00,18.00,26.00,38.00,18.00,15.00,19.00,13.00,14.00,15.00,17.00,17.00,19.00,43.00,25.00,29.00,20.00,86.00,20.00,32.00,31.00,15.00,39.00,90.00,15.00,33.00,12.00,32.00,44.00,33.00,30.00,18.00,66.00,27.00,29.00,20.00,40.00,28.00,36.00,18.00,21.00,35.00,46.00,35.00,28.00,15.00,38.00,12.00,20.00,63.00,50.00,34.00,25.00,87.00,12.00,38.00,28.00,53.00,28.00,105.00,74.00,20.00,14.00,114.00,66.00,71.00,68.00,49.00,30.00,47.00,89.00,84.00,149.00,114.00,154.00,79.00,96.00,200.00,42.00,65.00,188.00,114.00,78.00,40.00,170.00,15.00,143.00,65.00,189.00,33.00,200.00,141.00,200.00,200.00,200.00,179.00,156.00,172.00,200.00,200.00,168.00,200.00,200.00,200.00,200.00,200.00,169.00,200.00,200.00,193.00,200.00,200.00,200.00,200.00,200.00,193.00,200.00,187.00,200.00,200.00,200.00,200.00,167.00,200.00,200.00,200.00,195.00,200.00,200.00,200.00,200.00,200.00,200.00,195.00,200.00,200.00,200.00,200.00,200.00,200.00,176.00,200.00,200.00,200.00,174.00,200.00,200.00,200.00,200.00,200.00,200.00,200.00,200.00,200.00,200.00,200.00,181.00,200.00,176.00,200.00,200.00,200.00,200.00,200.00,200.00,200.00,200.00,,,,,,,,,,,,,,,,,,,,,,,,,,,,,,,,,,,,,,,,,,,,,,,,,,,,,,,,,,,,,,,
10.00,104.00,117.00,135.00,179.00,208.00,235.00,251.00,279.00,298.00,318.00,327.00,341.00,353.00,364.00,374.00,384.00,407.00,439.00,457.00,483.00,521.00,539.00,554.00,573.00,586.00,600.00,615.00,632.00,649.00,668.00,711.00,736.00,765.00,785.00,871.00,891.00,923.00,954.00,969.00,1008.00,1098.00,1113.00,1146.00,1158.00,1190.00,1234.00,1267.00,1297.00,1315.00,1381.00,1408.00,1437.00,1457.00,1497.00,1525.00,1561.00,1579.00,1600.00,1635.00,1681.00,1716.00,1744.00,1759.00,1797.00,1809.00,1829.00,1892.00,1942.00,1976.00,2001.00,2088.00,2100.00,2138.00,2166.00,2219.00,2247.00,2352.00,2426.00,2446.00,2460.00,2574.00,2640.00,2711.00,2779.00,2828.00,2858.00,2905.00,2994.00,3078.00,3227.00,3341.00,3495.00,3574.00,3670.00,3870.00,3912.00,3977.00,4165.00,4279.00,4357.00,4397.00,4567.00,4582.00,4725.00,4790.00,4979.00,5012.00,5212.00,5353.00,5553.00,5753.00,5953.00,6132.00,6288.00,6460.00,6660.00,6860.00,7028.00,7228.00,7428.00,7628.00,7828.00,8028.00,8197.00,8397.00,8597.00,8790.00,8990.00,9190.00,9390.00,9590.00,9790.00,9983.00,10183.00,10370.00,10570.00,10770.00,10970.00,11170.00,11337.00,11537.00,11737.00,11937.00,12132.00,12332.00,12532.00,12732.00,12932.00,13132.00,13332.00,13527.00,13727.00,13927.00,14127.00,14327.00,14527.00,14727.00,14903.00,15103.00,15303.00,15503.00,15677.00,15877.00,16077.00,16277.00,16477.00,16677.00,16877.00,17077.00,17277.00,17477.00,17677.00,17877.00,18058.00,18258.00,18434.00,18634.00,18834.00,19034.00,19234.00,19434.00,19634.00,19834.00,20034.00,,,,,,,,,,,,,,,,,,,,,,,,,,,,,,,,,,,,,,,,,,,,,,,,,,,,,,,,,,,,,,,
10.00,25.00,17.00,16.00,40.00,12.00,14.00,20.00,14.00,12.00,28.00,31.00,12.00,44.00,13.00,28.00,16.00,30.00,22.00,11.00,15.00,11.00,10.00,21.00,17.00,19.00,21.00,27.00,12.00,15.00,72.00,36.00,54.00,30.00,80.00,16.00,45.00,29.00,20.00,14.00,14.00,21.00,18.00,49.00,30.00,54.00,20.00,63.00,44.00,47.00,48.00,12.00,43.00,52.00,17.00,46.00,56.00,48.00,90.00,25.00,74.00,15.00,24.00,83.00,32.00,23.00,36.00,47.00,10.00,61.00,15.00,30.00,32.00,16.00,40.00,117.00,91.00,55.00,23.00,80.00,68.00,49.00,30.00,24.00,59.00,149.00,171.00,182.00,94.00,200.00,47.00,174.00,142.00,45.00,188.00,143.00,60.00,145.00,150.00,100.00,144.00,165.00,137.00,79.00,168.00,143.00,148.00,200.00,200.00,146.00,199.00,200.00,150.00,145.00,200.00,200.00,200.00,200.00,200.00,200.00,200.00,200.00,169.00,200.00,164.00,200.00,181.00,200.00,200.00,200.00,185.00,200.00,200.00,200.00,200.00,187.00,200.00,131.00,200.00,185.00,139.00,200.00,200.00,200.00,200.00,200.00,185.00,200.00,152.00,200.00,200.00,175.00,200.00,200.00,200.00,200.00,200.00,200.00,200.00,200.00,200.00,145.00,159.00,200.00,200.00,200.00,200.00,200.00,200.00,163.00,200.00,142.00,200.00,148.00,142.00,164.00,200.00,159.00,151.00,200.00,88.00,200.00,84.00,166.00,,,,,,,,,,,,,,,,,,,,,,,,,,,,,,,,,,,,,,,,,,,,,,,,,,,,,,,,,,,,,,,,
10.00,35.00,52.00,68.00,108.00,120.00,134.00,154.00,168.00,180.00,208.00,239.00,251.00,295.00,308.00,336.00,352.00,382.00,404.00,415.00,430.00,441.00,451.00,472.00,489.00,508.00,529.00,556.00,568.00,583.00,655.00,691.00,745.00,775.00,855.00,871.00,916.00,945.00,965.00,979.00,993.00,1014.00,1032.00,1081.00,1111.00,1165.00,1185.00,1248.00,1292.00,1339.00,1387.00,1399.00,1442.00,1494.00,1511.00,1557.00,1613.00,1661.00,1751.00,1776.00,1850.00,1865.00,1889.00,1972.00,2004.00,2027.00,2063.00,2110.00,2120.00,2181.00,2196.00,2226.00,2258.00,2274.00,2314.00,2431.00,2522.00,2577.00,2600.00,2680.00,2748.00,2797.00,2827.00,2851.00,2910.00,3059.00,3230.00,3412.00,3506.00,3706.00,3753.00,3927.00,4069.00,4114.00,4302.00,4445.00,4505.00,4650.00,4800.00,4900.00,5044.00,5209.00,5346.00,5425.00,5593.00,5736.00,5884.00,6084.00,6284.00,6430.00,6629.00,6829.00,6979.00,7124.00,7324.00,7524.00,7724.00,7924.00,8124.00,8324.00,8524.00,8724.00,8893.00,9093.00,9257.00,9457.00,9638.00,9838.00,10038.00,10238.00,10423.00,10623.00,10823.00,11023.00,11223.00,11410.00,11610.00,11741.00,11941.00,12126.00,12265.00,12465.00,12665.00,12865.00,13065.00,13265.00,13450.00,13650.00,13802.00,14002.00,14202.00,14377.00,14577.00,14777.00,14977.00,15177.00,15377.00,15577.00,15777.00,15977.00,16177.00,16322.00,16481.00,16681.00,16881.00,17081.00,17281.00,17481.00,17681.00,17844.00,18044.00,18186.00,18386.00,18534.00,18676.00,18840.00,19040.00,19199.00,19350.00,19550.00,19638.00,19838.00,19922.00,20088.00,,,,,,,,,,,,,,,,,,,,,,,,,,,,,,,,,,,,,,,,,,,,,,,,,,,,,,,,,,,,,,,,
13.00,20.00,33.00,13.00,20.00,23.00,10.00,32.00,9.00,19.00,23.00,12.00,13.00,16.00,15.00,15.00,21.00,19.00,19.00,20.00,10.00,43.00,17.00,29.00,13.00,23.00,13.00,25.00,15.00,16.00,16.00,29.00,21.00,10.00,15.00,16.00,35.00,37.00,58.00,9.00,37.00,17.00,13.00,8.00,47.00,29.00,46.00,69.00,29.00,16.00,23.00,30.00,17.00,53.00,23.00,50.00,28.00,23.00,12.00,9.00,34.00,62.00,19.00,19.00,31.00,66.00,25.00,49.00,22.00,13.00,26.00,22.00,14.00,18.00,19.00,50.00,99.00,36.00,20.00,26.00,20.00,76.00,94.00,20.00,182.00,17.00,13.00,116.00,32.00,18.00,99.00,107.00,55.00,45.00,72.00,12.00,68.00,127.00,19.00,38.00,139.00,47.00,20.00,53.00,44.00,80.00,66.00,95.00,97.00,99.00,83.00,78.00,71.00,85.00,141.00,47.00,117.00,200.00,120.00,157.00,200.00,175.00,200.00,198.00,186.00,200.00,200.00,200.00,200.00,160.00,193.00,179.00,200.00,170.00,200.00,200.00,200.00,200.00,200.00,200.00,169.00,200.00,200.00,181.00,163.00,200.00,200.00,200.00,200.00,173.00,200.00,179.00,200.00,200.00,200.00,196.00,200.00,182.00,200.00,199.00,175.00,200.00,169.00,200.00,200.00,174.00,153.00,166.00,172.00,200.00,200.00,153.00,200.00,183.00,200.00,200.00,200.00,200.00,200.00,200.00,200.00,200.00,200.00,200.00,168.00,200.00,178.00,167.00,200.00,200.00,200.00,175.00,200.00,200.00,200.00,173.00,200.00,200.00,,,,,,,,,,,,,,,,,,,,,,,,,,,,,,,,,,,,,,,,,,,,,,,,,,
13.00,33.00,66.00,79.00,99.00,122.00,132.00,164.00,173.00,192.00,215.00,227.00,240.00,256.00,271.00,286.00,307.00,326.00,345.00,365.00,375.00,418.00,435.00,464.00,477.00,500.00,513.00,538.00,553.00,569.00,585.00,614.00,635.00,645.00,660.00,676.00,711.00,748.00,806.00,815.00,852.00,869.00,882.00,890.00,937.00,966.00,1012.00,1081.00,1110.00,1126.00,1149.00,1179.00,1196.00,1249.00,1272.00,1322.00,1350.00,1373.00,1385.00,1394.00,1428.00,1490.00,1509.00,1528.00,1559.00,1625.00,1650.00,1699.00,1721.00,1734.00,1760.00,1782.00,1796.00,1814.00,1833.00,1883.00,1982.00,2018.00,2038.00,2064.00,2084.00,2160.00,2254.00,2274.00,2456.00,2473.00,2486.00,2602.00,2634.00,2652.00,2751.00,2858.00,2913.00,2958.00,3030.00,3042.00,3110.00,3237.00,3256.00,3294.00,3433.00,3480.00,3500.00,3553.00,3597.00,3677.00,3743.00,3838.00,3935.00,4034.00,4117.00,4195.00,4266.00,4351.00,4492.00,4539.00,4656.00,4856.00,4976.00,5133.00,5333.00,5508.00,5708.00,5906.00,6092.00,6292.00,6492.00,6692.00,6892.00,7052.00,7245.00,7424.00,7624.00,7794.00,7994.00,8194.00,8394.00,8594.00,8794.00,8994.00,9163.00,9363.00,9563.00,9744.00,9907.00,10107.00,10307.00,10507.00,10707.00,10880.00,11080.00,11259.00,11459.00,11659.00,11859.00,12055.00,12255.00,12437.00,12637.00,12836.00,13011.00,13211.00,13380.00,13580.00,13780.00,13954.00,14107.00,14273.00,14445.00,14645.00,14845.00,14998.00,15198.00,15381.00,15581.00,15781.00,15981.00,16181.00,16381.00,16581.00,16781.00,16981.00,17181.00,17381.00,17549.00,17749.00,17927.00,18094.00,18294.00,18494.00,18694.00,18869.00,19069.00,19269.00,19469.00,19642.00,19842.00,20042.00,,,,,,,,,,,,,,,,,,,,,,,,,,,,,,,,,,,,,,,,,,,,,,,,,,
13.00,28.00,29.00,11.00,25.00,31.00,14.00,26.00,14.00,36.00,17.00,18.00,22.00,49.00,15.00,18.00,41.00,17.00,13.00,12.00,11.00,21.00,15.00,23.00,22.00,29.00,18.00,55.00,12.00,75.00,12.00,16.00,26.00,25.00,29.00,52.00,49.00,16.00,37.00,18.00,36.00,32.00,23.00,16.00,15.00,28.00,20.00,16.00,23.00,35.00,14.00,18.00,14.00,44.00,16.00,16.00,35.00,13.00,59.00,65.00,121.00,29.00,19.00,14.00,25.00,16.00,46.00,31.00,25.00,18.00,47.00,22.00,24.00,20.00,113.00,14.00,23.00,58.00,24.00,91.00,20.00,25.00,60.00,21.00,34.00,14.00,126.00,18.00,60.00,53.00,60.00,170.00,36.00,71.00,112.00,110.00,109.00,30.00,99.00,38.00,24.00,138.00,45.00,143.00,114.00,116.00,89.00,52.00,46.00,103.00,25.00,150.00,166.00,133.00,112.00,106.00,126.00,91.00,142.00,134.00,140.00,146.00,45.00,146.00,134.00,165.00,124.00,136.00,127.00,200.00,148.00,155.00,200.00,129.00,171.00,173.00,143.00,200.00,142.00,200.00,182.00,156.00,165.00,200.00,188.00,174.00,200.00,144.00,200.00,190.00,188.00,200.00,200.00,151.00,200.00,200.00,200.00,200.00,188.00,200.00,171.00,174.00,171.00,200.00,200.00,200.00,139.00,200.00,189.00,141.00,200.00,200.00,141.00,200.00,136.00,149.00,146.00,200.00,139.00,131.00,200.00,137.00,140.00,162.00,173.00,196.00,200.00,200.00,194.00,143.00,167.00,200.00,142.00,200.00,138.00,130.00,200.00,171.00,200.00,151.00,200.00,129.00,179.00,124.00,158.00,,,,,,,,,,,,,,,,,,,,,,,,,,,,,,,,,,,,,,,,,,,
13.00,41.00,70.00,81.00,106.00,137.00,151.00,177.00,191.00,227.00,244.00,262.00,284.00,333.00,348.00,366.00,407.00,424.00,437.00,449.00,460.00,481.00,496.00,519.00,541.00,570.00,588.00,643.00,655.00,730.00,742.00,758.00,784.00,809.00,838.00,890.00,939.00,955.00,992.00,1010.00,1046.00,1078.00,1101.00,1117.00,1132.00,1160.00,1180.00,1196.00,1219.00,1254.00,1268.00,1286.00,1300.00,1344.00,1360.00,1376.00,1411.00,1424.00,1483.00,1548.00,1669.00,1698.00,1717.00,1731.00,1756.00,1772.00,1818.00,1849.00,1874.00,1892.00,1939.00,1961.00,1985.00,2005.00,2118.00,2132.00,2155.00,2213.00,2237.00,2328.00,2348.00,2373.00,2433.00,2454.00,2488.00,2502.00,2628.00,2646.00,2706.00,2759.00,2819.00,2989.00,3025.00,3096.00,3208.00,3318.00,3427.00,3457.00,3556.00,3594.00,3618.00,3756.00,3801.00,3944.00,4058.00,4174.00,4263.00,4315.00,4361.00,4464.00,4489.00,4639.00,4805.00,4938.00,5050.00,5156.00,5282.00,5373.00,5515.00,5649.00,5789.00,5935.00,5980.00,6126.00,6260.00,6425.00,6549.00,6685.00,6812.00,7012.00,7160.00,7315.00,7515.00,7644.00,7815.00,7988.00,8131.00,8331.00,8473.00,8673.00,8855.00,9011.00,9176.00,9376.00,9564.00,9738.00,9938.00,10082.00,10282.00,10472.00,10660.00,10860.00,11060.00,11211.00,11411.00,11611.00,11811.00,12011.00,12199.00,12399.00,12570.00,12744.00,12915.00,13115.00,13315.00,13515.00,13654.00,13854.00,14043.00,14184.00,14384.00,14584.00,14725.00,14925.00,15061.00,15210.00,15356.00,15556.00,15695.00,15826.00,16026.00,16163.00,16303.00,16465.00,16638.00,16834.00,17034.00,17234.00,17428.00,17571.00,17738.00,17938.00,18080.00,18280.00,18418.00,18548.00,18748.00,18919.00,19119.00,19270.00,19470.00,19599.00,19778.00,19902.00,20060.00,,,,,,,,,,,,,,,,,,,,,,,,,,,,,,,,,,,,,,,,,,,
17.00,36.00,18.00,13.00,15.00,16.00,30.00,11.00,17.00,19.00,14.00,24.00,12.00,17.00,32.00,28.00,36.00,26.00,21.00,17.00,31.00,33.00,24.00,16.00,40.00,20.00,13.00,23.00,14.00,37.00,18.00,26.00,17.00,31.00,15.00,27.00,16.00,27.00,16.00,44.00,37.00,23.00,20.00,18.00,10.00,48.00,21.00,9.00,12.00,32.00,62.00,14.00,23.00,10.00,23.00,46.00,15.00,44.00,42.00,28.00,18.00,33.00,97.00,19.00,20.00,55.00,12.00,27.00,13.00,36.00,30.00,21.00,40.00,23.00,35.00,14.00,51.00,17.00,35.00,34.00,38.00,84.00,74.00,64.00,46.00,80.00,34.00,26.00,84.00,70.00,67.00,28.00,142.00,75.00,96.00,77.00,54.00,130.00,39.00,62.00,34.00,38.00,19.00,82.00,69.00,136.00,54.00,19.00,42.00,32.00,91.00,113.00,200.00,149.00,26.00,28.00,122.00,149.00,169.00,112.00,200.00,166.00,173.00,151.00,200.00,60.00,174.00,200.00,200.00,200.00,200.00,165.00,164.00,184.00,200.00,186.00,200.00,200.00,186.00,200.00,151.00,166.00,200.00,200.00,163.00,155.00,164.00,174.00,200.00,200.00,200.00,200.00,200.00,200.00,200.00,166.00,200.00,161.00,200.00,200.00,152.00,200.00,175.00,200.00,187.00,200.00,151.00,175.00,200.00,200.00,172.00,200.00,200.00,166.00,200.00,158.00,200.00,191.00,79.00,200.00,200.00,200.00,73.00,46.00,200.00,200.00,200.00,200.00,191.00,188.00,168.00,111.00,200.00,38.00,200.00,154.00,200.00,145.00,200.00,144.00,200.00,200.00,87.00,200.00,200.00,,,,,,,,,,,,,,,,,,,,,,,,,,,,,,,,,,,,,,,,,,,
17.00,53.00,71.00,84.00,99.00,115.00,145.00,156.00,173.00,192.00,206.00,230.00,242.00,259.00,291.00,319.00,355.00,381.00,402.00,419.00,450.00,483.00,507.00,523.00,563.00,583.00,596.00,619.00,633.00,670.00,688.00,714.00,731.00,762.00,777.00,804.00,820.00,847.00,863.00,907.00,944.00,967.00,987.00,1005.00,1015.00,1063.00,1084.00,1093.00,1105.00,1137.00,1199.00,1213.00,1236.00,1246.00,1269.00,1315.00,1330.00,1374.00,1416.00,1444.00,1462.00,1495.00,1592.00,1611.00,1631.00,1686.00,1698.00,1725.00,1738.00,1774.00,1804.00,1825.00,1865.00,1888.00,1923.00,1937.00,1988.00,2005.00,2040.00,2074.00,2112.00,2196.00,2270.00,2334.00,2380.00,2460.00,2494.00,2520.00,2604.00,2674.00,2741.00,2769.00,2911.00,2986.00,3082.00,3159.00,3213.00,3343.00,3382.00,3444.00,3478.00,3516.00,3535.00,3617.00,3686.00,3822.00,3876.00,3895.00,3937.00,3969.00,4060.00,4173.00,4373.00,4522.00,4548.00,4576.00,4698.00,4847.00,5016.00,5128.00,5328.00,5494.00,5667.00,5818.00,6018.00,6078.00,6252.00,6452.00,6652.00,6852.00,7052.00,7217.00,7381.00,7565.00,7765.00,7951.00,8151.00,8351.00,8537.00,8737.00,8888.00,9054.00,9254.00,9454.00,9617.00,9772.00,9936.00,10110.00,10310.00,10510.00,10710.00,10910.00,11110.00,11310.00,11510.00,11676.00,11876.00,12037.00,12237.00,12437.00,12589.00,12789.00,12964.00,13164.00,13351.00,13551.00,13702.00,13877.00,14077.00,14277.00,14449.00,14649.00,14849.00,15015.00,15215.00,15373.00,15573.00,15764.00,15843.00,16043.00,16243.00,16443.00,16516.00,16562.00,16762.00,16962.00,17162.00,17362.00,17553.00,17741.00,17909.00,18020.00,18220.00,18258.00,18458.00,18612.00,18812.00,18957.00,19157.00,19301.00,19501.00,19701.00,19788.00,19988.00,20188.00,,,,,,,,,,,,,,,,,,,,,,,,,,,,,,,,,,,,,,,,,,,
17.00,32.00,14.00,13.00,36.00,15.00,11.00,33.00,16.00,11.00,15.00,13.00,14.00,16.00,21.00,32.00,22.00,11.00,17.00,32.00,26.00,12.00,31.00,35.00,18.00,12.00,11.00,17.00,11.00,53.00,26.00,23.00,14.00,47.00,16.00,31.00,14.00,11.00,30.00,16.00,26.00,8.00,22.00,37.00,27.00,20.00,52.00,44.00,19.00,16.00,12.00,15.00,30.00,44.00,13.00,16.00,12.00,26.00,19.00,46.00,18.00,59.00,35.00,15.00,11.00,39.00,22.00,14.00,17.00,39.00,17.00,55.00,16.00,14.00,11.00,92.00,18.00,52.00,15.00,47.00,92.00,13.00,27.00,40.00,123.00,43.00,14.00,26.00,16.00,12.00,115.00,12.00,12.00,27.00,73.00,58.00,40.00,76.00,22.00,89.00,150.00,91.00,38.00,71.00,23.00,97.00,178.00,116.00,85.00,44.00,35.00,129.00,57.00,180.00,49.00,93.00,200.00,200.00,200.00,148.00,167.00,200.00,200.00,200.00,200.00,200.00,200.00,200.00,200.00,200.00,135.00,149.00,200.00,179.00,200.00,196.00,200.00,200.00,200.00,200.00,139.00,179.00,179.00,170.00,186.00,200.00,200.00,200.00,153.00,200.00,200.00,200.00,169.00,200.00,200.00,200.00,200.00,146.00,200.00,200.00,137.00,200.00,200.00,184.00,200.00,200.00,200.00,200.00,200.00,200.00,200.00,177.00,127.00,200.00,200.00,153.00,154.00,151.00,149.00,200.00,200.00,200.00,196.00,200.00,200.00,200.00,200.00,200.00,172.00,148.00,200.00,200.00,200.00,182.00,200.00,133.00,200.00,200.00,180.00,178.00,,,,,,,,,,,,,,,,,,,,,,,,,,,,,,,,,,,,,,,,,,,,,,,,
17.00,49.00,63.00,76.00,112.00,127.00,138.00,171.00,187.00,198.00,213.00,226.00,240.00,256.00,277.00,309.00,331.00,342.00,359.00,391.00,417.00,429.00,460.00,495.00,513.00,525.00,536.00,553.00,564.00,617.00,643.00,666.00,680.00,727.00,743.00,774.00,788.00,799.00,829.00,845.00,871.00,879.00,901.00,938.00,965.00,985.00,1037.00,1081.00,1100.00,1116.00,1128.00,1143.00,1173.00,1217.00,1230.00,1246.00,1258.00,1284.00,1303.00,1349.00,1367.00,1426.00,1461.00,1476.00,1487.00,1526.00,1548.00,1562.00,1579.00,1618.00,1635.00,1690.00,1706.00,1720.00,1731.00,1823.00,1841.00,1893.00,1908.00,1955.00,2047.00,2060.00,2087.00,2127.00,2250.00,2293.00,2307.00,2333.00,2349.00,2361.00,2476.00,2488.00,2500.00,2527.00,2600.00,2658.00,2698.00,2774.00,2796.00,2885.00,3035.00,3126.00,3164.00,3235.00,3258.00,3355.00,3533.00,3649.00,3734.00,3778.00,3813.00,3942.00,3999.00,4179.00,4228.00,4321.00,4521.00,4721.00,4921.00,5069.00,5236.00,5436.00,5636.00,5836.00,6036.00,6236.00,6436.00,6636.00,6836.00,7036.00,7171.00,7320.00,7520.00,7699.00,7899.00,8095.00,8295.00,8495.00,8695.00,8895.00,9034.00,9213.00,9392.00,9562.00,9748.00,9948.00,10148.00,10348.00,10501.00,10701.00,10901.00,11101.00,11270.00,11470.00,11670.00,11870.00,12070.00,12216.00,12416.00,12616.00,12753.00,12953.00,13153.00,13337.00,13537.00,13737.00,13937.00,14137.00,14337.00,14537.00,14737.00,14914.00,15041.00,15241.00,15441.00,15594.00,15748.00,15899.00,16048.00,16248.00,16448.00,16648.00,16844.00,17044.00,17244.00,17444.00,17644.00,17844.00,18016.00,18164.00,18364.00,18564.00,18764.00,18946.00,19146.00,19279.00,19479.00,19679.00,19859.00,20037.00,,,,,,,,,,,,,,,,,,,,,,,,,,,,,,,,,,,,,,,,,,,,,,,,
10.00,19.00,26.00,15.00,19.00,12.00,13.00,13.00,13.00,22.00,15.00,32.00,24.00,52.00,67.00,21.00,17.00,24.00,19.00,25.00,16.00,23.00,12.00,9.00,15.00,23.00,64.00,13.00,11.00,25.00,28.00,43.00,61.00,16.00,13.00,18.00,20.00,12.00,17.00,12.00,14.00,12.00,14.00,13.00,47.00,62.00,21.00,32.00,58.00,22.00,71.00,27.00,69.00,12.00,15.00,66.00,13.00,24.00,16.00,41.00,75.00,16.00,24.00,14.00,21.00,34.00,23.00,67.00,34.00,94.00,31.00,45.00,87.00,24.00,31.00,78.00,56.00,34.00,15.00,98.00,80.00,49.00,37.00,85.00,15.00,38.00,106.00,19.00,27.00,45.00,175.00,83.00,136.00,43.00,43.00,155.00,72.00,54.00,54.00,141.00,70.00,130.00,200.00,164.00,200.00,158.00,196.00,199.00,137.00,168.00,193.00,200.00,200.00,146.00,200.00,182.00,200.00,200.00,200.00,200.00,200.00,200.00,158.00,200.00,200.00,200.00,200.00,200.00,200.00,200.00,200.00,92.00,200.00,169.00,200.00,177.00,200.00,179.00,200.00,200.00,172.00,164.00,200.00,200.00,200.00,200.00,200.00,200.00,200.00,156.00,200.00,200.00,136.00,200.00,154.00,134.00,200.00,140.00,200.00,138.00,200.00,200.00,133.00,160.00,144.00,200.00,170.00,169.00,200.00,200.00,200.00,192.00,182.00,200.00,200.00,200.00,165.00,149.00,200.00,200.00,200.00,200.00,200.00,142.00,132.00,200.00,200.00,173.00,200.00,,,,,,,,,,,,,,,,,,,,,,,,,,,,,,,,,,,,,,,,,,,,,,,,,,,,,,,,,,,
10.00,29.00,55.00,70.00,89.00,101.00,114.00,127.00,140.00,162.00,177.00,209.00,233.00,285.00,352.00,373.00,390.00,414.00,433.00,458.00,474.00,497.00,509.00,518.00,533.00,556.00,620.00,633.00,644.00,669.00,697.00,740.00,801.00,817.00,830.00,848.00,868.00,880.00,897.00,909.00,923.00,935.00,949.00,962.00,1009.00,1071.00,1092.00,1124.00,1182.00,1204.00,1275.00,1302.00,1371.00,1383.00,1398.00,1464.00,1477.00,1501.00,1517.00,1558.00,1633.00,1649.00,1673.00,1687.00,1708.00,1742.00,1765.00,1832.00,1866.00,1960.00,1991.00,2036.00,2123.00,2147.00,2178.00,2256.00,2312.00,2346.00,2361.00,2459.00,2539.00,2588.00,2625.00,2710.00,2725.00,2763.00,2869.00,2888.00,2915.00,2960.00,3135.00,3218.00,3354.00,3397.00,3440.00,3595.00,3667.00,3721.00,3775.00,3916.00,3986.00,4116.00,4316.00,4480.00,4680.00,4838.00,5034.00,5233.00,5370.00,5538.00,5731.00,5931.00,6131.00,6277.00,6477.00,6659.00,6859.00,7059.00,7259.00,7459.00,7659.00,7859.00,8017.00,8217.00,8417.00,8617.00,8817.00,9017.00,9217.00,9417.00,9617.00,9709.00,9909.00,10078.00,10278.00,10455.00,10655.00,10834.00,11034.00,11234.00,11406.00,11570.00,11770.00,11970.00,12170.00,12370.00,12570.00,12770.00,12970.00,13126.00,13326.00,13526.00,13662.00,13862.00,14016.00,14150.00,14350.00,14490.00,14690.00,14828.00,15028.00,15228.00,15361.00,15521.00,15665.00,15865.00,16035.00,16204.00,16404.00,16604.00,16804.00,16996.00,17178.00,17378.00,17578.00,17778.00,17943.00,18092.00,18292.00,18492.00,18692.00,18892.00,19092.00,19234.00,19366.00,19566.00,19766.00,19939.00,20139.00,,,,,,,,,,,,,,,,,,,,,,,,,,,,,,,,,,,,,,,,,,,,,,,,,,,,,,,,,,,
16.00,11.00,54.00,21.00,17.00,11.00,9.00,12.00,18.00,25.00,45.00,13.00,23.00,15.00,16.00,24.00,16.00,9.00,16.00,17.00,17.00,30.00,12.00,23.00,14.00,19.00,12.00,14.00,16.00,20.00,19.00,12.00,17.00,46.00,50.00,26.00,17.00,11.00,23.00,37.00,18.00,21.00,18.00,16.00,28.00,13.00,23.00,13.00,34.00,37.00,78.00,21.00,47.00,52.00,21.00,44.00,49.00,16.00,23.00,31.00,24.00,38.00,59.00,15.00,10.00,40.00,48.00,14.00,29.00,48.00,27.00,46.00,30.00,24.00,20.00,14.00,42.00,78.00,23.00,54.00,39.00,35.00,58.00,52.00,23.00,53.00,21.00,37.00,15.00,20.00,21.00,23.00,34.00,85.00,26.00,90.00,15.00,44.00,67.00,21.00,37.00,128.00,19.00,67.00,79.00,108.00,30.00,57.00,98.00,40.00,30.00,82.00,32.00,102.00,45.00,114.00,64.00,103.00,26.00,146.00,28.00,73.00,116.00,196.00,100.00,122.00,200.00,64.00,69.00,150.00,140.00,200.00,98.00,190.00,200.00,200.00,114.00,200.00,200.00,180.00,200.00,200.00,200.00,200.00,200.00,200.00,177.00,159.00,200.00,200.00,200.00,179.00,200.00,170.00,200.00,200.00,152.00,200.00,171.00,185.00,154.00,158.00,187.00,200.00,180.00,188.00,200.00,200.00,200.00,200.00,146.00,200.00,193.00,163.00,159.00,200.00,200.00,197.00,200.00,200.00,200.00,164.00,149.00,161.00,187.00,183.00,200.00,200.00,189.00,182.00,200.00,182.00,156.00,141.00,190.00,200.00,119.00,200.00,134.00,173.00,145.00,200.00,200.00,200.00,200.00,200.00,153.00,63.00,147.00,200.00,200.00,,,,,,,,,,,,,,,,,,,,,,,,,,,,,,,,,,,,,
16.00,27.00,81.00,102.00,119.00,130.00,139.00,151.00,169.00,194.00,239.00,252.00,275.00,290.00,306.00,330.00,346.00,355.00,371.00,388.00,405.00,435.00,447.00,470.00,484.00,503.00,515.00,529.00,545.00,565.00,584.00,596.00,613.00,659.00,709.00,735.00,752.00,763.00,786.00,823.00,841.00,862.00,880.00,896.00,924.00,937.00,960.00,973.00,1007.00,1044.00,1122.00,1143.00,1190.00,1242.00,1263.00,1307.00,1356.00,1372.00,1395.00,1426.00,1450.00,1488.00,1547.00,1562.00,1572.00,1612.00,1660.00,1674.00,1703.00,1751.00,1778.00,1824.00,1854.00,1878.00,1898.00,1912.00,1954.00,2032.00,2055.00,2109.00,2148.00,2183.00,2241.00,2293.00,2316.00,2369.00,2390.00,2427.00,2442.00,2462.00,2483.00,2506.00,2540.00,2625.00,2651.00,2741.00,2756.00,2800.00,2867.00,2888.00,2925.00,3053.00,3072.00,3139.00,3218.00,3326.00,3356.00,3413.00,3511.00,3551.00,3581.00,3663.00,3695.00,3797.00,3842.00,3956.00,4020.00,4123.00,4149.00,4295.00,4323.00,4396.00,4512.00,4708.00,4808.00,4930.00,5130.00,5194.00,5263.00,5413.00,5553.00,5753.00,5851.00,6041.00,6241.00,6441.00,6555.00,6755.00,6955.00,7135.00,7335.00,7535.00,7735.00,7935.00,8135.00,8335.00,8512.00,8671.00,8871.00,9071.00,9271.00,9450.00,9650.00,9820.00,10020.00,10220.00,10372.00,10572.00,10743.00,10928.00,11082.00,11240.00,11427.00,11627.00,11807.00,11995.00,12195.00,12395.00,12595.00,12795.00,12941.00,13141.00,13334.00,13497.00,13656.00,13856.00,14056.00,14253.00,14453.00,14653.00,14853.00,15017.00,15166.00,15327.00,15514.00,15697.00,15897.00,16097.00,16286.00,16468.00,16668.00,16850.00,17006.00,17147.00,17337.00,17537.00,17656.00,17856.00,17990.00,18163.00,18308.00,18508.00,18708.00,18908.00,19108.00,19308.00,19461.00,19524.00,19671.00,19871.00,20071.00,,,,,,,,,,,,,,,,,,,,,,,,,,,,,,,,,,,,,
37.00,12.00,11.00,15.00,11.00,24.00,22.00,23.00,56.00,19.00,16.00,10.00,10.00,20.00,16.00,33.00,19.00,12.00,19.00,31.00,8.00,19.00,43.00,30.00,19.00,22.00,25.00,15.00,26.00,35.00,43.00,38.00,26.00,19.00,20.00,21.00,39.00,20.00,54.00,21.00,17.00,14.00,18.00,37.00,19.00,11.00,13.00,15.00,41.00,28.00,14.00,13.00,54.00,29.00,24.00,55.00,14.00,18.00,24.00,16.00,22.00,95.00,44.00,15.00,57.00,30.00,50.00,76.00,20.00,36.00,11.00,37.00,39.00,37.00,42.00,16.00,15.00,24.00,23.00,28.00,34.00,54.00,76.00,73.00,57.00,31.00,51.00,58.00,27.00,51.00,86.00,23.00,28.00,49.00,29.00,26.00,43.00,24.00,78.00,135.00,52.00,17.00,21.00,26.00,86.00,96.00,50.00,104.00,43.00,74.00,45.00,95.00,33.00,50.00,25.00,49.00,109.00,29.00,21.00,48.00,80.00,51.00,145.00,54.00,87.00,125.00,118.00,52.00,138.00,46.00,131.00,60.00,52.00,33.00,200.00,83.00,200.00,113.00,116.00,200.00,149.00,136.00,116.00,151.00,144.00,114.00,130.00,73.00,123.00,147.00,120.00,163.00,139.00,145.00,146.00,200.00,176.00,130.00,200.00,200.00,200.00,157.00,133.00,131.00,200.00,200.00,141.00,200.00,143.00,193.00,147.00,121.00,159.00,120.00,135.00,125.00,162.00,133.00,94.00,200.00,185.00,148.00,200.00,200.00,139.00,135.00,141.00,200.00,119.00,133.00,167.00,125.00,132.00,200.00,122.00,128.00,132.00,122.00,148.00,123.00,134.00,118.00,150.00,200.00,167.00,132.00,200.00,144.00,128.00,200.00,124.00,140.00,200.00,141.00,125.00,136.00,199.00,129.00,200.00,121.00,122.00,117.00,123.00,125.00,119.00,124.00,129.00,178.00,126.00,73.00,123.00,134.00,126.00,,,,,,,,,,,,,,,
37.00,49.00,60.00,75.00,86.00,110.00,132.00,155.00,211.00,230.00,246.00,256.00,266.00,286.00,302.00,335.00,354.00,366.00,385.00,416.00,424.00,443.00,486.00,516.00,535.00,557.00,582.00,597.00,623.00,658.00,701.00,739.00,765.00,784.00,804.00,825.00,864.00,884.00,938.00,959.00,976.00,990.00,1008.00,1045.00,1064.00,1075.00,1088.00,1103.00,1144.00,1172.00,1186.00,1199.00,1253.00,1282.00,1306.00,1361.00,1375.00,1393.00,1417.00,1433.00,1455.00,1550.00,1594.00,1609.00,1666.00,1696.00,1746.00,1822.00,1842.00,1878.00,1889.00,1926.00,1965.00,2002.00,2044.00,2060.00,2075.00,2099.00,2122.00,2150.00,2184.00,2238.00,2314.00,2387.00,2444.00,2475.00,2526.00,2584.00,2611.00,2662.00,2748.00,2771.00,2799.00,2848.00,2877.00,2903.00,2946.00,2970.00,3048.00,3183.00,3235.00,3252.00,3273.00,3299.00,3385.00,3481.00,3531.00,3635.00,3678.00,3752.00,3797.00,3892.00,3925.00,3975.00,4000.00,4049.00,4158.00,4187.00,4208.00,4256.00,4336.00,4387.00,4532.00,4586.00,4673.00,4798.00,4916.00,4968.00,5106.00,5152.00,5283.00,5343.00,5395.00,5428.00,5628.00,5711.00,5911.00,6024.00,6140.00,6340.00,6489.00,6625.00,6741.00,6892.00,7036.00,7150.00,7280.00,7353.00,7476.00,7623.00,7743.00,7906.00,8045.00,8190.00,8336.00,8536.00,8712.00,8842.00,9042.00,9242.00,9442.00,9599.00,9732.00,9863.00,10063.00,10263.00,10404.00,10604.00,10747.00,10940.00,11087.00,11208.00,11367.00,11487.00,11622.00,11747.00,11909.00,12042.00,12136.00,12336.00,12521.00,12669.00,12869.00,13069.00,13208.00,13343.00,13484.00,13684.00,13803.00,13936.00,14103.00,14228.00,14360.00,14560.00,14682.00,14810.00,14942.00,15064.00,15212.00,15335.00,15469.00,15587.00,15737.00,15937.00,16104.00,16236.00,16436.00,16580.00,16708.00,16908.00,17032.00,17172.00,17372.00,17513.00,17638.00,17774.00,17973.00,18102.00,18302.00,18423.00,18545.00,18662.00,18785.00,18910.00,19029.00,19153.00,19282.00,19460.00,19586.00,19659.00,19782.00,19916.00,20042.00,,,,,,,,,,,,,,,
13.00,34.00,30.00,25.00,31.00,11.00,15.00,21.00,26.00,27.00,17.00,35.00,22.00,19.00,17.00,17.00,11.00,19.00,13.00,16.00,28.00,34.00,9.00,16.00,30.00,25.00,28.00,9.00,18.00,21.00,16.00,12.00,42.00,14.00,16.00,23.00,54.00,14.00,57.00,31.00,81.00,14.00,15.00,30.00,50.00,32.00,76.00,44.00,14.00,38.00,17.00,46.00,28.00,22.00,28.00,19.00,15.00,24.00,21.00,16.00,45.00,15.00,28.00,62.00,22.00,14.00,25.00,37.00,27.00,22.00,13.00,63.00,41.00,77.00,36.00,37.00,22.00,59.00,20.00,19.00,14.00,14.00,65.00,102.00,45.00,48.00,36.00,14.00,20.00,45.00,119.00,28.00,36.00,108.00,39.00,53.00,66.00,129.00,107.00,48.00,25.00,21.00,103.00,23.00,67.00,28.00,173.00,58.00,41.00,71.00,43.00,124.00,99.00,172.00,27.00,107.00,72.00,200.00,106.00,178.00,200.00,104.00,194.00,53.00,200.00,110.00,200.00,134.00,190.00,178.00,195.00,200.00,200.00,157.00,200.00,200.00,180.00,200.00,191.00,200.00,200.00,187.00,200.00,200.00,162.00,173.00,200.00,192.00,200.00,200.00,200.00,200.00,200.00,200.00,200.00,200.00,200.00,200.00,200.00,200.00,200.00,192.00,200.00,200.00,200.00,200.00,200.00,200.00,200.00,200.00,168.00,151.00,200.00,160.00,130.00,200.00,164.00,200.00,157.00,154.00,186.00,200.00,169.00,187.00,195.00,200.00,181.00,175.00,162.00,154.00,160.00,200.00,200.00,200.00,145.00,149.00,200.00,200.00,200.00,200.00,139.00,200.00,,,,,,,,,,,,,,,,,,,,,,,,,,,,,,,,,,,,,,,,,,,,,,
13.00,47.00,77.00,102.00,133.00,144.00,159.00,180.00,206.00,233.00,250.00,285.00,307.00,326.00,343.00,360.00,371.00,390.00,403.00,419.00,447.00,481.00,490.00,506.00,536.00,561.00,589.00,598.00,616.00,637.00,653.00,665.00,707.00,721.00,737.00,760.00,814.00,828.00,885.00,916.00,997.00,1011.00,1026.00,1056.00,1106.00,1138.00,1214.00,1258.00,1272.00,1310.00,1327.00,1373.00,1401.00,1423.00,1451.00,1470.00,1485.00,1509.00,1530.00,1546.00,1591.00,1606.00,1634.00,1696.00,1718.00,1732.00,1757.00,1794.00,1821.00,1843.00,1856.00,1919.00,1960.00,2037.00,2073.00,2110.00,2132.00,2191.00,2211.00,2230.00,2244.00,2258.00,2323.00,2425.00,2470.00,2518.00,2554.00,2568.00,2588.00,2633.00,2752.00,2780.00,2816.00,2924.00,2963.00,3016.00,3082.00,3211.00,3318.00,3366.00,3391.00,3412.00,3515.00,3538.00,3605.00,3633.00,3806.00,3864.00,3905.00,3976.00,4019.00,4143.00,4242.00,4414.00,4441.00,4548.00,4620.00,4820.00,4926.00,5104.00,5304.00,5408.00,5602.00,5655.00,5855.00,5965.00,6165.00,6299.00,6489.00,6667.00,6862.00,7062.00,7262.00,7419.00,7619.00,7819.00,7999.00,8199.00,8390.00,8590.00,8790.00,8977.00,9177.00,9377.00,9539.00,9712.00,9912.00,10104.00,10304.00,10504.00,10704.00,10904.00,11104.00,11304.00,11504.00,11704.00,11904.00,12104.00,12304.00,12504.00,12704.00,12896.00,13096.00,13296.00,13496.00,13696.00,13896.00,14096.00,14296.00,14496.00,14664.00,14815.00,15015.00,15175.00,15305.00,15505.00,15669.00,15869.00,16026.00,16180.00,16366.00,16566.00,16735.00,16922.00,17117.00,17317.00,17498.00,17673.00,17835.00,17989.00,18149.00,18349.00,18549.00,18749.00,18894.00,19043.00,19243.00,19443.00,19643.00,19843.00,19982.00,20182.00,,,,,,,,,,,,,,,,,,,,,,,,,,,,,,,,,,,,,,,,,,,,,,
19.00,28.00,9.00,13.00,34.00,39.00,11.00,18.00,32.00,18.00,81.00,18.00,21.00,16.00,14.00,38.00,19.00,17.00,12.00,29.00,13.00,13.00,12.00,15.00,31.00,15.00,32.00,30.00,15.00,14.00,36.00,18.00,19.00,12.00,27.00,67.00,36.00,13.00,30.00,19.00,27.00,10.00,23.00,131.00,68.00,66.00,15.00,16.00,36.00,33.00,74.00,46.00,12.00,56.00,36.00,60.00,17.00,62.00,35.00,59.00,22.00,81.00,33.00,50.00,25.00,28.00,18.00,80.00,24.00,40.00,30.00,35.00,48.00,113.00,32.00,38.00,65.00,39.00,13.00,37.00,13.00,12.00,91.00,22.00,164.00,45.00,14.00,101.00,66.00,128.00,28.00,96.00,25.00,29.00,154.00,149.00,93.00,48.00,130.00,114.00,46.00,128.00,35.00,200.00,200.00,58.00,200.00,30.00,78.00,200.00,95.00,193.00,200.00,200.00,200.00,162.00,200.00,200.00,200.00,200.00,183.00,200.00,200.00,195.00,200.00,173.00,200.00,200.00,179.00,200.00,200.00,200.00,200.00,200.00,200.00,189.00,200.00,200.00,200.00,200.00,200.00,200.00,200.00,200.00,196.00,200.00,200.00,200.00,183.00,200.00,181.00,200.00,200.00,200.00,200.00,200.00,200.00,200.00,200.00,200.00,200.00,200.00,200.00,200.00,200.00,200.00,200.00,200.00,169.00,200.00,194.00,200.00,200.00,200.00,200.00,200.00,200.00,200.00,200.00,200.00,200.00,200.00,200.00,200.00,168.00,,,,,,,,,,,,,,,,,,,,,,,,,,,,,,,,,,,,,,,,,,,,,,,,,,,,,,,,,,,,,,,
19.00,47.00,56.00,69.00,103.00,142.00,153.00,171.00,203.00,221.00,302.00,320.00,341.00,357.00,371.00,409.00,428.00,445.00,457.00,486.00,499.00,512.00,524.00,539.00,570.00,585.00,617.00,647.00,662.00,676.00,712.00,730.00,749.00,761.00,788.00,855.00,891.00,904.00,934.00,953.00,980.00,990.00,1013.00,1144.00,1212.00,1278.00,1293.00,1309.00,1345.00,1378.00,1452.00,1498.00,1510.00,1566.00,1602.00,1662.00,1679.00,1741.00,1776.00,1835.00,1857.00,1938.00,1971.00,2021.00,2046.00,2074.00,2092.00,2172.00,2196.00,2236.00,2266.00,2301.00,2349.00,2462.00,2494.00,2532.00,2597.00,2636.00,2649.00,2686.00,2699.00,2711.00,2802.00,2824.00,2988.00,3033.00,3047.00,3148.00,3214.00,3342.00,3370.00,3466.00,3491.00,3520.00,3674.00,3823.00,3916.00,3964.00,4094.00,4208.00,4254.00,4382.00,4417.00,4617.00,4817.00,4875.00,5075.00,5105.00,5183.00,5383.00,5478.00,5671.00,5871.00,6071.00,6271.00,6433.00,6633.00,6833.00,7033.00,7233.00,7416.00,7616.00,7816.00,8011.00,8211.00,8384.00,8584.00,8784.00,8963.00,9163.00,9363.00,9563.00,9763.00,9963.00,10163.00,10352.00,10552.00,10752.00,10952.00,11152.00,11352.00,11552.00,11752.00,11952.00,12148.00,12348.00,12548.00,12748.00,12931.00,13131.00,13312.00,13512.00,13712.00,13912.00,14112.00,14312.00,14512.00,14712.00,14912.00,15112.00,15312.00,15512.00,15712.00,15912.00,16112.00,16312.00,16512.00,16712.00,16881.00,17081.00,17275.00,17475.00,17675.00,17875.00,18075.00,18275.00,18475.00,18675.00,18875.00,19075.00,19275.00,19475.00,19675.00,19875.00,20043.00,,,,,,,,,,,,,,,,,,,,,,,,,,,,,,,,,,,,,,,,,,,,,,,,,,,,,,,,,,,,,,,
