38.00,11.00,23.00,51.00,28.00,15.00,29.00,40.00,68.00,21.00,18.00,14.00,16.00,27.00,14.00,18.00,16.00,18.00,57.00,15.00,25.00,9.00,62.00,19.00,12.00,16.00,16.00,44.00,18.00,15.00,62.00,16.00,63.00,17.00,15.00,11.00,48.00,44.00,20.00,19.00,9.00,14.00,34.00,55.00,13.00,12.00,33.00,17.00,43.00,31.00,15.00,22.00,37.00,16.00,19.00,12.00,17.00,51.00,11.00,37.00,27.00,28.00,22.00,46.00,23.00,69.00,79.00,14.00,10.00,68.00,17.00,33.00,23.00,22.00,35.00,66.00,19.00,77.00,85.00,26.00,58.00,86.00,24.00,62.00,89.00,20.00,129.00,120.00,39.00,92.00,78.00,48.00,76.00,51.00,85.00,85.00,80.00,72.00,137.00,67.00,147.00,105.00,122.00,94.00,174.00,200.00,166.00,104.00,132.00,121.00,94.00,200.00,130.00,200.00,196.00,175.00,200.00,200.00,200.00,200.00,200.00,162.00,200.00,200.00,200.00,200.00,124.00,200.00,200.00,200.00,200.00,200.00,200.00,200.00,200.00,200.00,200.00,200.00,200.00,200.00,200.00,200.00,200.00,200.00,200.00,200.00,189.00,200.00,200.00,200.00,190.00,200.00,200.00,200.00,200.00,200.00,200.00,200.00,200.00,200.00,200.00,200.00,170.00,200.00,142.00,200.00,200.00,200.00,200.00,200.00,200.00,200.00,200.00,200.00,200.00,191.00,200.00,200.00,200.00,200.00,200.00,200.00,200.00,174.00,200.00,183.00,200.00,,,,,,,,,,,,,,,,,,,,,,,,,,,,,,,,,,,,,,,,,,,,,,,,,,,,,,,,,,,,,,,,,,,,,,,,,,,,,,,,,,,,,,,,,,,,,,,
38.00,49.00,72.00,123.00,151.00,166.00,195.00,235.00,303.00,324.00,342.00,356.00,372.00,399.00,413.00,431.00,447.00,465.00,522.00,537.00,562.00,571.00,633.00,652.00,664.00,680.00,696.00,740.00,758.00,773.00,835.00,851.00,914.00,931.00,946.00,957.00,1005.00,1049.00,1069.00,1088.00,1097.00,1111.00,1145.00,1200.00,1213.00,1225.00,1258.00,1275.00,1318.00,1349.00,1364.00,1386.00,1423.00,1439.00,1458.00,1470.00,1487.00,1538.00,1549.00,1586.00,1613.00,1641.00,1663.00,1709.00,1732.00,1801.00,1880.00,1894.00,1904.00,1972.00,1989.00,2022.00,2045.00,2067.00,2102.00,2168.00,2187.00,2264.00,2349.00,2375.00,2433.00,2519.00,2543.00,2605.00,2694.00,2714.00,2843.00,2963.00,3002.00,3094.00,3172.00,3220.00,3296.00,3347.00,3432.00,3517.00,3597.00,3669.00,3806.00,3873.00,4020.00,4125.00,4247.00,4341.00,4515.00,4715.00,4881.00,4985.00,5117.00,5238.00,5332.00,5532.00,5662.00,5862.00,6058.00,6233.00,6433.00,6633.00,6833.00,7033.00,7233.00,7395.00,7595.00,7795.00,7995.00,8195.00,8319.00,8519.00,8719.00,8919.00,9119.00,9319.00,9519.00,9719.00,9919.00,10119.00,10319.00,10519.00,10719.00,10919.00,11119.00,11319.00,11519.00,11719.00,11919.00,12119.00,12308.00,12508.00,12708.00,12908.00,13098.00,13298.00,13498.00,13698.00,13898.00,14098.00,14298.00,14498.00,14698.00,14898.00,15098.00,15298.00,15468.00,15668.00,15810.00,16010.00,16210.00,16410.00,16610.00,16810.00,17010.00,17210.00,17410.00,17610.00,17810.00,18001.00,18201.00,18401.00,18601.00,18801.00,19001.00,19201.00,19401.00,19575.00,19775.00,19958.00,20158.00,,,,,,,,,,,,,,,,,,,,,,,,,,,,,,,,,,,,,,,,,,,,,,,,,,,,,,,,,,,,,,,,,,,,,,,,,,,,,,,,,,,,,,,,,,,,,,,
15.00,82.00,22.00,15.00,40.00,21.00,41.00,21.00,34.00,27.00,14.00,18.00,55.00,12.00,28.00,60.00,23.00,35.00,52.00,31.00,10.00,22.00,9.00,12.00,18.00,42.00,39.00,23.00,41.00,12.00,42.00,12.00,45.00,21.00,40.00,22.00,11.00,19.00,34.00,55.00,13.00,12.00,19.00,12.00,21.00,27.00,47.00,21.00,27.00,16.00,19.00,31.00,37.00,21.00,50.00,15.00,125.00,20.00,27.00,14.00,29.00,46.00,22.00,35.00,53.00,22.00,38.00,44.00,30.00,63.00,8.00,22.00,63.00,51.00,43.00,43.00,60.00,24.00,85.00,91.00,25.00,24.00,70.00,62.00,74.00,50.00,66.00,55.00,54.00,91.00,62.00,17.00,69.00,54.00,88.00,41.00,78.00,15.00,59.00,106.00,71.00,81.00,65.00,75.00,62.00,37.00,59.00,44.00,33.00,171.00,88.00,62.00,19.00,128.00,67.00,35.00,196.00,58.00,180.00,90.00,72.00,82.00,172.00,151.00,53.00,60.00,103.00,185.00,200.00,153.00,171.00,152.00,168.00,60.00,188.00,127.00,188.00,200.00,163.00,91.00,109.00,128.00,172.00,145.00,169.00,125.00,121.00,196.00,77.00,181.00,171.00,129.00,200.00,103.00,92.00,200.00,200.00,200.00,200.00,200.00,104.00,120.00,120.00,191.00,133.00,98.00,117.00,120.00,91.00,200.00,158.00,200.00,97.00,127.00,96.00,163.00,200.00,172.00,126.00,196.00,70.00,108.00,200.00,115.00,200.00,191.00,200.00,200.00,200.00,152.00,135.00,200.00,180.00,193.00,84.00,196.00,124.00,200.00,84.00,177.00,162.00,186.00,188.00,186.00,114.00,200.00,124.00,131.00,169.00,184.00,88.00,146.00,47.00,184.00,121.00,174.00,160.00,172.00,,,,,,,,,,,,,,,,,,,,,,,,,,,,,,,,,,,,,,,,,,,,,,,,,,,,,,,,,,,,,,,,
15.00,97.00,119.00,134.00,174.00,195.00,236.00,257.00,291.00,318.00,332.00,350.00,405.00,417.00,445.00,505.00,528.00,563.00,615.00,646.00,656.00,678.00,687.00,699.00,717.00,759.00,798.00,821.00,862.00,874.00,916.00,928.00,973.00,994.00,1034.00,1056.00,1067.00,1086.00,1120.00,1175.00,1188.00,1200.00,1219.00,1231.00,1252.00,1279.00,1326.00,1347.00,1374.00,1390.00,1409.00,1440.00,1477.00,1498.00,1548.00,1563.00,1688.00,1708.00,1735.00,1749.00,1778.00,1824.00,1846.00,1881.00,1934.00,1956.00,1994.00,2038.00,2068.00,2131.00,2139.00,2161.00,2224.00,2275.00,2318.00,2361.00,2421.00,2445.00,2530.00,2621.00,2646.00,2670.00,2740.00,2802.00,2876.00,2926.00,2992.00,3047.00,3101.00,3192.00,3254.00,3271.00,3340.00,3394.00,3482.00,3523.00,3601.00,3616.00,3675.00,3781.00,3852.00,3933.00,3998.00,4073.00,4135.00,4172.00,4231.00,4275.00,4308.00,4479.00,4567.00,4629.00,4648.00,4776.00,4843.00,4878.00,5074.00,5132.00,5312.00,5402.00,5474.00,5556.00,5728.00,5879.00,5932.00,5992.00,6095.00,6280.00,6480.00,6633.00,6804.00,6956.00,7124.00,7184.00,7372.00,7499.00,7687.00,7887.00,8050.00,8141.00,8250.00,8378.00,8550.00,8695.00,8864.00,8989.00,9110.00,9306.00,9383.00,9564.00,9735.00,9864.00,10064.00,10167.00,10259.00,10459.00,10659.00,10859.00,11059.00,11259.00,11363.00,11483.00,11603.00,11794.00,11927.00,12025.00,12142.00,12262.00,12353.00,12553.00,12711.00,12911.00,13008.00,13135.00,13231.00,13394.00,13594.00,13766.00,13892.00,14088.00,14158.00,14266.00,14466.00,14581.00,14781.00,14972.00,15172.00,15372.00,15572.00,15724.00,15859.00,16059.00,16239.00,16432.00,16516.00,16712.00,16836.00,17036.00,17120.00,17297.00,17459.00,17645.00,17833.00,18019.00,18133.00,18333.00,18457.00,18588.00,18757.00,18941.00,19029.00,19175.00,19222.00,19406.00,19527.00,19701.00,19861.00,20033.00,,,,,,,,,,,,,,,,,,,,,,,,,,,,,,,,,,,,,,,,,,,,,,,,,,,,,,,,,,,,,,,,
29.00,25.00,21.00,19.00,38.00,35.00,19.00,16.00,11.00,14.00,19.00,19.00,43.00,11.00,30.00,13.00,26.00,22.00,33.00,50.00,18.00,19.00,17.00,41.00,16.00,33.00,21.00,30.00,11.00,17.00,30.00,12.00,25.00,24.00,12.00,39.00,72.00,60.00,29.00,23.00,16.00,49.00,36.00,75.00,16.00,11.00,32.00,11.00,28.00,33.00,28.00,15.00,17.00,14.00,10.00,27.00,33.00,81.00,59.00,11.00,27.00,15.00,32.00,31.00,30.00,61.00,42.00,39.00,35.00,72.00,35.00,62.00,75.00,30.00,32.00,56.00,26.00,15.00,103.00,37.00,39.00,53.00,87.00,17.00,35.00,60.00,81.00,98.00,65.00,18.00,37.00,13.00,102.00,146.00,146.00,150.00,127.00,70.00,107.00,128.00,17.00,113.00,30.00,52.00,121.00,59.00,95.00,43.00,38.00,78.00,78.00,69.00,47.00,81.00,63.00,38.00,66.00,66.00,71.00,182.00,88.00,59.00,113.00,81.00,100.00,91.00,84.00,141.00,75.00,98.00,83.00,100.00,108.00,94.00,174.00,112.00,94.00,81.00,84.00,91.00,107.00,74.00,163.00,101.00,60.00,66.00,68.00,64.00,65.00,78.00,82.00,91.00,49.00,98.00,145.00,62.00,125.00,82.00,93.00,55.00,78.00,86.00,98.00,80.00,51.00,72.00,200.00,53.00,90.00,87.00,70.00,54.00,200.00,68.00,77.00,107.00,76.00,98.00,66.00,123.00,96.00,93.00,136.00,79.00,83.00,199.00,82.00,84.00,101.00,57.00,96.00,101.00,75.00,68.00,60.00,75.00,95.00,110.00,77.00,72.00,52.00,144.00,65.00,77.00,134.00,71.00,96.00,72.00,74.00,61.00,66.00,73.00,73.00,143.00,54.00,104.00,113.00,68.00,69.00,121.00,77.00,200.00,97.00,63.00,119.00,156.00,67.00,96.00,120.00,138.00,51.00,80.00,167.00,96.00,70.00,65.00,86.00,100.00,77.00,109.00,85.00,135.00,76.00,89.00,64.00,95.00,90.00,75.00,56.00,44.00,81.00,102.00,138.00,74.00,102.00,75.00,70.00,172.00,70.00,86.00,90.00,80.00,164.00,80.00,108.00,200.00,123.00,131.00,105.00,93.00,111.00,110.00,57.00,63.00,63.00,92.00,,,,,,
29.00,54.00,75.00,94.00,132.00,167.00,186.00,202.00,213.00,227.00,246.00,265.00,308.00,319.00,349.00,362.00,388.00,410.00,443.00,493.00,511.00,530.00,547.00,588.00,604.00,637.00,658.00,688.00,699.00,716.00,746.00,758.00,783.00,807.00,819.00,858.00,930.00,990.00,1019.00,1042.00,1058.00,1107.00,1143.00,1218.00,1234.00,1245.00,1277.00,1288.00,1316.00,1349.00,1377.00,1392.00,1409.00,1423.00,1433.00,1460.00,1493.00,1574.00,1633.00,1644.00,1671.00,1686.00,1718.00,1749.00,1779.00,1840.00,1882.00,1921.00,1956.00,2028.00,2063.00,2125.00,2200.00,2230.00,2262.00,2318.00,2344.00,2359.00,2462.00,2499.00,2538.00,2591.00,2678.00,2695.00,2730.00,2790.00,2871.00,2969.00,3034.00,3052.00,3089.00,3102.00,3204.00,3350.00,3496.00,3646.00,3773.00,3843.00,3950.00,4078.00,4095.00,4208.00,4238.00,4290.00,4411.00,4470.00,4565.00,4608.00,4646.00,4724.00,4802.00,4871.00,4918.00,4999.00,5062.00,5100.00,5166.00,5232.00,5303.00,5485.00,5573.00,5632.00,5745.00,5826.00,5926.00,6017.00,6101.00,6242.00,6317.00,6415.00,6498.00,6598.00,6706.00,6800.00,6974.00,7086.00,7180.00,7261.00,7345.00,7436.00,7543.00,7617.00,7780.00,7881.00,7941.00,8007.00,8075.00,8139.00,8204.00,8282.00,8364.00,8455.00,8504.00,8602.00,8747.00,8809.00,8934.00,9016.00,9109.00,9164.00,9242.00,9328.00,9426.00,9506.00,9557.00,9629.00,9829.00,9882.00,9972.00,10059.00,10129.00,10183.00,10383.00,10451.00,10528.00,10635.00,10711.00,10809.00,10875.00,10998.00,11094.00,11187.00,11323.00,11402.00,11485.00,11684.00,11766.00,11850.00,11951.00,12008.00,12104.00,12205.00,12280.00,12348.00,12408.00,12483.00,12578.00,12688.00,12765.00,12837.00,12889.00,13033.00,13098.00,13175.00,13309.00,13380.00,13476.00,13548.00,13622.00,13683.00,13749.00,13822.00,13895.00,14038.00,14092.00,14196.00,14309.00,14377.00,14446.00,14567.00,14644.00,14844.00,14941.00,15004.00,15123.00,15279.00,15346.00,15442.00,15562.00,15700.00,15751.00,15831.00,15998.00,16094.00,16164.00,16229.00,16315.00,16415.00,16492.00,16601.00,16686.00,16821.00,16897.00,16986.00,17050.00,17145.00,17235.00,17310.00,17366.00,17410.00,17491.00,17593.00,17731.00,17805.00,17907.00,17982.00,18052.00,18224.00,18294.00,18380.00,18470.00,18550.00,18714.00,18794.00,18902.00,19102.00,19225.00,19356.00,19461.00,19554.00,19665.00,19775.00,19832.00,19895.00,19958.00,20050.00,,,,,,
54.00,28.00,33.00,17.00,15.00,24.00,21.00,28.00,10.00,22.00,43.00,47.00,32.00,11.00,13.00,13.00,45.00,31.00,9.00,24.00,12.00,36.00,19.00,14.00,10.00,32.00,22.00,17.00,19.00,48.00,25.00,23.00,25.00,15.00,26.00,32.00,81.00,19.00,45.00,16.00,54.00,20.00,30.00,11.00,67.00,14.00,17.00,26.00,72.00,45.00,19.00,22.00,90.00,116.00,81.00,53.00,23.00,25.00,59.00,17.00,16.00,64.00,19.00,56.00,29.00,104.00,48.00,28.00,38.00,20.00,26.00,77.00,25.00,52.00,83.00,53.00,78.00,75.00,84.00,25.00,50.00,41.00,56.00,18.00,70.00,92.00,45.00,106.00,85.00,141.00,70.00,51.00,43.00,90.00,59.00,41.00,88.00,68.00,23.00,29.00,96.00,112.00,106.00,54.00,37.00,60.00,145.00,85.00,79.00,49.00,129.00,60.00,51.00,138.00,84.00,135.00,91.00,90.00,153.00,97.00,180.00,91.00,62.00,116.00,146.00,145.00,151.00,41.00,46.00,117.00,58.00,200.00,117.00,49.00,144.00,197.00,124.00,197.00,141.00,200.00,200.00,90.00,200.00,200.00,200.00,200.00,200.00,165.00,175.00,200.00,200.00,200.00,200.00,142.00,199.00,188.00,125.00,134.00,182.00,200.00,154.00,200.00,191.00,200.00,154.00,195.00,154.00,150.00,188.00,139.00,200.00,135.00,200.00,187.00,185.00,149.00,200.00,133.00,200.00,200.00,200.00,200.00,200.00,200.00,200.00,200.00,200.00,200.00,200.00,200.00,200.00,200.00,200.00,200.00,200.00,200.00,199.00,200.00,192.00,200.00,200.00,200.00,,,,,,,,,,,,,,,,,,,,,,,,,,,,,,,,,,,,,,,,,,,,,,,,,,,,,,,,,,,,,,,,,,,,,,,,,,,,,,,,
54.00,82.00,115.00,132.00,147.00,171.00,192.00,220.00,230.00,252.00,295.00,342.00,374.00,385.00,398.00,411.00,456.00,487.00,496.00,520.00,532.00,568.00,587.00,601.00,611.00,643.00,665.00,682.00,701.00,749.00,774.00,797.00,822.00,837.00,863.00,895.00,976.00,995.00,1040.00,1056.00,1110.00,1130.00,1160.00,1171.00,1238.00,1252.00,1269.00,1295.00,1367.00,1412.00,1431.00,1453.00,1543.00,1659.00,1740.00,1793.00,1816.00,1841.00,1900.00,1917.00,1933.00,1997.00,2016.00,2072.00,2101.00,2205.00,2253.00,2281.00,2319.00,2339.00,2365.00,2442.00,2467.00,2519.00,2602.00,2655.00,2733.00,2808.00,2892.00,2917.00,2967.00,3008.00,3064.00,3082.00,3152.00,3244.00,3289.00,3395.00,3480.00,3621.00,3691.00,3742.00,3785.00,3875.00,3934.00,3975.00,4063.00,4131.00,4154.00,4183.00,4279.00,4391.00,4497.00,4551.00,4588.00,4648.00,4793.00,4878.00,4957.00,5006.00,5135.00,5195.00,5246.00,5384.00,5468.00,5603.00,5694.00,5784.00,5937.00,6034.00,6214.00,6305.00,6367.00,6483.00,6629.00,6774.00,6925.00,6966.00,7012.00,7129.00,7187.00,7387.00,7504.00,7553.00,7697.00,7894.00,8018.00,8215.00,8356.00,8556.00,8756.00,8846.00,9046.00,9246.00,9446.00,9646.00,9846.00,10011.00,10186.00,10386.00,10586.00,10786.00,10986.00,11128.00,11327.00,11515.00,11640.00,11774.00,11956.00,12156.00,12310.00,12510.00,12701.00,12901.00,13055.00,13250.00,13404.00,13554.00,13742.00,13881.00,14081.00,14216.00,14416.00,14603.00,14788.00,14937.00,15137.00,15270.00,15470.00,15670.00,15870.00,16070.00,16270.00,16470.00,16670.00,16870.00,17070.00,17270.00,17470.00,17670.00,17870.00,18070.00,18270.00,18470.00,18670.00,18870.00,19069.00,19269.00,19461.00,19661.00,19861.00,20061.00,,,,,,,,,,,,,,,,,,,,,,,,,,,,,,,,,,,,,,,,,,,,,,,,,,,,,,,,,,,,,,,,,,,,,,,,,,,,,,,,
18.00,14.00,12.00,59.00,29.00,26.00,53.00,13.00,23.00,78.00,18.00,24.00,42.00,24.00,17.00,29.00,14.00,19.00,52.00,23.00,15.00,16.00,44.00,13.00,11.00,17.00,30.00,56.00,20.00,36.00,20.00,13.00,16.00,13.00,28.00,17.00,23.00,15.00,9.00,43.00,25.00,15.00,17.00,17.00,18.00,15.00,17.00,19.00,70.00,42.00,42.00,24.00,21.00,27.00,30.00,22.00,13.00,42.00,27.00,45.00,37.00,27.00,24.00,24.00,27.00,13.00,19.00,46.00,26.00,15.00,44.00,17.00,26.00,18.00,53.00,24.00,46.00,17.00,36.00,25.00,37.00,14.00,46.00,13.00,19.00,38.00,28.00,42.00,24.00,13.00,116.00,102.00,70.00,66.00,54.00,93.00,77.00,33.00,59.00,41.00,121.00,36.00,128.00,144.00,181.00,200.00,98.00,200.00,200.00,139.00,169.00,200.00,200.00,23.00,200.00,169.00,200.00,99.00,200.00,200.00,105.00,200.00,200.00,200.00,200.00,200.00,145.00,119.00,127.00,192.00,113.00,200.00,124.00,108.00,185.00,140.00,134.00,107.00,108.00,105.00,102.00,131.00,61.00,108.00,156.00,95.00,109.00,115.00,99.00,108.00,200.00,139.00,120.00,94.00,108.00,103.00,116.00,103.00,100.00,113.00,101.00,96.00,145.00,100.00,115.00,100.00,102.00,109.00,95.00,111.00,95.00,93.00,177.00,99.00,79.00,75.00,73.00,153.00,63.00,103.00,153.00,116.00,109.00,94.00,131.00,94.00,171.00,139.00,101.00,114.00,169.00,106.00,135.00,99.00,200.00,119.00,100.00,92.00,76.00,79.00,89.00,98.00,149.00,170.00,94.00,134.00,147.00,96.00,118.00,96.00,136.00,200.00,70.00,104.00,200.00,65.00,91.00,146.00,131.00,200.00,160.00,137.00,106.00,130.00,130.00,200.00,148.00,113.00,122.00,141.00,118.00,,,,,,,,,,,,,,,,,,,,,,,,,,,,,,,,,,,,,,,,,,,,,,,,,,,
18.00,32.00,44.00,103.00,132.00,158.00,211.00,224.00,247.00,325.00,343.00,367.00,409.00,433.00,450.00,479.00,493.00,512.00,564.00,587.00,602.00,618.00,662.00,675.00,686.00,703.00,733.00,789.00,809.00,845.00,865.00,878.00,894.00,907.00,935.00,952.00,975.00,990.00,999.00,1042.00,1067.00,1082.00,1099.00,1116.00,1134.00,1149.00,1166.00,1185.00,1255.00,1297.00,1339.00,1363.00,1384.00,1411.00,1441.00,1463.00,1476.00,1518.00,1545.00,1590.00,1627.00,1654.00,1678.00,1702.00,1729.00,1742.00,1761.00,1807.00,1833.00,1848.00,1892.00,1909.00,1935.00,1953.00,2006.00,2030.00,2076.00,2093.00,2129.00,2154.00,2191.00,2205.00,2251.00,2264.00,2283.00,2321.00,2349.00,2391.00,2415.00,2428.00,2544.00,2646.00,2716.00,2782.00,2836.00,2929.00,3006.00,3039.00,3098.00,3139.00,3260.00,3296.00,3424.00,3568.00,3749.00,3949.00,4047.00,4247.00,4447.00,4586.00,4755.00,4955.00,5155.00,5178.00,5378.00,5547.00,5747.00,5846.00,6046.00,6246.00,6351.00,6551.00,6751.00,6951.00,7151.00,7351.00,7496.00,7615.00,7742.00,7934.00,8047.00,8247.00,8371.00,8479.00,8664.00,8804.00,8938.00,9045.00,9153.00,9258.00,9360.00,9491.00,9552.00,9660.00,9816.00,9911.00,10020.00,10135.00,10234.00,10342.00,10542.00,10681.00,10801.00,10895.00,11003.00,11106.00,11222.00,11325.00,11425.00,11538.00,11639.00,11735.00,11880.00,11980.00,12095.00,12195.00,12297.00,12406.00,12501.00,12612.00,12707.00,12800.00,12977.00,13076.00,13155.00,13230.00,13303.00,13456.00,13519.00,13622.00,13775.00,13891.00,14000.00,14094.00,14225.00,14319.00,14490.00,14629.00,14730.00,14844.00,15013.00,15119.00,15254.00,15353.00,15553.00,15672.00,15772.00,15864.00,15940.00,16019.00,16108.00,16206.00,16355.00,16525.00,16619.00,16753.00,16900.00,16996.00,17114.00,17210.00,17346.00,17546.00,17616.00,17720.00,17920.00,17985.00,18076.00,18222.00,18353.00,18553.00,18713.00,18850.00,18956.00,19086.00,19216.00,19416.00,19564.00,19677.00,19799.00,19940.00,20058.00,,,,,,,,,,,,,,,,,,,,,,,,,,,,,,,,,,,,,,,,,,,,,,,,,,,
14.00,15.00,9.00,17.00,13.00,29.00,39.00,65.00,16.00,17.00,43.00,31.00,19.00,30.00,19.00,25.00,12.00,35.00,24.00,18.00,25.00,14.00,27.00,64.00,27.00,33.00,26.00,22.00,22.00,20.00,32.00,16.00,29.00,29.00,13.00,20.00,33.00,27.00,55.00,14.00,12.00,22.00,31.00,40.00,20.00,12.00,38.00,20.00,21.00,21.00,10.00,11.00,45.00,16.00,83.00,38.00,30.00,30.00,11.00,22.00,47.00,31.00,9.00,39.00,21.00,50.00,20.00,50.00,19.00,20.00,50.00,83.00,42.00,17.00,37.00,13.00,27.00,32.00,58.00,68.00,25.00,70.00,61.00,64.00,19.00,130.00,123.00,39.00,136.00,173.00,68.00,58.00,80.00,142.00,41.00,35.00,50.00,90.00,37.00,36.00,78.00,85.00,48.00,76.00,22.00,57.00,58.00,16.00,200.00,124.00,160.00,30.00,98.00,127.00,200.00,51.00,115.00,134.00,58.00,118.00,120.00,72.00,140.00,120.00,141.00,200.00,200.00,189.00,137.00,113.00,186.00,200.00,200.00,181.00,200.00,200.00,200.00,200.00,200.00,189.00,200.00,200.00,200.00,200.00,200.00,125.00,200.00,200.00,200.00,200.00,200.00,100.00,200.00,106.00,200.00,200.00,72.00,181.00,200.00,75.00,177.00,200.00,200.00,200.00,197.00,200.00,200.00,200.00,200.00,200.00,200.00,139.00,200.00,200.00,119.00,200.00,189.00,200.00,200.00,200.00,200.00,119.00,200.00,200.00,200.00,200.00,200.00,174.00,200.00,200.00,200.00,200.00,200.00,200.00,200.00,200.00,200.00,200.00,200.00,200.00,,,,,,,,,,,,,,,,,,,,,,,,,,,,,,,,,,,,,,,,,,,,,,,,,,,,,,,,,,,,,,,,,,,,,,,,,,,,,,,,,,
14.00,29.00,38.00,55.00,68.00,97.00,136.00,201.00,217.00,234.00,277.00,308.00,327.00,357.00,376.00,401.00,413.00,448.00,472.00,490.00,515.00,529.00,556.00,620.00,647.00,680.00,706.00,728.00,750.00,770.00,802.00,818.00,847.00,876.00,889.00,909.00,942.00,969.00,1024.00,1038.00,1050.00,1072.00,1103.00,1143.00,1163.00,1175.00,1213.00,1233.00,1254.00,1275.00,1285.00,1296.00,1341.00,1357.00,1440.00,1478.00,1508.00,1538.00,1549.00,1571.00,1618.00,1649.00,1658.00,1697.00,1718.00,1768.00,1788.00,1838.00,1857.00,1877.00,1927.00,2010.00,2052.00,2069.00,2106.00,2119.00,2146.00,2178.00,2236.00,2304.00,2329.00,2399.00,2460.00,2524.00,2543.00,2673.00,2796.00,2835.00,2971.00,3144.00,3212.00,3270.00,3350.00,3492.00,3533.00,3568.00,3618.00,3708.00,3745.00,3781.00,3859.00,3944.00,3992.00,4068.00,4090.00,4147.00,4205.00,4221.00,4421.00,4545.00,4705.00,4735.00,4833.00,4960.00,5160.00,5211.00,5326.00,5460.00,5518.00,5636.00,5756.00,5828.00,5968.00,6088.00,6229.00,6429.00,6629.00,6818.00,6955.00,7068.00,7254.00,7454.00,7654.00,7835.00,8035.00,8235.00,8435.00,8635.00,8835.00,9024.00,9224.00,9424.00,9624.00,9824.00,10024.00,10149.00,10349.00,10549.00,10749.00,10949.00,11149.00,11249.00,11449.00,11555.00,11755.00,11955.00,12027.00,12208.00,12408.00,12483.00,12660.00,12860.00,13060.00,13260.00,13457.00,13657.00,13857.00,14057.00,14257.00,14457.00,14657.00,14796.00,14996.00,15196.00,15315.00,15515.00,15704.00,15904.00,16104.00,16304.00,16504.00,16623.00,16823.00,17023.00,17223.00,17423.00,17623.00,17797.00,17997.00,18197.00,18397.00,18597.00,18797.00,18997.00,19197.00,19397.00,19597.00,19797.00,19997.00,20197.00,,,,,,,,,,,,,,,,,,,,,,,,,,,,,,,,,,,,,,,,,,,,,,,,,,,,,,,,,,,,,,,,,,,,,,,,,,,,,,,,,,
35.00,17.00,15.00,40.00,25.00,17.00,20.00,40.00,34.00,27.00,71.00,33.00,14.00,23.00,23.00,31.00,26.00,12.00,27.00,42.00,16.00,20.00,25.00,24.00,58.00,18.00,14.00,17.00,25.00,50.00,27.00,27.00,21.00,20.00,11.00,13.00,52.00,40.00,11.00,34.00,18.00,23.00,17.00,31.00,32.00,28.00,17.00,30.00,12.00,16.00,22.00,52.00,23.00,21.00,46.00,37.00,13.00,25.00,55.00,116.00,22.00,21.00,26.00,34.00,9.00,68.00,32.00,22.00,42.00,44.00,47.00,20.00,52.00,10.00,94.00,12.00,61.00,61.00,14.00,22.00,137.00,51.00,19.00,42.00,17.00,24.00,39.00,47.00,13.00,53.00,42.00,77.00,52.00,34.00,189.00,91.00,75.00,106.00,61.00,42.00,75.00,59.00,106.00,83.00,38.00,46.00,39.00,26.00,40.00,67.00,57.00,171.00,134.00,170.00,80.00,200.00,105.00,106.00,200.00,86.00,67.00,123.00,135.00,108.00,77.00,134.00,113.00,200.00,200.00,175.00,200.00,84.00,122.00,118.00,94.00,89.00,62.00,199.00,120.00,74.00,62.00,74.00,85.00,60.00,166.00,111.00,58.00,83.00,200.00,70.00,200.00,80.00,200.00,146.00,143.00,85.00,122.00,148.00,200.00,151.00,183.00,200.00,134.00,103.00,177.00,200.00,155.00,137.00,178.00,177.00,189.00,200.00,200.00,152.00,168.00,200.00,200.00,107.00,200.00,200.00,101.00,200.00,179.00,83.00,180.00,152.00,145.00,156.00,200.00,199.00,200.00,200.00,93.00,200.00,200.00,200.00,200.00,200.00,200.00,200.00,200.00,200.00,183.00,76.00,200.00,200.00,161.00,200.00,156.00,174.00,200.00,90.00,200.00,200.00,200.00,,,,,,,,,,,,,,,,,,,,,,,,,,,,,,,,,,,,,,,,,,,,,,,,,,,,,,,,,,,,,,,,,,,
35.00,52.00,67.00,107.00,132.00,149.00,169.00,209.00,243.00,270.00,341.00,374.00,388.00,411.00,434.00,465.00,491.00,503.00,530.00,572.00,588.00,608.00,633.00,657.00,715.00,733.00,747.00,764.00,789.00,839.00,866.00,893.00,914.00,934.00,945.00,958.00,1010.00,1050.00,1061.00,1095.00,1113.00,1136.00,1153.00,1184.00,1216.00,1244.00,1261.00,1291.00,1303.00,1319.00,1341.00,1393.00,1416.00,1437.00,1483.00,1520.00,1533.00,1558.00,1613.00,1729.00,1751.00,1772.00,1798.00,1832.00,1841.00,1909.00,1941.00,1963.00,2005.00,2049.00,2096.00,2116.00,2168.00,2178.00,2272.00,2284.00,2345.00,2406.00,2420.00,2442.00,2579.00,2630.00,2649.00,2691.00,2708.00,2732.00,2771.00,2818.00,2831.00,2884.00,2926.00,3003.00,3055.00,3089.00,3278.00,3369.00,3444.00,3550.00,3611.00,3653.00,3728.00,3787.00,3893.00,3976.00,4014.00,4060.00,4099.00,4125.00,4165.00,4232.00,4289.00,4460.00,4594.00,4764.00,4844.00,5044.00,5149.00,5255.00,5455.00,5541.00,5608.00,5731.00,5866.00,5974.00,6051.00,6185.00,6298.00,6498.00,6698.00,6873.00,7073.00,7157.00,7279.00,7397.00,7491.00,7580.00,7642.00,7841.00,7961.00,8035.00,8097.00,8171.00,8256.00,8316.00,8482.00,8593.00,8651.00,8734.00,8934.00,9004.00,9204.00,9284.00,9484.00,9630.00,9773.00,9858.00,9980.00,10128.00,10328.00,10479.00,10662.00,10862.00,10996.00,11099.00,11276.00,11476.00,11631.00,11768.00,11946.00,12123.00,12312.00,12512.00,12712.00,12864.00,13032.00,13232.00,13432.00,13539.00,13739.00,13939.00,14040.00,14240.00,14419.00,14502.00,14682.00,14834.00,14979.00,15135.00,15335.00,15534.00,15734.00,15934.00,16027.00,16227.00,16427.00,16627.00,16827.00,17027.00,17227.00,17427.00,17627.00,17827.00,18010.00,18086.00,18286.00,18486.00,18647.00,18847.00,19003.00,19177.00,19377.00,19467.00,19667.00,19867.00,20067.00,,,,,,,,,,,,,,,,,,,,,,,,,,,,,,,,,,,,,,,,,,,,,,,,,,,,,,,,,,,,,,,,,,,
20.00,50.00,31.00,12.00,51.00,28.00,49.00,25.00,25.00,17.00,22.00,17.00,21.00,11.00,9.00,24.00,13.00,14.00,42.00,13.00,16.00,19.00,22.00,35.00,19.00,19.00,44.00,17.00,22.00,38.00,21.00,14.00,23.00,13.00,16.00,44.00,23.00,75.00,43.00,17.00,28.00,63.00,30.00,17.00,16.00,14.00,9.00,16.00,39.00,32.00,42.00,30.00,42.00,9.00,42.00,24.00,12.00,16.00,25.00,32.00,21.00,56.00,32.00,43.00,31.00,8.00,32.00,24.00,13.00,31.00,67.00,47.00,90.00,86.00,40.00,106.00,16.00,28.00,35.00,20.00,95.00,55.00,66.00,14.00,47.00,21.00,15.00,91.00,20.00,43.00,34.00,53.00,81.00,31.00,19.00,162.00,103.00,19.00,36.00,38.00,129.00,28.00,41.00,94.00,88.00,15.00,18.00,116.00,100.00,102.00,92.00,200.00,126.00,101.00,34.00,92.00,78.00,28.00,37.00,112.00,111.00,107.00,94.00,115.00,99.00,50.00,143.00,32.00,173.00,157.00,100.00,200.00,164.00,112.00,200.00,192.00,144.00,122.00,48.00,166.00,200.00,106.00,146.00,200.00,129.00,169.00,200.00,114.00,196.00,188.00,187.00,170.00,200.00,180.00,200.00,118.00,106.00,114.00,118.00,145.00,184.00,148.00,142.00,182.00,192.00,110.00,142.00,173.00,198.00,192.00,200.00,97.00,200.00,156.00,155.00,200.00,183.00,163.00,122.00,200.00,200.00,102.00,123.00,113.00,125.00,117.00,100.00,200.00,106.00,95.00,147.00,193.00,114.00,119.00,109.00,174.00,86.00,93.00,114.00,184.00,106.00,106.00,155.00,89.00,89.00,102.00,183.00,155.00,106.00,140.00,99.00,143.00,110.00,163.00,115.00,112.00,117.00,100.00,113.00,96.00,99.00,200.00,93.00,200.00,124.00,161.00,,,,,,,,,,,,,,,,,,,,,,,,,,,,,,,,,,,,,,,,,,,,,,,,,,,,,,,,
20.00,70.00,101.00,113.00,164.00,192.00,241.00,266.00,291.00,308.00,330.00,347.00,368.00,379.00,388.00,412.00,425.00,439.00,481.00,494.00,510.00,529.00,551.00,586.00,605.00,624.00,668.00,685.00,707.00,745.00,766.00,780.00,803.00,816.00,832.00,876.00,899.00,974.00,1017.00,1034.00,1062.00,1125.00,1155.00,1172.00,1188.00,1202.00,1211.00,1227.00,1266.00,1298.00,1340.00,1370.00,1412.00,1421.00,1463.00,1487.00,1499.00,1515.00,1540.00,1572.00,1593.00,1649.00,1681.00,1724.00,1755.00,1763.00,1795.00,1819.00,1832.00,1863.00,1930.00,1977.00,2067.00,2153.00,2193.00,2299.00,2315.00,2343.00,2378.00,2398.00,2493.00,2548.00,2614.00,2628.00,2675.00,2696.00,2711.00,2802.00,2822.00,2865.00,2899.00,2952.00,3033.00,3064.00,3083.00,3245.00,3348.00,3367.00,3403.00,3441.00,3570.00,3598.00,3639.00,3733.00,3821.00,3836.00,3854.00,3970.00,4070.00,4172.00,4264.00,4464.00,4590.00,4691.00,4725.00,4817.00,4895.00,4923.00,4960.00,5072.00,5183.00,5290.00,5384.00,5499.00,5598.00,5648.00,5791.00,5823.00,5996.00,6153.00,6253.00,6453.00,6617.00,6729.00,6929.00,7121.00,7265.00,7387.00,7435.00,7601.00,7801.00,7907.00,8053.00,8253.00,8382.00,8551.00,8751.00,8865.00,9061.00,9249.00,9436.00,9606.00,9806.00,9986.00,10186.00,10304.00,10410.00,10524.00,10642.00,10787.00,10971.00,11119.00,11261.00,11443.00,11635.00,11745.00,11887.00,12060.00,12258.00,12450.00,12650.00,12747.00,12947.00,13103.00,13258.00,13458.00,13641.00,13804.00,13926.00,14126.00,14326.00,14428.00,14551.00,14664.00,14789.00,14906.00,15006.00,15206.00,15312.00,15407.00,15554.00,15747.00,15861.00,15980.00,16089.00,16263.00,16349.00,16442.00,16556.00,16740.00,16846.00,16952.00,17107.00,17196.00,17285.00,17387.00,17570.00,17725.00,17831.00,17971.00,18070.00,18213.00,18323.00,18486.00,18601.00,18713.00,18830.00,18930.00,19043.00,19139.00,19238.00,19438.00,19531.00,19731.00,19855.00,20016.00,,,,,,,,,,,,,,,,,,,,,,,,,,,,,,,,,,,,,,,,,,,,,,,,,,,,,,,,
23.00,23.00,25.00,22.00,40.00,39.00,23.00,14.00,10.00,27.00,27.00,35.00,30.00,21.00,12.00,28.00,16.00,17.00,36.00,18.00,32.00,19.00,12.00,27.00,33.00,39.00,15.00,12.00,31.00,28.00,14.00,19.00,31.00,23.00,16.00,68.00,13.00,16.00,14.00,48.00,39.00,21.00,37.00,23.00,24.00,21.00,26.00,27.00,32.00,21.00,46.00,96.00,36.00,21.00,17.00,36.00,37.00,13.00,37.00,27.00,81.00,111.00,52.00,20.00,45.00,14.00,12.00,64.00,23.00,13.00,15.00,21.00,56.00,74.00,42.00,28.00,39.00,24.00,116.00,58.00,50.00,57.00,22.00,104.00,79.00,20.00,31.00,35.00,64.00,30.00,75.00,51.00,48.00,53.00,110.00,56.00,47.00,22.00,68.00,10.00,71.00,56.00,141.00,68.00,114.00,118.00,48.00,69.00,103.00,87.00,60.00,134.00,80.00,116.00,153.00,200.00,73.00,83.00,169.00,81.00,105.00,200.00,147.00,110.00,83.00,54.00,79.00,104.00,119.00,101.00,200.00,74.00,111.00,107.00,103.00,101.00,92.00,102.00,117.00,127.00,102.00,200.00,109.00,106.00,108.00,112.00,108.00,101.00,94.00,200.00,153.00,95.00,115.00,112.00,98.00,115.00,104.00,158.00,98.00,103.00,110.00,118.00,105.00,191.00,116.00,100.00,98.00,95.00,200.00,94.00,114.00,97.00,100.00,169.00,94.00,101.00,109.00,200.00,105.00,144.00,116.00,106.00,114.00,113.00,152.00,131.00,127.00,114.00,116.00,97.00,98.00,100.00,200.00,104.00,111.00,193.00,110.00,200.00,107.00,119.00,200.00,99.00,148.00,115.00,200.00,91.00,174.00,99.00,98.00,119.00,105.00,103.00,101.00,122.00,94.00,122.00,95.00,119.00,101.00,101.00,86.00,101.00,93.00,117.00,100.00,111.00,176.00,101.00,97.00,104.00,112.00,95.00,200.00,95.00,108.00,115.00,200.00,107.00,92.00,114.00,200.00,,,,,,,,,,,,,,,,,,,,,,,,,,,,,,,,,,,,,,,,,
23.00,46.00,71.00,93.00,133.00,172.00,195.00,209.00,219.00,246.00,273.00,308.00,338.00,359.00,371.00,399.00,415.00,432.00,468.00,486.00,518.00,537.00,549.00,576.00,609.00,648.00,663.00,675.00,706.00,734.00,748.00,767.00,798.00,821.00,837.00,905.00,918.00,934.00,948.00,996.00,1035.00,1056.00,1093.00,1116.00,1140.00,1161.00,1187.00,1214.00,1246.00,1267.00,1313.00,1409.00,1445.00,1466.00,1483.00,1519.00,1556.00,1569.00,1606.00,1633.00,1714.00,1825.00,1877.00,1897.00,1942.00,1956.00,1968.00,2032.00,2055.00,2068.00,2083.00,2104.00,2160.00,2234.00,2276.00,2304.00,2343.00,2367.00,2483.00,2541.00,2591.00,2648.00,2670.00,2774.00,2853.00,2873.00,2904.00,2939.00,3003.00,3033.00,3108.00,3159.00,3207.00,3260.00,3370.00,3426.00,3473.00,3495.00,3563.00,3573.00,3644.00,3700.00,3841.00,3909.00,4023.00,4141.00,4189.00,4258.00,4361.00,4448.00,4508.00,4642.00,4722.00,4838.00,4991.00,5191.00,5264.00,5347.00,5516.00,5597.00,5702.00,5902.00,6049.00,6159.00,6242.00,6296.00,6375.00,6479.00,6598.00,6699.00,6899.00,6973.00,7084.00,7191.00,7294.00,7395.00,7487.00,7589.00,7706.00,7833.00,7935.00,8135.00,8244.00,8350.00,8458.00,8570.00,8678.00,8779.00,8873.00,9073.00,9226.00,9321.00,9436.00,9548.00,9646.00,9761.00,9865.00,10023.00,10121.00,10224.00,10334.00,10452.00,10557.00,10748.00,10864.00,10964.00,11062.00,11157.00,11357.00,11451.00,11565.00,11662.00,11762.00,11931.00,12025.00,12126.00,12235.00,12435.00,12540.00,12684.00,12800.00,12906.00,13020.00,13133.00,13285.00,13416.00,13543.00,13657.00,13773.00,13870.00,13968.00,14068.00,14268.00,14372.00,14483.00,14676.00,14786.00,14986.00,15093.00,15212.00,15412.00,15511.00,15659.00,15774.00,15974.00,16065.00,16239.00,16338.00,16436.00,16555.00,16660.00,16763.00,16864.00,16986.00,17080.00,17202.00,17297.00,17416.00,17517.00,17618.00,17704.00,17805.00,17898.00,18015.00,18115.00,18226.00,18402.00,18503.00,18600.00,18704.00,18816.00,18911.00,19111.00,19206.00,19314.00,19429.00,19629.00,19736.00,19828.00,19942.00,20142.00,,,,,,,,,,,,,,,,,,,,,,,,,,,,,,,,,,,,,,,,,
43.00,10.00,11.00,22.00,30.00,26.00,20.00,26.00,44.00,25.00,40.00,28.00,15.00,14.00,22.00,26.00,22.00,33.00,16.00,31.00,17.00,12.00,74.00,18.00,35.00,16.00,15.00,41.00,18.00,20.00,12.00,17.00,43.00,24.00,31.00,38.00,41.00,39.00,33.00,15.00,27.00,19.00,16.00,18.00,18.00,15.00,18.00,22.00,36.00,13.00,21.00,19.00,50.00,41.00,32.00,11.00,17.00,56.00,42.00,54.00,36.00,65.00,51.00,61.00,37.00,36.00,33.00,58.00,76.00,25.00,56.00,52.00,47.00,59.00,33.00,34.00,139.00,27.00,16.00,26.00,39.00,133.00,200.00,142.00,90.00,159.00,102.00,63.00,42.00,51.00,32.00,41.00,119.00,142.00,59.00,57.00,58.00,72.00,200.00,103.00,132.00,19.00,87.00,79.00,10.00,132.00,42.00,200.00,45.00,200.00,200.00,200.00,200.00,200.00,200.00,200.00,200.00,191.00,199.00,200.00,118.00,200.00,151.00,182.00,182.00,200.00,185.00,142.00,129.00,200.00,200.00,195.00,200.00,146.00,200.00,200.00,200.00,200.00,131.00,140.00,200.00,200.00,200.00,200.00,136.00,200.00,200.00,200.00,200.00,200.00,200.00,200.00,200.00,200.00,200.00,176.00,200.00,200.00,200.00,200.00,200.00,200.00,200.00,200.00,200.00,200.00,200.00,193.00,200.00,200.00,200.00,178.00,200.00,200.00,200.00,200.00,200.00,200.00,200.00,200.00,200.00,200.00,200.00,200.00,200.00,200.00,200.00,,,,,,,,,,,,,,,,,,,,,,,,,,,,,,,,,,,,,,,,,,,,,,,,,,,,,,,,,,,,,,,,,,,,,,,,,,,,,,,,,,,,,,,,,,,,,,,
43.00,53.00,64.00,86.00,116.00,142.00,162.00,188.00,232.00,257.00,297.00,325.00,340.00,354.00,376.00,402.00,424.00,457.00,473.00,504.00,521.00,533.00,607.00,625.00,660.00,676.00,691.00,732.00,750.00,770.00,782.00,799.00,842.00,866.00,897.00,935.00,976.00,1015.00,1048.00,1063.00,1090.00,1109.00,1125.00,1143.00,1161.00,1176.00,1194.00,1216.00,1252.00,1265.00,1286.00,1305.00,1355.00,1396.00,1428.00,1439.00,1456.00,1512.00,1554.00,1608.00,1644.00,1709.00,1760.00,1821.00,1858.00,1894.00,1927.00,1985.00,2061.00,2086.00,2142.00,2194.00,2241.00,2300.00,2333.00,2367.00,2506.00,2533.00,2549.00,2575.00,2614.00,2747.00,2947.00,3089.00,3179.00,3338.00,3440.00,3503.00,3545.00,3596.00,3628.00,3669.00,3788.00,3930.00,3989.00,4046.00,4104.00,4176.00,4376.00,4479.00,4611.00,4630.00,4717.00,4796.00,4806.00,4938.00,4980.00,5180.00,5225.00,5425.00,5625.00,5825.00,6025.00,6225.00,6425.00,6625.00,6825.00,7016.00,7215.00,7415.00,7533.00,7733.00,7884.00,8066.00,8248.00,8448.00,8633.00,8775.00,8904.00,9104.00,9304.00,9499.00,9699.00,9845.00,10045.00,10245.00,10445.00,10645.00,10776.00,10916.00,11116.00,11316.00,11516.00,11716.00,11852.00,12052.00,12252.00,12452.00,12652.00,12852.00,13052.00,13252.00,13452.00,13652.00,13852.00,14028.00,14228.00,14428.00,14628.00,14828.00,15028.00,15228.00,15428.00,15628.00,15828.00,16028.00,16228.00,16421.00,16621.00,16821.00,17021.00,17199.00,17399.00,17599.00,17799.00,17999.00,18199.00,18399.00,18599.00,18799.00,18999.00,19199.00,19399.00,19599.00,19799.00,19999.00,20199.00,,,,,,,,,,,,,,,,,,,,,,,,,,,,,,,,,,,,,,,,,,,,,,,,,,,,,,,,,,,,,,,,,,,,,,,,,,,,,,,,,,,,,,,,,,,,,,,
14.00,15.00,9.00,17.00,13.00,29.00,39.00,65.00,16.00,17.00,43.00,31.00,19.00,30.00,19.00,25.00,12.00,35.00,24.00,18.00,25.00,14.00,27.00,64.00,27.00,33.00,26.00,22.00,22.00,20.00,32.00,16.00,29.00,29.00,13.00,20.00,33.00,27.00,55.00,14.00,12.00,22.00,31.00,40.00,20.00,12.00,38.00,20.00,21.00,21.00,10.00,11.00,45.00,16.00,83.00,38.00,30.00,30.00,11.00,22.00,47.00,31.00,9.00,39.00,21.00,50.00,20.00,50.00,19.00,20.00,50.00,83.00,42.00,17.00,37.00,13.00,27.00,32.00,58.00,68.00,25.00,70.00,61.00,64.00,19.00,130.00,123.00,39.00,136.00,173.00,68.00,58.00,80.00,142.00,41.00,35.00,50.00,90.00,37.00,36.00,78.00,85.00,48.00,76.00,22.00,57.00,58.00,16.00,200.00,124.00,160.00,30.00,98.00,127.00,200.00,51.00,115.00,134.00,58.00,118.00,120.00,72.00,140.00,120.00,141.00,200.00,200.00,189.00,137.00,113.00,186.00,200.00,200.00,181.00,200.00,200.00,200.00,200.00,200.00,189.00,200.00,200.00,200.00,200.00,200.00,125.00,200.00,200.00,200.00,200.00,200.00,100.00,200.00,106.00,200.00,200.00,72.00,181.00,200.00,75.00,177.00,200.00,200.00,200.00,197.00,200.00,200.00,200.00,200.00,200.00,200.00,139.00,200.00,200.00,119.00,200.00,189.00,200.00,200.00,200.00,200.00,119.00,200.00,200.00,200.00,200.00,200.00,174.00,200.00,200.00,200.00,200.00,200.00,200.00,200.00,200.00,200.00,200.00,200.00,200.00,,,,,,,,,,,,,,,,,,,,,,,,,,,,,,,,,,,,,,,,,,,,,,,,,,,,,,,,,,,,,,,,,,,,,,,,,,,,,,,,,,
14.00,29.00,38.00,55.00,68.00,97.00,136.00,201.00,217.00,234.00,277.00,308.00,327.00,357.00,376.00,401.00,413.00,448.00,472.00,490.00,515.00,529.00,556.00,620.00,647.00,680.00,706.00,728.00,750.00,770.00,802.00,818.00,847.00,876.00,889.00,909.00,942.00,969.00,1024.00,1038.00,1050.00,1072.00,1103.00,1143.00,1163.00,1175.00,1213.00,1233.00,1254.00,1275.00,1285.00,1296.00,1341.00,1357.00,1440.00,1478.00,1508.00,1538.00,1549.00,1571.00,1618.00,1649.00,1658.00,1697.00,1718.00,1768.00,1788.00,1838.00,1857.00,1877.00,1927.00,2010.00,2052.00,2069.00,2106.00,2119.00,2146.00,2178.00,2236.00,2304.00,2329.00,2399.00,2460.00,2524.00,2543.00,2673.00,2796.00,2835.00,2971.00,3144.00,3212.00,3270.00,3350.00,3492.00,3533.00,3568.00,3618.00,3708.00,3745.00,3781.00,3859.00,3944.00,3992.00,4068.00,4090.00,4147.00,4205.00,4221.00,4421.00,4545.00,4705.00,4735.00,4833.00,4960.00,5160.00,5211.00,5326.00,5460.00,5518.00,5636.00,5756.00,5828.00,5968.00,6088.00,6229.00,6429.00,6629.00,6818.00,6955.00,7068.00,7254.00,7454.00,7654.00,7835.00,8035.00,8235.00,8435.00,8635.00,8835.00,9024.00,9224.00,9424.00,9624.00,9824.00,10024.00,10149.00,10349.00,10549.00,10749.00,10949.00,11149.00,11249.00,11449.00,11555.00,11755.00,11955.00,12027.00,12208.00,12408.00,12483.00,12660.00,12860.00,13060.00,13260.00,13457.00,13657.00,13857.00,14057.00,14257.00,14457.00,14657.00,14796.00,14996.00,15196.00,15315.00,15515.00,15704.00,15904.00,16104.00,16304.00,16504.00,16623.00,16823.00,17023.00,17223.00,17423.00,17623.00,17797.00,17997.00,18197.00,18397.00,18597.00,18797.00,18997.00,19197.00,19397.00,19597.00,19797.00,19997.00,20197.00,,,,,,,,,,,,,,,,,,,,,,,,,,,,,,,,,,,,,,,,,,,,,,,,,,,,,,,,,,,,,,,,,,,,,,,,,,,,,,,,,,
35.00,17.00,15.00,40.00,25.00,17.00,20.00,40.00,34.00,27.00,71.00,33.00,14.00,23.00,23.00,31.00,26.00,12.00,27.00,42.00,16.00,20.00,25.00,24.00,58.00,18.00,14.00,17.00,25.00,50.00,27.00,27.00,21.00,20.00,11.00,13.00,52.00,40.00,11.00,34.00,18.00,23.00,17.00,31.00,32.00,28.00,17.00,30.00,12.00,16.00,22.00,52.00,23.00,21.00,46.00,37.00,13.00,25.00,55.00,116.00,22.00,21.00,26.00,34.00,9.00,68.00,32.00,22.00,42.00,44.00,47.00,20.00,52.00,10.00,94.00,12.00,61.00,61.00,14.00,22.00,137.00,51.00,19.00,42.00,17.00,24.00,39.00,47.00,13.00,53.00,42.00,77.00,52.00,34.00,189.00,91.00,75.00,106.00,61.00,42.00,75.00,59.00,106.00,83.00,38.00,46.00,39.00,26.00,40.00,67.00,57.00,171.00,134.00,170.00,80.00,200.00,105.00,106.00,200.00,86.00,67.00,123.00,135.00,108.00,77.00,134.00,113.00,200.00,200.00,175.00,200.00,84.00,122.00,118.00,94.00,89.00,62.00,199.00,120.00,74.00,62.00,74.00,85.00,60.00,166.00,111.00,58.00,83.00,200.00,70.00,200.00,80.00,200.00,146.00,143.00,85.00,122.00,148.00,200.00,151.00,183.00,200.00,134.00,103.00,177.00,200.00,155.00,137.00,178.00,177.00,189.00,200.00,200.00,152.00,168.00,200.00,200.00,107.00,200.00,200.00,101.00,200.00,179.00,83.00,180.00,152.00,145.00,156.00,200.00,199.00,200.00,200.00,93.00,200.00,200.00,200.00,200.00,200.00,200.00,200.00,200.00,200.00,183.00,76.00,200.00,200.00,161.00,200.00,156.00,174.00,200.00,90.00,200.00,200.00,200.00,,,,,,,,,,,,,,,,,,,,,,,,,,,,,,,,,,,,,,,,,,,,,,,,,,,,,,,,,,,,,,,,,,,
35.00,52.00,67.00,107.00,132.00,149.00,169.00,209.00,243.00,270.00,341.00,374.00,388.00,411.00,434.00,465.00,491.00,503.00,530.00,572.00,588.00,608.00,633.00,657.00,715.00,733.00,747.00,764.00,789.00,839.00,866.00,893.00,914.00,934.00,945.00,958.00,1010.00,1050.00,1061.00,1095.00,1113.00,1136.00,1153.00,1184.00,1216.00,1244.00,1261.00,1291.00,1303.00,1319.00,1341.00,1393.00,1416.00,1437.00,1483.00,1520.00,1533.00,1558.00,1613.00,1729.00,1751.00,1772.00,1798.00,1832.00,1841.00,1909.00,1941.00,1963.00,2005.00,2049.00,2096.00,2116.00,2168.00,2178.00,2272.00,2284.00,2345.00,2406.00,2420.00,2442.00,2579.00,2630.00,2649.00,2691.00,2708.00,2732.00,2771.00,2818.00,2831.00,2884.00,2926.00,3003.00,3055.00,3089.00,3278.00,3369.00,3444.00,3550.00,3611.00,3653.00,3728.00,3787.00,3893.00,3976.00,4014.00,4060.00,4099.00,4125.00,4165.00,4232.00,4289.00,4460.00,4594.00,4764.00,4844.00,5044.00,5149.00,5255.00,5455.00,5541.00,5608.00,5731.00,5866.00,5974.00,6051.00,6185.00,6298.00,6498.00,6698.00,6873.00,7073.00,7157.00,7279.00,7397.00,7491.00,7580.00,7642.00,7841.00,7961.00,8035.00,8097.00,8171.00,8256.00,8316.00,8482.00,8593.00,8651.00,8734.00,8934.00,9004.00,9204.00,9284.00,9484.00,9630.00,9773.00,9858.00,9980.00,10128.00,10328.00,10479.00,10662.00,10862.00,10996.00,11099.00,11276.00,11476.00,11631.00,11768.00,11946.00,12123.00,12312.00,12512.00,12712.00,12864.00,13032.00,13232.00,13432.00,13539.00,13739.00,13939.00,14040.00,14240.00,14419.00,14502.00,14682.00,14834.00,14979.00,15135.00,15335.00,15534.00,15734.00,15934.00,16027.00,16227.00,16427.00,16627.00,16827.00,17027.00,17227.00,17427.00,17627.00,17827.00,18010.00,18086.00,18286.00,18486.00,18647.00,18847.00,19003.00,19177.00,19377.00,19467.00,19667.00,19867.00,20067.00,,,,,,,,,,,,,,,,,,,,,,,,,,,,,,,,,,,,,,,,,,,,,,,,,,,,,,,,,,,,,,,,,,,
20.00,50.00,31.00,12.00,51.00,28.00,49.00,25.00,25.00,17.00,22.00,17.00,21.00,11.00,9.00,24.00,13.00,14.00,42.00,13.00,16.00,19.00,22.00,35.00,19.00,19.00,44.00,17.00,22.00,38.00,21.00,14.00,23.00,13.00,16.00,44.00,23.00,75.00,43.00,17.00,28.00,63.00,30.00,17.00,16.00,14.00,9.00,16.00,39.00,32.00,42.00,30.00,42.00,9.00,42.00,24.00,12.00,16.00,25.00,32.00,21.00,56.00,32.00,43.00,31.00,8.00,32.00,24.00,13.00,31.00,67.00,47.00,90.00,86.00,40.00,106.00,16.00,28.00,35.00,20.00,95.00,55.00,66.00,14.00,47.00,21.00,15.00,91.00,20.00,43.00,34.00,53.00,81.00,31.00,19.00,162.00,103.00,19.00,36.00,38.00,129.00,28.00,41.00,94.00,88.00,15.00,18.00,116.00,100.00,102.00,92.00,200.00,126.00,101.00,34.00,92.00,78.00,28.00,37.00,112.00,111.00,107.00,94.00,115.00,99.00,50.00,143.00,32.00,173.00,157.00,100.00,200.00,164.00,112.00,200.00,192.00,144.00,122.00,48.00,166.00,200.00,106.00,146.00,200.00,129.00,169.00,200.00,114.00,196.00,188.00,187.00,170.00,200.00,180.00,200.00,118.00,106.00,114.00,118.00,145.00,184.00,148.00,142.00,182.00,192.00,110.00,142.00,173.00,198.00,192.00,200.00,97.00,200.00,156.00,155.00,200.00,183.00,163.00,122.00,200.00,200.00,102.00,123.00,113.00,125.00,117.00,100.00,200.00,106.00,95.00,147.00,193.00,114.00,119.00,109.00,174.00,86.00,93.00,114.00,184.00,106.00,106.00,155.00,89.00,89.00,102.00,183.00,155.00,106.00,140.00,99.00,143.00,110.00,163.00,115.00,112.00,117.00,100.00,113.00,96.00,99.00,200.00,93.00,200.00,124.00,161.00,,,,,,,,,,,,,,,,,,,,,,,,,,,,,,,,,,,,,,,,,,,,,,,,,,,,,,,,
20.00,70.00,101.00,113.00,164.00,192.00,241.00,266.00,291.00,308.00,330.00,347.00,368.00,379.00,388.00,412.00,425.00,439.00,481.00,494.00,510.00,529.00,551.00,586.00,605.00,624.00,668.00,685.00,707.00,745.00,766.00,780.00,803.00,816.00,832.00,876.00,899.00,974.00,1017.00,1034.00,1062.00,1125.00,1155.00,1172.00,1188.00,1202.00,1211.00,1227.00,1266.00,1298.00,1340.00,1370.00,1412.00,1421.00,1463.00,1487.00,1499.00,1515.00,1540.00,1572.00,1593.00,1649.00,1681.00,1724.00,1755.00,1763.00,1795.00,1819.00,1832.00,1863.00,1930.00,1977.00,2067.00,2153.00,2193.00,2299.00,2315.00,2343.00,2378.00,2398.00,2493.00,2548.00,2614.00,2628.00,2675.00,2696.00,2711.00,2802.00,2822.00,2865.00,2899.00,2952.00,3033.00,3064.00,3083.00,3245.00,3348.00,3367.00,3403.00,3441.00,3570.00,3598.00,3639.00,3733.00,3821.00,3836.00,3854.00,3970.00,4070.00,4172.00,4264.00,4464.00,4590.00,4691.00,4725.00,4817.00,4895.00,4923.00,4960.00,5072.00,5183.00,5290.00,5384.00,5499.00,5598.00,5648.00,5791.00,5823.00,5996.00,6153.00,6253.00,6453.00,6617.00,6729.00,6929.00,7121.00,7265.00,7387.00,7435.00,7601.00,7801.00,7907.00,8053.00,8253.00,8382.00,8551.00,8751.00,8865.00,9061.00,9249.00,9436.00,9606.00,9806.00,9986.00,10186.00,10304.00,10410.00,10524.00,10642.00,10787.00,10971.00,11119.00,11261.00,11443.00,11635.00,11745.00,11887.00,12060.00,12258.00,12450.00,12650.00,12747.00,12947.00,13103.00,13258.00,13458.00,13641.00,13804.00,13926.00,14126.00,14326.00,14428.00,14551.00,14664.00,14789.00,14906.00,15006.00,15206.00,15312.00,15407.00,15554.00,15747.00,15861.00,15980.00,16089.00,16263.00,16349.00,16442.00,16556.00,16740.00,16846.00,16952.00,17107.00,17196.00,17285.00,17387.00,17570.00,17725.00,17831.00,17971.00,18070.00,18213.00,18323.00,18486.00,18601.00,18713.00,18830.00,18930.00,19043.00,19139.00,19238.00,19438.00,19531.00,19731.00,19855.00,20016.00,,,,,,,,,,,,,,,,,,,,,,,,,,,,,,,,,,,,,,,,,,,,,,,,,,,,,,,,
23.00,23.00,25.00,22.00,40.00,39.00,23.00,14.00,10.00,27.00,27.00,35.00,30.00,21.00,12.00,28.00,16.00,17.00,36.00,18.00,32.00,19.00,12.00,27.00,33.00,39.00,15.00,12.00,31.00,28.00,14.00,19.00,31.00,23.00,16.00,68.00,13.00,16.00,14.00,48.00,39.00,21.00,37.00,23.00,24.00,21.00,26.00,27.00,32.00,21.00,46.00,96.00,36.00,21.00,17.00,36.00,37.00,13.00,37.00,27.00,81.00,111.00,52.00,20.00,45.00,14.00,12.00,64.00,23.00,13.00,15.00,21.00,56.00,74.00,42.00,28.00,39.00,24.00,116.00,58.00,50.00,57.00,22.00,104.00,79.00,20.00,31.00,35.00,64.00,30.00,75.00,51.00,48.00,53.00,110.00,56.00,47.00,22.00,68.00,10.00,71.00,56.00,141.00,68.00,114.00,118.00,48.00,69.00,103.00,87.00,60.00,134.00,80.00,116.00,153.00,200.00,73.00,83.00,169.00,81.00,105.00,200.00,147.00,110.00,83.00,54.00,79.00,104.00,119.00,101.00,200.00,74.00,111.00,107.00,103.00,101.00,92.00,102.00,117.00,127.00,102.00,200.00,109.00,106.00,108.00,112.00,108.00,101.00,94.00,200.00,153.00,95.00,115.00,112.00,98.00,115.00,104.00,158.00,98.00,103.00,110.00,118.00,105.00,191.00,116.00,100.00,98.00,95.00,200.00,94.00,114.00,97.00,100.00,169.00,94.00,101.00,109.00,200.00,105.00,144.00,116.00,106.00,114.00,113.00,152.00,131.00,127.00,114.00,116.00,97.00,98.00,100.00,200.00,104.00,111.00,193.00,110.00,200.00,107.00,119.00,200.00,99.00,148.00,115.00,200.00,91.00,174.00,99.00,98.00,119.00,105.00,103.00,101.00,122.00,94.00,122.00,95.00,119.00,101.00,101.00,86.00,101.00,93.00,117.00,100.00,111.00,176.00,101.00,97.00,104.00,112.00,95.00,200.00,95.00,108.00,115.00,200.00,107.00,92.00,114.00,200.00,,,,,,,,,,,,,,,,,,,,,,,,,,,,,,,,,,,,,,,,,
23.00,46.00,71.00,93.00,133.00,172.00,195.00,209.00,219.00,246.00,273.00,308.00,338.00,359.00,371.00,399.00,415.00,432.00,468.00,486.00,518.00,537.00,549.00,576.00,609.00,648.00,663.00,675.00,706.00,734.00,748.00,767.00,798.00,821.00,837.00,905.00,918.00,934.00,948.00,996.00,1035.00,1056.00,1093.00,1116.00,1140.00,1161.00,1187.00,1214.00,1246.00,1267.00,1313.00,1409.00,1445.00,1466.00,1483.00,1519.00,1556.00,1569.00,1606.00,1633.00,1714.00,1825.00,1877.00,1897.00,1942.00,1956.00,1968.00,2032.00,2055.00,2068.00,2083.00,2104.00,2160.00,2234.00,2276.00,2304.00,2343.00,2367.00,2483.00,2541.00,2591.00,2648.00,2670.00,2774.00,2853.00,2873.00,2904.00,2939.00,3003.00,3033.00,3108.00,3159.00,3207.00,3260.00,3370.00,3426.00,3473.00,3495.00,3563.00,3573.00,3644.00,3700.00,3841.00,3909.00,4023.00,4141.00,4189.00,4258.00,4361.00,4448.00,4508.00,4642.00,4722.00,4838.00,4991.00,5191.00,5264.00,5347.00,5516.00,5597.00,5702.00,5902.00,6049.00,6159.00,6242.00,6296.00,6375.00,6479.00,6598.00,6699.00,6899.00,6973.00,7084.00,7191.00,7294.00,7395.00,7487.00,7589.00,7706.00,7833.00,7935.00,8135.00,8244.00,8350.00,8458.00,8570.00,8678.00,8779.00,8873.00,9073.00,9226.00,9321.00,9436.00,9548.00,9646.00,9761.00,9865.00,10023.00,10121.00,10224.00,10334.00,10452.00,10557.00,10748.00,10864.00,10964.00,11062.00,11157.00,11357.00,11451.00,11565.00,11662.00,11762.00,11931.00,12025.00,12126.00,12235.00,12435.00,12540.00,12684.00,12800.00,12906.00,13020.00,13133.00,13285.00,13416.00,13543.00,13657.00,13773.00,13870.00,13968.00,14068.00,14268.00,14372.00,14483.00,14676.00,14786.00,14986.00,15093.00,15212.00,15412.00,15511.00,15659.00,15774.00,15974.00,16065.00,16239.00,16338.00,16436.00,16555.00,16660.00,16763.00,16864.00,16986.00,17080.00,17202.00,17297.00,17416.00,17517.00,17618.00,17704.00,17805.00,17898.00,18015.00,18115.00,18226.00,18402.00,18503.00,18600.00,18704.00,18816.00,18911.00,19111.00,19206.00,19314.00,19429.00,19629.00,19736.00,19828.00,19942.00,20142.00,,,,,,,,,,,,,,,,,,,,,,,,,,,,,,,,,,,,,,,,,
43.00,10.00,11.00,22.00,30.00,26.00,20.00,26.00,44.00,25.00,40.00,28.00,15.00,14.00,22.00,26.00,22.00,33.00,16.00,31.00,17.00,12.00,74.00,18.00,35.00,16.00,15.00,41.00,18.00,20.00,12.00,17.00,43.00,24.00,31.00,38.00,41.00,39.00,33.00,15.00,27.00,19.00,16.00,18.00,18.00,15.00,18.00,22.00,36.00,13.00,21.00,19.00,50.00,41.00,32.00,11.00,17.00,56.00,42.00,54.00,36.00,65.00,51.00,61.00,37.00,36.00,33.00,58.00,76.00,25.00,56.00,52.00,47.00,59.00,33.00,34.00,139.00,27.00,16.00,26.00,39.00,133.00,200.00,142.00,90.00,159.00,102.00,63.00,42.00,51.00,32.00,41.00,119.00,142.00,59.00,57.00,58.00,72.00,200.00,103.00,132.00,19.00,87.00,79.00,10.00,132.00,42.00,200.00,45.00,200.00,200.00,200.00,200.00,200.00,200.00,200.00,200.00,191.00,199.00,200.00,118.00,200.00,151.00,182.00,182.00,200.00,185.00,142.00,129.00,200.00,200.00,195.00,200.00,146.00,200.00,200.00,200.00,200.00,131.00,140.00,200.00,200.00,200.00,200.00,136.00,200.00,200.00,200.00,200.00,200.00,200.00,200.00,200.00,200.00,200.00,176.00,200.00,200.00,200.00,200.00,200.00,200.00,200.00,200.00,200.00,200.00,200.00,193.00,200.00,200.00,200.00,178.00,200.00,200.00,200.00,200.00,200.00,200.00,200.00,200.00,200.00,200.00,200.00,200.00,200.00,200.00,200.00,,,,,,,,,,,,,,,,,,,,,,,,,,,,,,,,,,,,,,,,,,,,,,,,,,,,,,,,,,,,,,,,,,,,,,,,,,,,,,,,,,,,,,,,,,,,,,,
43.00,53.00,64.00,86.00,116.00,142.00,162.00,188.00,232.00,257.00,297.00,325.00,340.00,354.00,376.00,402.00,424.00,457.00,473.00,504.00,521.00,533.00,607.00,625.00,660.00,676.00,691.00,732.00,750.00,770.00,782.00,799.00,842.00,866.00,897.00,935.00,976.00,1015.00,1048.00,1063.00,1090.00,1109.00,1125.00,1143.00,1161.00,1176.00,1194.00,1216.00,1252.00,1265.00,1286.00,1305.00,1355.00,1396.00,1428.00,1439.00,1456.00,1512.00,1554.00,1608.00,1644.00,1709.00,1760.00,1821.00,1858.00,1894.00,1927.00,1985.00,2061.00,2086.00,2142.00,2194.00,2241.00,2300.00,2333.00,2367.00,2506.00,2533.00,2549.00,2575.00,2614.00,2747.00,2947.00,3089.00,3179.00,3338.00,3440.00,3503.00,3545.00,3596.00,3628.00,3669.00,3788.00,3930.00,3989.00,4046.00,4104.00,4176.00,4376.00,4479.00,4611.00,4630.00,4717.00,4796.00,4806.00,4938.00,4980.00,5180.00,5225.00,5425.00,5625.00,5825.00,6025.00,6225.00,6425.00,6625.00,6825.00,7016.00,7215.00,7415.00,7533.00,7733.00,7884.00,8066.00,8248.00,8448.00,8633.00,8775.00,8904.00,9104.00,9304.00,9499.00,9699.00,9845.00,10045.00,10245.00,10445.00,10645.00,10776.00,10916.00,11116.00,11316.00,11516.00,11716.00,11852.00,12052.00,12252.00,12452.00,12652.00,12852.00,13052.00,13252.00,13452.00,13652.00,13852.00,14028.00,14228.00,14428.00,14628.00,14828.00,15028.00,15228.00,15428.00,15628.00,15828.00,16028.00,16228.00,16421.00,16621.00,16821.00,17021.00,17199.00,17399.00,17599.00,17799.00,17999.00,18199.00,18399.00,18599.00,18799.00,18999.00,19199.00,19399.00,19599.00,19799.00,19999.00,20199.00,,,,,,,,,,,,,,,,,,,,,,,,,,,,,,,,,,,,,,,,,,,,,,,,,,,,,,,,,,,,,,,,,,,,,,,,,,,,,,,,,,,,,,,,,,,,,,,
21.00,37.00,10.00,30.00,11.00,13.00,41.00,19.00,38.00,15.00,14.00,33.00,21.00,19.00,29.00,32.00,12.00,25.00,15.00,16.00,17.00,15.00,11.00,19.00,15.00,48.00,95.00,25.00,13.00,19.00,17.00,18.00,19.00,10.00,20.00,12.00,19.00,41.00,22.00,22.00,15.00,33.00,24.00,27.00,41.00,17.00,76.00,19.00,14.00,15.00,49.00,18.00,17.00,46.00,15.00,9.00,16.00,27.00,14.00,47.00,47.00,55.00,14.00,15.00,18.00,19.00,14.00,43.00,71.00,21.00,18.00,22.00,17.00,16.00,19.00,63.00,13.00,12.00,26.00,25.00,36.00,10.00,23.00,29.00,24.00,19.00,73.00,12.00,20.00,39.00,18.00,34.00,19.00,36.00,35.00,24.00,56.00,27.00,31.00,73.00,33.00,42.00,43.00,14.00,40.00,112.00,19.00,32.00,60.00,54.00,25.00,68.00,62.00,86.00,63.00,86.00,32.00,92.00,31.00,24.00,92.00,41.00,27.00,93.00,69.00,140.00,52.00,39.00,119.00,69.00,54.00,95.00,112.00,140.00,88.00,116.00,73.00,105.00,71.00,58.00,160.00,50.00,102.00,67.00,90.00,68.00,62.00,131.00,66.00,57.00,41.00,185.00,200.00,113.00,67.00,58.00,200.00,63.00,58.00,55.00,200.00,140.00,167.00,165.00,59.00,125.00,78.00,69.00,138.00,110.00,65.00,160.00,188.00,43.00,63.00,60.00,91.00,47.00,135.00,176.00,61.00,191.00,79.00,81.00,200.00,162.00,159.00,199.00,43.00,70.00,166.00,125.00,200.00,200.00,200.00,200.00,162.00,192.00,41.00,52.00,103.00,200.00,200.00,132.00,198.00,200.00,200.00,200.00,179.00,115.00,200.00,200.00,200.00,112.00,124.00,135.00,165.00,146.00,200.00,135.00,200.00,200.00,200.00,126.00,100.00,200.00,200.00,200.00,103.00,200.00,131.00,200.00,200.00,164.00,183.00,200.00,190.00,98.00,90.00,200.00,200.00,98.00,107.00,176.00,113.00,170.00,184.00,,,,,,,,,,,,,,,,,,,,,,,,,,,,,,,,,,,
21.00,58.00,68.00,98.00,109.00,122.00,163.00,182.00,220.00,235.00,249.00,282.00,303.00,322.00,351.00,383.00,395.00,420.00,435.00,451.00,468.00,483.00,494.00,513.00,528.00,576.00,671.00,696.00,709.00,728.00,745.00,763.00,782.00,792.00,812.00,824.00,843.00,884.00,906.00,928.00,943.00,976.00,1000.00,1027.00,1068.00,1085.00,1161.00,1180.00,1194.00,1209.00,1258.00,1276.00,1293.00,1339.00,1354.00,1363.00,1379.00,1406.00,1420.00,1467.00,1514.00,1569.00,1583.00,1598.00,1616.00,1635.00,1649.00,1692.00,1763.00,1784.00,1802.00,1824.00,1841.00,1857.00,1876.00,1939.00,1952.00,1964.00,1990.00,2015.00,2051.00,2061.00,2084.00,2113.00,2137.00,2156.00,2229.00,2241.00,2261.00,2300.00,2318.00,2352.00,2371.00,2407.00,2442.00,2466.00,2522.00,2549.00,2580.00,2653.00,2686.00,2728.00,2771.00,2785.00,2825.00,2937.00,2956.00,2988.00,3048.00,3102.00,3127.00,3195.00,3257.00,3343.00,3406.00,3492.00,3524.00,3616.00,3647.00,3671.00,3763.00,3804.00,3831.00,3924.00,3993.00,4133.00,4185.00,4224.00,4343.00,4412.00,4466.00,4561.00,4673.00,4813.00,4901.00,5017.00,5090.00,5195.00,5266.00,5324.00,5484.00,5534.00,5636.00,5703.00,5793.00,5861.00,5923.00,6054.00,6120.00,6177.00,6218.00,6403.00,6603.00,6716.00,6783.00,6841.00,7041.00,7104.00,7162.00,7217.00,7417.00,7557.00,7724.00,7889.00,7948.00,8073.00,8151.00,8220.00,8358.00,8468.00,8533.00,8693.00,8881.00,8924.00,8987.00,9047.00,9138.00,9185.00,9320.00,9496.00,9557.00,9748.00,9827.00,9908.00,10108.00,10270.00,10429.00,10628.00,10671.00,10741.00,10907.00,11032.00,11232.00,11432.00,11632.00,11832.00,11994.00,12186.00,12227.00,12279.00,12382.00,12582.00,12782.00,12914.00,13112.00,13312.00,13512.00,13712.00,13891.00,14006.00,14206.00,14406.00,14606.00,14718.00,14842.00,14977.00,15142.00,15288.00,15488.00,15623.00,15823.00,16023.00,16223.00,16349.00,16449.00,16649.00,16849.00,17049.00,17152.00,17352.00,17483.00,17683.00,17883.00,18047.00,18230.00,18430.00,18620.00,18718.00,18808.00,19008.00,19208.00,19306.00,19413.00,19589.00,19702.00,19872.00,20056.00,,,,,,,,,,,,,,,,,,,,,,,,,,,,,,,,,,,
11.00,11.00,18.00,21.00,28.00,11.00,27.00,11.00,34.00,22.00,18.00,21.00,13.00,16.00,34.00,24.00,11.00,21.00,19.00,27.00,21.00,35.00,15.00,14.00,11.00,21.00,27.00,13.00,22.00,25.00,14.00,15.00,52.00,36.00,55.00,31.00,16.00,15.00,14.00,31.00,24.00,23.00,19.00,15.00,22.00,64.00,47.00,28.00,22.00,19.00,18.00,40.00,11.00,17.00,27.00,23.00,70.00,33.00,19.00,21.00,38.00,12.00,40.00,65.00,30.00,16.00,31.00,60.00,78.00,14.00,42.00,39.00,26.00,14.00,53.00,39.00,32.00,41.00,14.00,89.00,78.00,15.00,33.00,33.00,70.00,21.00,28.00,16.00,22.00,47.00,27.00,32.00,27.00,49.00,97.00,54.00,62.00,83.00,36.00,25.00,54.00,50.00,87.00,104.00,37.00,82.00,91.00,33.00,25.00,32.00,53.00,92.00,178.00,91.00,48.00,71.00,200.00,200.00,121.00,132.00,93.00,124.00,141.00,58.00,121.00,140.00,200.00,79.00,87.00,92.00,110.00,42.00,71.00,200.00,182.00,188.00,74.00,124.00,200.00,134.00,165.00,120.00,200.00,166.00,200.00,105.00,114.00,158.00,147.00,200.00,163.00,151.00,101.00,99.00,114.00,82.00,115.00,200.00,200.00,117.00,200.00,195.00,172.00,200.00,163.00,200.00,200.00,200.00,200.00,200.00,200.00,200.00,197.00,102.00,122.00,179.00,182.00,200.00,200.00,112.00,178.00,200.00,200.00,200.00,105.00,105.00,200.00,184.00,189.00,185.00,200.00,200.00,89.00,200.00,96.00,200.00,200.00,200.00,154.00,200.00,200.00,200.00,200.00,200.00,200.00,200.00,116.00,134.00,200.00,200.00,200.00,200.00,200.00,200.00,200.00,,,,,,,,,,,,,,,,,,,,,,,,,,,,,,,,,,,,,,,,,,,,,,,,,,,,,,,,,,,,,,,,,,,
11.00,22.00,40.00,61.00,89.00,100.00,127.00,138.00,172.00,194.00,212.00,233.00,246.00,262.00,296.00,320.00,331.00,352.00,371.00,398.00,419.00,454.00,469.00,483.00,494.00,515.00,542.00,555.00,577.00,602.00,616.00,631.00,683.00,719.00,774.00,805.00,821.00,836.00,850.00,881.00,905.00,928.00,947.00,962.00,984.00,1048.00,1095.00,1123.00,1145.00,1164.00,1182.00,1222.00,1233.00,1250.00,1277.00,1300.00,1370.00,1403.00,1422.00,1443.00,1481.00,1493.00,1533.00,1598.00,1628.00,1644.00,1675.00,1735.00,1813.00,1827.00,1869.00,1908.00,1934.00,1948.00,2001.00,2040.00,2072.00,2113.00,2127.00,2216.00,2294.00,2309.00,2342.00,2375.00,2445.00,2466.00,2494.00,2510.00,2532.00,2579.00,2606.00,2638.00,2665.00,2714.00,2811.00,2865.00,2927.00,3010.00,3046.00,3071.00,3125.00,3175.00,3262.00,3366.00,3403.00,3485.00,3576.00,3609.00,3634.00,3666.00,3719.00,3811.00,3989.00,4080.00,4128.00,4199.00,4399.00,4599.00,4720.00,4852.00,4945.00,5069.00,5210.00,5268.00,5389.00,5529.00,5729.00,5808.00,5895.00,5987.00,6097.00,6139.00,6210.00,6410.00,6592.00,6780.00,6854.00,6978.00,7178.00,7312.00,7477.00,7597.00,7797.00,7963.00,8163.00,8268.00,8382.00,8540.00,8687.00,8887.00,9050.00,9201.00,9302.00,9401.00,9515.00,9597.00,9712.00,9912.00,10112.00,10229.00,10429.00,10624.00,10796.00,10996.00,11159.00,11359.00,11559.00,11759.00,11959.00,12159.00,12359.00,12559.00,12756.00,12858.00,12980.00,13159.00,13341.00,13541.00,13741.00,13853.00,14031.00,14231.00,14431.00,14631.00,14736.00,14841.00,15041.00,15225.00,15414.00,15599.00,15799.00,15999.00,16088.00,16288.00,16384.00,16584.00,16784.00,16984.00,17138.00,17338.00,17538.00,17738.00,17938.00,18138.00,18338.00,18538.00,18654.00,18788.00,18988.00,19188.00,19388.00,19588.00,19788.00,19988.00,20188.00,,,,,,,,,,,,,,,,,,,,,,,,,,,,,,,,,,,,,,,,,,,,,,,,,,,,,,,,,,,,,,,,,,,
23.00,20.00,14.00,24.00,20.00,10.00,25.00,11.00,15.00,19.00,33.00,24.00,15.00,13.00,21.00,12.00,25.00,15.00,43.00,69.00,25.00,35.00,16.00,14.00,55.00,19.00,17.00,32.00,43.00,40.00,12.00,14.00,12.00,35.00,39.00,16.00,55.00,23.00,16.00,21.00,14.00,37.00,38.00,11.00,15.00,36.00,51.00,23.00,43.00,16.00,60.00,9.00,18.00,20.00,20.00,40.00,44.00,21.00,23.00,11.00,24.00,26.00,29.00,84.00,47.00,13.00,14.00,28.00,51.00,33.00,33.00,38.00,80.00,23.00,22.00,45.00,51.00,58.00,24.00,43.00,79.00,26.00,65.00,31.00,32.00,50.00,15.00,33.00,15.00,23.00,36.00,118.00,64.00,68.00,13.00,32.00,48.00,46.00,23.00,45.00,15.00,18.00,57.00,50.00,50.00,47.00,96.00,35.00,60.00,32.00,49.00,56.00,51.00,80.00,36.00,93.00,80.00,84.00,80.00,75.00,48.00,30.00,60.00,49.00,36.00,56.00,125.00,123.00,71.00,80.00,95.00,192.00,102.00,102.00,88.00,88.00,46.00,159.00,86.00,62.00,89.00,144.00,88.00,155.00,183.00,126.00,113.00,200.00,75.00,120.00,96.00,98.00,129.00,146.00,145.00,117.00,92.00,105.00,113.00,200.00,124.00,132.00,118.00,187.00,200.00,113.00,122.00,155.00,100.00,112.00,101.00,131.00,109.00,140.00,200.00,119.00,122.00,200.00,133.00,104.00,141.00,137.00,160.00,157.00,200.00,141.00,155.00,169.00,200.00,147.00,116.00,153.00,183.00,152.00,189.00,156.00,200.00,142.00,200.00,200.00,200.00,200.00,160.00,200.00,200.00,164.00,165.00,200.00,192.00,177.00,179.00,197.00,163.00,200.00,134.00,186.00,139.00,200.00,154.00,200.00,200.00,200.00,200.00,200.00,200.00,200.00,200.00,183.00,200.00,200.00,,,,,,,,,,,,,,,,,,,,,,,,,,,,,,,,,,,,,,,,,,,,,,,,,,,,
23.00,43.00,57.00,81.00,101.00,111.00,136.00,147.00,162.00,181.00,214.00,238.00,253.00,266.00,287.00,299.00,324.00,339.00,382.00,451.00,476.00,511.00,527.00,541.00,596.00,615.00,632.00,664.00,707.00,747.00,759.00,773.00,785.00,820.00,859.00,875.00,930.00,953.00,969.00,990.00,1004.00,1041.00,1079.00,1090.00,1105.00,1141.00,1192.00,1215.00,1258.00,1274.00,1334.00,1343.00,1361.00,1381.00,1401.00,1441.00,1485.00,1506.00,1529.00,1540.00,1564.00,1590.00,1619.00,1703.00,1750.00,1763.00,1777.00,1805.00,1856.00,1889.00,1922.00,1960.00,2040.00,2063.00,2085.00,2130.00,2181.00,2239.00,2263.00,2306.00,2385.00,2411.00,2476.00,2507.00,2539.00,2589.00,2604.00,2637.00,2652.00,2675.00,2711.00,2829.00,2893.00,2961.00,2974.00,3006.00,3054.00,3100.00,3123.00,3168.00,3183.00,3201.00,3258.00,3308.00,3358.00,3405.00,3501.00,3536.00,3596.00,3628.00,3677.00,3733.00,3784.00,3864.00,3900.00,3993.00,4073.00,4157.00,4237.00,4312.00,4360.00,4390.00,4450.00,4499.00,4535.00,4591.00,4716.00,4839.00,4910.00,4990.00,5085.00,5277.00,5379.00,5481.00,5569.00,5657.00,5703.00,5862.00,5948.00,6010.00,6099.00,6243.00,6331.00,6486.00,6669.00,6795.00,6908.00,7108.00,7183.00,7303.00,7399.00,7497.00,7626.00,7772.00,7917.00,8034.00,8126.00,8231.00,8344.00,8544.00,8668.00,8800.00,8918.00,9105.00,9305.00,9418.00,9540.00,9695.00,9795.00,9907.00,10008.00,10139.00,10248.00,10388.00,10588.00,10707.00,10829.00,11029.00,11162.00,11266.00,11407.00,11544.00,11704.00,11861.00,12061.00,12202.00,12357.00,12526.00,12726.00,12873.00,12989.00,13142.00,13325.00,13477.00,13666.00,13822.00,14022.00,14164.00,14364.00,14564.00,14764.00,14964.00,15124.00,15324.00,15524.00,15688.00,15853.00,16053.00,16245.00,16422.00,16601.00,16798.00,16961.00,17161.00,17295.00,17481.00,17620.00,17820.00,17974.00,18174.00,18374.00,18574.00,18774.00,18974.00,19174.00,19374.00,19574.00,19757.00,19957.00,20157.00,,,,,,,,,,,,,,,,,,,,,,,,,,,,,,,,,,,,,,,,,,,,,,,,,,,,
11.00,12.00,12.00,21.00,19.00,12.00,20.00,18.00,21.00,17.00,20.00,14.00,26.00,25.00,13.00,13.00,18.00,18.00,20.00,30.00,14.00,37.00,33.00,15.00,48.00,18.00,37.00,38.00,13.00,12.00,19.00,19.00,21.00,21.00,8.00,13.00,13.00,14.00,21.00,42.00,21.00,19.00,27.00,25.00,21.00,30.00,28.00,20.00,25.00,13.00,34.00,15.00,25.00,11.00,21.00,18.00,22.00,18.00,13.00,12.00,19.00,85.00,69.00,46.00,15.00,11.00,24.00,26.00,20.00,36.00,49.00,21.00,37.00,32.00,43.00,18.00,44.00,17.00,28.00,51.00,25.00,37.00,14.00,14.00,15.00,53.00,15.00,37.00,19.00,14.00,54.00,23.00,12.00,52.00,31.00,117.00,163.00,80.00,40.00,82.00,61.00,73.00,54.00,78.00,96.00,126.00,75.00,127.00,50.00,60.00,83.00,45.00,65.00,132.00,46.00,112.00,121.00,81.00,200.00,109.00,200.00,200.00,200.00,200.00,200.00,200.00,163.00,200.00,193.00,200.00,112.00,149.00,171.00,93.00,171.00,200.00,200.00,200.00,171.00,173.00,195.00,200.00,76.00,200.00,182.00,109.00,159.00,170.00,124.00,187.00,121.00,115.00,123.00,120.00,127.00,200.00,170.00,200.00,135.00,135.00,100.00,200.00,184.00,126.00,170.00,133.00,200.00,110.00,110.00,200.00,116.00,200.00,200.00,196.00,161.00,157.00,137.00,168.00,165.00,157.00,200.00,200.00,165.00,200.00,192.00,126.00,132.00,130.00,164.00,158.00,171.00,116.00,111.00,138.00,176.00,132.00,154.00,180.00,200.00,172.00,167.00,174.00,182.00,200.00,199.00,200.00,138.00,200.00,143.00,150.00,187.00,200.00,200.00,,,,,,,,,,,,,,,,,,,,,,,,,,,,,,,,,,,,,,,,,,,,,,,,,,,,,,,,,,,,,,,,,,,,,
11.00,23.00,35.00,56.00,75.00,87.00,107.00,125.00,146.00,163.00,183.00,197.00,223.00,248.00,261.00,274.00,292.00,310.00,330.00,360.00,374.00,411.00,444.00,459.00,507.00,525.00,562.00,600.00,613.00,625.00,644.00,663.00,684.00,705.00,713.00,726.00,739.00,753.00,774.00,816.00,837.00,856.00,883.00,908.00,929.00,959.00,987.00,1007.00,1032.00,1045.00,1079.00,1094.00,1119.00,1130.00,1151.00,1169.00,1191.00,1209.00,1222.00,1234.00,1253.00,1338.00,1407.00,1453.00,1468.00,1479.00,1503.00,1529.00,1549.00,1585.00,1634.00,1655.00,1692.00,1724.00,1767.00,1785.00,1829.00,1846.00,1874.00,1925.00,1950.00,1987.00,2001.00,2015.00,2030.00,2083.00,2098.00,2135.00,2154.00,2168.00,2222.00,2245.00,2257.00,2309.00,2340.00,2457.00,2620.00,2700.00,2740.00,2822.00,2883.00,2956.00,3010.00,3088.00,3184.00,3310.00,3385.00,3512.00,3562.00,3622.00,3705.00,3750.00,3815.00,3947.00,3993.00,4105.00,4226.00,4307.00,4507.00,4616.00,4816.00,5016.00,5216.00,5416.00,5616.00,5816.00,5979.00,6179.00,6372.00,6572.00,6684.00,6833.00,7004.00,7097.00,7268.00,7468.00,7668.00,7868.00,8039.00,8212.00,8407.00,8607.00,8683.00,8883.00,9065.00,9174.00,9333.00,9503.00,9627.00,9814.00,9935.00,10050.00,10173.00,10293.00,10420.00,10620.00,10790.00,10990.00,11125.00,11260.00,11360.00,11560.00,11744.00,11870.00,12040.00,12173.00,12373.00,12483.00,12593.00,12793.00,12909.00,13109.00,13309.00,13505.00,13666.00,13823.00,13960.00,14128.00,14293.00,14450.00,14650.00,14850.00,15015.00,15215.00,15407.00,15533.00,15665.00,15795.00,15959.00,16117.00,16288.00,16404.00,16515.00,16653.00,16829.00,16961.00,17115.00,17295.00,17495.00,17667.00,17834.00,18008.00,18190.00,18390.00,18589.00,18789.00,18927.00,19127.00,19270.00,19420.00,19607.00,19807.00,20007.00,,,,,,,,,,,,,,,,,,,,,,,,,,,,,,,,,,,,,,,,,,,,,,,,,,,,,,,,,,,,,,,,,,,,,
20.00,32.00,15.00,32.00,31.00,14.00,25.00,34.00,19.00,16.00,26.00,26.00,12.00,24.00,33.00,19.00,16.00,46.00,20.00,12.00,24.00,28.00,10.00,28.00,23.00,25.00,28.00,10.00,28.00,21.00,28.00,93.00,11.00,11.00,51.00,41.00,13.00,29.00,28.00,15.00,25.00,25.00,15.00,28.00,38.00,14.00,31.00,27.00,20.00,13.00,30.00,11.00,20.00,13.00,31.00,19.00,11.00,47.00,32.00,23.00,46.00,43.00,22.00,13.00,13.00,29.00,42.00,15.00,16.00,37.00,65.00,14.00,25.00,42.00,32.00,27.00,17.00,47.00,81.00,19.00,32.00,37.00,30.00,40.00,10.00,22.00,52.00,55.00,20.00,22.00,61.00,50.00,59.00,92.00,24.00,59.00,36.00,23.00,75.00,31.00,69.00,49.00,46.00,105.00,37.00,16.00,67.00,31.00,54.00,44.00,191.00,87.00,127.00,120.00,63.00,73.00,122.00,56.00,75.00,169.00,200.00,45.00,113.00,91.00,153.00,77.00,200.00,157.00,200.00,200.00,200.00,117.00,200.00,164.00,92.00,182.00,200.00,190.00,200.00,78.00,200.00,128.00,118.00,97.00,187.00,174.00,121.00,200.00,200.00,200.00,200.00,200.00,132.00,152.00,200.00,173.00,200.00,123.00,200.00,200.00,185.00,105.00,92.00,200.00,200.00,200.00,200.00,200.00,200.00,200.00,125.00,200.00,108.00,200.00,200.00,200.00,200.00,200.00,200.00,184.00,200.00,112.00,173.00,94.00,112.00,200.00,90.00,200.00,,,,,,,,,,,,,,,,,,,,,,,,,,,,,,,,,,,,,,,,,,,,,,,,,,,,,,,,,,,,,,,,,,,,,,,,,,,,,,,,,,,,,,,,,,,,,,
20.00,52.00,67.00,99.00,130.00,144.00,169.00,203.00,222.00,238.00,264.00,290.00,302.00,326.00,359.00,378.00,394.00,440.00,460.00,472.00,496.00,524.00,534.00,562.00,585.00,610.00,638.00,648.00,676.00,697.00,725.00,818.00,829.00,840.00,891.00,932.00,945.00,974.00,1002.00,1017.00,1042.00,1067.00,1082.00,1110.00,1148.00,1162.00,1193.00,1220.00,1240.00,1253.00,1283.00,1294.00,1314.00,1327.00,1358.00,1377.00,1388.00,1435.00,1467.00,1490.00,1536.00,1579.00,1601.00,1614.00,1627.00,1656.00,1698.00,1713.00,1729.00,1766.00,1831.00,1845.00,1870.00,1912.00,1944.00,1971.00,1988.00,2035.00,2116.00,2135.00,2167.00,2204.00,2234.00,2274.00,2284.00,2306.00,2358.00,2413.00,2433.00,2455.00,2516.00,2566.00,2625.00,2717.00,2741.00,2800.00,2836.00,2859.00,2934.00,2965.00,3034.00,3083.00,3129.00,3234.00,3271.00,3287.00,3354.00,3385.00,3439.00,3483.00,3674.00,3761.00,3888.00,4008.00,4071.00,4144.00,4266.00,4322.00,4397.00,4566.00,4766.00,4811.00,4924.00,5015.00,5168.00,5245.00,5445.00,5602.00,5802.00,6002.00,6202.00,6319.00,6519.00,6683.00,6775.00,6957.00,7157.00,7347.00,7547.00,7625.00,7825.00,7953.00,8071.00,8168.00,8355.00,8529.00,8650.00,8850.00,9050.00,9250.00,9450.00,9650.00,9782.00,9934.00,10134.00,10307.00,10507.00,10630.00,10830.00,11030.00,11215.00,11320.00,11412.00,11612.00,11812.00,12012.00,12212.00,12412.00,12612.00,12812.00,12937.00,13137.00,13245.00,13445.00,13645.00,13845.00,14045.00,14245.00,14445.00,14629.00,14829.00,14941.00,15114.00,15208.00,15320.00,15520.00,15610.00,15810.00,,,,,,,,,,,,,,,,,,,,,,,,,,,,,,,,,,,,,,,,,,,,,,,,,,,,,,,,,,,,,,,,,,,,,,,,,,,,,,,,,,,,,,,,,,,,,,
20.00,25.00,63.00,17.00,26.00,37.00,23.00,26.00,11.00,23.00,24.00,25.00,32.00,19.00,32.00,32.00,12.00,13.00,33.00,18.00,20.00,16.00,16.00,14.00,12.00,13.00,56.00,11.00,22.00,32.00,29.00,62.00,18.00,44.00,16.00,20.00,12.00,28.00,49.00,69.00,10.00,13.00,17.00,21.00,34.00,18.00,27.00,13.00,13.00,10.00,15.00,13.00,17.00,23.00,25.00,32.00,48.00,68.00,26.00,16.00,28.00,22.00,47.00,12.00,17.00,16.00,57.00,18.00,54.00,39.00,41.00,15.00,18.00,26.00,21.00,21.00,17.00,19.00,48.00,9.00,16.00,11.00,37.00,18.00,15.00,15.00,22.00,32.00,22.00,89.00,15.00,32.00,14.00,27.00,52.00,95.00,96.00,40.00,22.00,20.00,30.00,70.00,61.00,31.00,22.00,14.00,97.00,21.00,29.00,15.00,31.00,31.00,99.00,21.00,70.00,19.00,73.00,35.00,174.00,88.00,34.00,47.00,129.00,54.00,58.00,76.00,80.00,75.00,58.00,54.00,82.00,121.00,74.00,51.00,200.00,43.00,39.00,200.00,200.00,73.00,200.00,200.00,134.00,200.00,200.00,98.00,200.00,200.00,200.00,200.00,200.00,200.00,200.00,200.00,200.00,200.00,155.00,200.00,168.00,146.00,200.00,113.00,200.00,200.00,200.00,171.00,153.00,200.00,200.00,200.00,200.00,200.00,200.00,200.00,200.00,200.00,200.00,200.00,200.00,200.00,200.00,200.00,200.00,200.00,200.00,200.00,200.00,161.00,165.00,200.00,200.00,200.00,200.00,117.00,200.00,101.00,200.00,200.00,200.00,200.00,200.00,200.00,195.00,113.00,200.00,93.00,200.00,200.00,200.00,187.00,194.00,130.00,200.00,200.00,200.00,200.00,200.00,200.00,,,,,,,,,,,,,,,,,,,,,,,,,,,,,,,,,,,,,,,,,,,,,,,,,,,,,,,,,,,,,,,,
20.00,45.00,108.00,125.00,151.00,188.00,211.00,237.00,248.00,271.00,295.00,320.00,352.00,371.00,403.00,435.00,447.00,460.00,493.00,511.00,531.00,547.00,563.00,577.00,589.00,602.00,658.00,669.00,691.00,723.00,752.00,814.00,832.00,876.00,892.00,912.00,924.00,952.00,1001.00,1070.00,1080.00,1093.00,1110.00,1131.00,1165.00,1183.00,1210.00,1223.00,1236.00,1246.00,1261.00,1274.00,1291.00,1314.00,1339.00,1371.00,1419.00,1487.00,1513.00,1529.00,1557.00,1579.00,1626.00,1638.00,1655.00,1671.00,1728.00,1746.00,1800.00,1839.00,1880.00,1895.00,1913.00,1939.00,1960.00,1981.00,1998.00,2017.00,2065.00,2074.00,2090.00,2101.00,2138.00,2156.00,2171.00,2186.00,2208.00,2240.00,2262.00,2351.00,2366.00,2398.00,2412.00,2439.00,2491.00,2586.00,2682.00,2722.00,2744.00,2764.00,2794.00,2864.00,2925.00,2956.00,2978.00,2992.00,3089.00,3110.00,3139.00,3154.00,3185.00,3216.00,3315.00,3336.00,3406.00,3425.00,3498.00,3533.00,3707.00,3795.00,3829.00,3876.00,4005.00,4059.00,4117.00,4193.00,4273.00,4348.00,4406.00,4460.00,4542.00,4663.00,4737.00,4788.00,4988.00,5031.00,5070.00,5270.00,5470.00,5543.00,5743.00,5943.00,6077.00,6277.00,6477.00,6575.00,6775.00,6975.00,7175.00,7375.00,7575.00,7775.00,7975.00,8175.00,8375.00,8575.00,8730.00,8930.00,9098.00,9244.00,9444.00,9557.00,9757.00,9957.00,10157.00,10328.00,10481.00,10681.00,10881.00,11081.00,11281.00,11481.00,11681.00,11881.00,12081.00,12281.00,12481.00,12681.00,12881.00,13081.00,13281.00,13481.00,13681.00,13881.00,14081.00,14281.00,14481.00,14642.00,14807.00,15007.00,15207.00,15407.00,15607.00,15724.00,15924.00,16025.00,16225.00,16425.00,16625.00,16825.00,17025.00,17225.00,17420.00,17533.00,17733.00,17826.00,18026.00,18226.00,18426.00,18613.00,18807.00,18937.00,19137.00,19337.00,19537.00,19737.00,19937.00,20137.00,,,,,,,,,,,,,,,,,,,,,,,,,,,,,,,,,,,,,,,,,,,,,,,,,,,,,,,,,,,,,,,,
30.00,19.00,13.00,13.00,11.00,17.00,42.00,9.00,13.00,12.00,11.00,15.00,8.00,27.00,13.00,43.00,37.00,12.00,20.00,16.00,18.00,25.00,14.00,13.00,14.00,28.00,15.00,18.00,42.00,18.00,24.00,13.00,22.00,20.00,18.00,60.00,20.00,15.00,18.00,11.00,13.00,23.00,37.00,59.00,23.00,16.00,34.00,35.00,50.00,36.00,21.00,38.00,17.00,44.00,17.00,20.00,59.00,26.00,63.00,38.00,41.00,24.00,39.00,31.00,59.00,36.00,41.00,27.00,59.00,26.00,50.00,32.00,54.00,43.00,27.00,38.00,20.00,19.00,37.00,35.00,43.00,11.00,17.00,25.00,19.00,24.00,32.00,58.00,21.00,36.00,28.00,40.00,19.00,22.00,49.00,25.00,16.00,24.00,32.00,25.00,67.00,46.00,55.00,92.00,24.00,19.00,15.00,44.00,19.00,46.00,63.00,45.00,55.00,57.00,57.00,74.00,45.00,144.00,108.00,143.00,53.00,108.00,40.00,53.00,55.00,57.00,200.00,103.00,77.00,80.00,108.00,128.00,200.00,200.00,200.00,200.00,200.00,200.00,200.00,200.00,200.00,200.00,200.00,79.00,200.00,79.00,200.00,200.00,200.00,141.00,200.00,200.00,200.00,200.00,200.00,200.00,200.00,134.00,155.00,200.00,200.00,200.00,166.00,200.00,200.00,200.00,200.00,200.00,200.00,200.00,200.00,200.00,200.00,200.00,94.00,128.00,104.00,103.00,200.00,136.00,200.00,200.00,97.00,200.00,137.00,200.00,200.00,175.00,171.00,200.00,103.00,200.00,200.00,145.00,189.00,200.00,200.00,200.00,200.00,124.00,126.00,123.00,200.00,149.00,200.00,200.00,180.00,200.00,200.00,200.00,200.00,200.00,200.00,196.00,149.00,,,,,,,,,,,,,,,,,,,,,,,,,,,,,,,,,,,,,,,,,,,,,,,,,,,,,,,,,,,,,,,,,,,
30.00,49.00,62.00,75.00,86.00,103.00,145.00,154.00,167.00,179.00,190.00,205.00,213.00,240.00,253.00,296.00,333.00,345.00,365.00,381.00,399.00,424.00,438.00,451.00,465.00,493.00,508.00,526.00,568.00,586.00,610.00,623.00,645.00,665.00,683.00,743.00,763.00,778.00,796.00,807.00,820.00,843.00,880.00,939.00,962.00,978.00,1012.00,1047.00,1097.00,1133.00,1154.00,1192.00,1209.00,1253.00,1270.00,1290.00,1349.00,1375.00,1438.00,1476.00,1517.00,1541.00,1580.00,1611.00,1670.00,1706.00,1747.00,1774.00,1833.00,1859.00,1909.00,1941.00,1995.00,2038.00,2065.00,2103.00,2123.00,2142.00,2179.00,2214.00,2257.00,2268.00,2285.00,2310.00,2329.00,2353.00,2385.00,2443.00,2464.00,2500.00,2528.00,2568.00,2587.00,2609.00,2658.00,2683.00,2699.00,2723.00,2755.00,2780.00,2847.00,2893.00,2948.00,3040.00,3064.00,3083.00,3098.00,3142.00,3161.00,3207.00,3270.00,3315.00,3370.00,3427.00,3484.00,3558.00,3603.00,3747.00,3855.00,3998.00,4051.00,4159.00,4199.00,4252.00,4307.00,4364.00,4564.00,4667.00,4744.00,4824.00,4932.00,5060.00,5260.00,5460.00,5660.00,5860.00,6060.00,6260.00,6460.00,6660.00,6860.00,7060.00,7260.00,7339.00,7539.00,7618.00,7818.00,8018.00,8218.00,8359.00,8559.00,8759.00,8959.00,9159.00,9359.00,9559.00,9759.00,9893.00,10048.00,10248.00,10448.00,10648.00,10814.00,11014.00,11214.00,11414.00,11614.00,11814.00,12014.00,12214.00,12414.00,12614.00,12814.00,13014.00,13108.00,13236.00,13340.00,13443.00,13643.00,13779.00,13979.00,14179.00,14276.00,14476.00,14613.00,14813.00,15013.00,15188.00,15359.00,15559.00,15662.00,15862.00,16062.00,16207.00,16396.00,16596.00,16796.00,16996.00,17196.00,17320.00,17446.00,17569.00,17769.00,17918.00,18118.00,18318.00,18498.00,18698.00,18898.00,19098.00,19298.00,19498.00,19698.00,19894.00,20043.00,,,,,,,,,,,,,,,,,,,,,,,,,,,,,,,,,,,,,,,,,,,,,,,,,,,,,,,,,,,,,,,,,,,
36.00,13.00,41.00,30.00,22.00,11.00,29.00,15.00,18.00,10.00,18.00,12.00,41.00,13.00,14.00,12.00,24.00,14.00,25.00,18.00,10.00,23.00,19.00,19.00,14.00,18.00,21.00,30.00,21.00,12.00,22.00,17.00,39.00,16.00,16.00,22.00,12.00,27.00,12.00,11.00,15.00,25.00,23.00,20.00,14.00,33.00,13.00,16.00,23.00,11.00,16.00,24.00,14.00,19.00,44.00,20.00,46.00,12.00,23.00,17.00,27.00,27.00,46.00,17.00,10.00,25.00,44.00,14.00,29.00,22.00,28.00,11.00,33.00,32.00,12.00,28.00,13.00,11.00,27.00,24.00,22.00,12.00,24.00,15.00,50.00,24.00,16.00,15.00,22.00,38.00,36.00,50.00,29.00,40.00,21.00,65.00,49.00,106.00,16.00,40.00,18.00,105.00,35.00,114.00,199.00,63.00,22.00,182.00,133.00,44.00,85.00,24.00,94.00,86.00,38.00,131.00,104.00,80.00,99.00,49.00,165.00,152.00,163.00,97.00,81.00,176.00,137.00,128.00,82.00,54.00,138.00,90.00,69.00,100.00,69.00,67.00,54.00,64.00,64.00,52.00,105.00,89.00,65.00,41.00,115.00,79.00,81.00,59.00,64.00,19.00,99.00,53.00,67.00,60.00,200.00,46.00,61.00,48.00,67.00,71.00,71.00,135.00,72.00,200.00,175.00,158.00,46.00,75.00,200.00,155.00,135.00,88.00,55.00,80.00,80.00,55.00,101.00,160.00,22.00,56.00,93.00,63.00,83.00,96.00,74.00,66.00,57.00,76.00,102.00,59.00,71.00,200.00,78.00,107.00,75.00,67.00,88.00,122.00,53.00,63.00,56.00,57.00,53.00,64.00,79.00,89.00,180.00,57.00,51.00,200.00,200.00,80.00,69.00,49.00,74.00,57.00,200.00,200.00,129.00,121.00,119.00,166.00,136.00,141.00,200.00,101.00,200.00,91.00,132.00,84.00,110.00,200.00,149.00,87.00,88.00,117.00,124.00,106.00,91.00,77.00,87.00,158.00,93.00,90.00,100.00,98.00,87.00,116.00,90.00,100.00,91.00,98.00,128.00,90.00,78.00,92.00,70.00,93.00,99.00,78.00,82.00,81.00,83.00,67.00,200.00,106.00,180.00,120.00,84.00,76.00,90.00,78.00,76.00,80.00,72.00,97.00,139.00,75.00,79.00,78.00,73.00,141.00
36.00,49.00,90.00,120.00,142.00,153.00,182.00,197.00,215.00,225.00,243.00,255.00,296.00,309.00,323.00,335.00,359.00,373.00,398.00,416.00,426.00,449.00,468.00,487.00,501.00,519.00,540.00,570.00,591.00,603.00,625.00,642.00,681.00,697.00,713.00,735.00,747.00,774.00,786.00,797.00,812.00,837.00,860.00,880.00,894.00,927.00,940.00,956.00,979.00,990.00,1006.00,1030.00,1044.00,1063.00,1107.00,1127.00,1173.00,1185.00,1208.00,1225.00,1252.00,1279.00,1325.00,1342.00,1352.00,1377.00,1421.00,1435.00,1464.00,1486.00,1514.00,1525.00,1558.00,1590.00,1602.00,1630.00,1643.00,1654.00,1681.00,1705.00,1727.00,1739.00,1763.00,1778.00,1828.00,1852.00,1868.00,1883.00,1905.00,1943.00,1979.00,2029.00,2058.00,2098.00,2119.00,2184.00,2233.00,2339.00,2355.00,2395.00,2413.00,2518.00,2553.00,2667.00,2866.00,2929.00,2951.00,3133.00,3266.00,3310.00,3395.00,3419.00,3513.00,3599.00,3637.00,3768.00,3872.00,3952.00,4051.00,4100.00,4265.00,4417.00,4580.00,4677.00,4758.00,4934.00,5071.00,5199.00,5281.00,5335.00,5473.00,5563.00,5632.00,5732.00,5801.00,5868.00,5922.00,5986.00,6050.00,6102.00,6207.00,6296.00,6361.00,6402.00,6517.00,6596.00,6677.00,6736.00,6800.00,6819.00,6918.00,6971.00,7038.00,7098.00,7298.00,7344.00,7405.00,7453.00,7520.00,7591.00,7662.00,7797.00,7869.00,8069.00,8244.00,8402.00,8448.00,8523.00,8723.00,8878.00,9013.00,9101.00,9156.00,9236.00,9316.00,9371.00,9472.00,9632.00,9654.00,9710.00,9803.00,9866.00,9949.00,10045.00,10119.00,10185.00,10242.00,10318.00,10420.00,10479.00,10550.00,10750.00,10828.00,10935.00,11010.00,11077.00,11165.00,11287.00,11340.00,11403.00,11459.00,11516.00,11569.00,11633.00,11712.00,11801.00,11981.00,12038.00,12089.00,12289.00,12489.00,12569.00,12638.00,12687.00,12761.00,12818.00,13018.00,13218.00,13347.00,13468.00,13587.00,13753.00,13889.00,14030.00,14230.00,14331.00,14531.00,14622.00,14754.00,14838.00,14948.00,15148.00,15297.00,15384.00,15472.00,15589.00,15713.00,15819.00,15910.00,15987.00,16074.00,16232.00,16325.00,16415.00,16515.00,16613.00,16700.00,16816.00,16906.00,17006.00,17097.00,17195.00,17323.00,17413.00,17491.00,17583.00,17653.00,17746.00,17845.00,17923.00,18005.00,18086.00,18169.00,18236.00,18436.00,18542.00,18722.00,18842.00,18926.00,19002.00,19092.00,19170.00,19246.00,19326.00,19398.00,19495.00,19634.00,19709.00,19788.00,19866.00,19939.00,20080.00
39.00,13.00,12.00,14.00,15.00,31.00,41.00,25.00,21.00,24.00,19.00,14.00,15.00,28.00,18.00,18.00,16.00,17.00,15.00,24.00,21.00,9.00,13.00,49.00,16.00,28.00,21.00,17.00,19.00,57.00,27.00,12.00,80.00,14.00,9.00,69.00,13.00,31.00,17.00,20.00,18.00,31.00,31.00,25.00,31.00,12.00,15.00,26.00,21.00,15.00,57.00,19.00,24.00,34.00,12.00,28.00,20.00,14.00,60.00,46.00,17.00,28.00,16.00,19.00,22.00,27.00,42.00,62.00,24.00,35.00,50.00,10.00,46.00,27.00,32.00,53.00,41.00,31.00,23.00,29.00,25.00,51.00,46.00,29.00,30.00,46.00,46.00,18.00,85.00,65.00,25.00,35.00,25.00,121.00,48.00,52.00,47.00,112.00,103.00,90.00,38.00,60.00,66.00,74.00,85.00,38.00,28.00,56.00,36.00,70.00,65.00,36.00,34.00,27.00,84.00,64.00,58.00,65.00,44.00,80.00,35.00,78.00,113.00,84.00,45.00,91.00,21.00,81.00,107.00,61.00,144.00,185.00,200.00,200.00,200.00,200.00,200.00,200.00,150.00,200.00,200.00,191.00,83.00,161.00,200.00,200.00,168.00,200.00,200.00,200.00,200.00,200.00,175.00,200.00,200.00,200.00,200.00,200.00,195.00,200.00,200.00,200.00,200.00,200.00,200.00,200.00,200.00,200.00,200.00,200.00,200.00,200.00,200.00,200.00,200.00,200.00,187.00,200.00,200.00,200.00,200.00,200.00,200.00,200.00,200.00,200.00,200.00,200.00,200.00,200.00,200.00,200.00,200.00,200.00,200.00,200.00,200.00,200.00,200.00,200.00,200.00,200.00,200.00,200.00,200.00,200.00,200.00,,,,,,,,,,,,,,,,,,,,,,,,,,,,,,,,,,,,,,,,,,,,,,,,,,,,,,,,,,,,,,,,,,,,,,,,,,,
39.00,52.00,64.00,78.00,93.00,124.00,165.00,190.00,211.00,235.00,254.00,268.00,283.00,311.00,329.00,347.00,363.00,380.00,395.00,419.00,440.00,449.00,462.00,511.00,527.00,555.00,576.00,593.00,612.00,669.00,696.00,708.00,788.00,802.00,811.00,880.00,893.00,924.00,941.00,961.00,979.00,1010.00,1041.00,1066.00,1097.00,1109.00,1124.00,1150.00,1171.00,1186.00,1243.00,1262.00,1286.00,1320.00,1332.00,1360.00,1380.00,1394.00,1454.00,1500.00,1517.00,1545.00,1561.00,1580.00,1602.00,1629.00,1671.00,1733.00,1757.00,1792.00,1842.00,1852.00,1898.00,1925.00,1957.00,2010.00,2051.00,2082.00,2105.00,2134.00,2159.00,2210.00,2256.00,2285.00,2315.00,2361.00,2407.00,2425.00,2510.00,2575.00,2600.00,2635.00,2660.00,2781.00,2829.00,2881.00,2928.00,3040.00,3143.00,3233.00,3271.00,3331.00,3397.00,3471.00,3556.00,3594.00,3622.00,3678.00,3714.00,3784.00,3849.00,3885.00,3919.00,3946.00,4030.00,4094.00,4152.00,4217.00,4261.00,4341.00,4376.00,4454.00,4567.00,4651.00,4696.00,4787.00,4808.00,4889.00,4996.00,5057.00,5201.00,5386.00,5586.00,5786.00,5986.00,6186.00,6386.00,6586.00,6736.00,6936.00,7136.00,7327.00,7410.00,7571.00,7771.00,7971.00,8139.00,8339.00,8539.00,8739.00,8939.00,9139.00,9314.00,9514.00,9714.00,9914.00,10114.00,10314.00,10509.00,10709.00,10909.00,11109.00,11309.00,11509.00,11709.00,11909.00,12109.00,12309.00,12509.00,12709.00,12909.00,13109.00,13309.00,13509.00,13709.00,13909.00,14096.00,14296.00,14496.00,14696.00,14896.00,15096.00,15296.00,15496.00,15696.00,15896.00,16096.00,16296.00,16496.00,16696.00,16896.00,17096.00,17296.00,17496.00,17696.00,17896.00,18096.00,18296.00,18496.00,18696.00,18896.00,19096.00,19296.00,19496.00,19696.00,19896.00,20096.00,,,,,,,,,,,,,,,,,,,,,,,,,,,,,,,,,,,,,,,,,,,,,,,,,,,,,,,,,,,,,,,,,,,,,,,,,,,
35.00,13.00,25.00,20.00,29.00,30.00,25.00,44.00,29.00,34.00,14.00,45.00,19.00,18.00,25.00,22.00,23.00,24.00,18.00,8.00,18.00,17.00,17.00,44.00,13.00,61.00,17.00,25.00,15.00,45.00,31.00,28.00,13.00,60.00,15.00,21.00,48.00,13.00,13.00,63.00,10.00,19.00,12.00,20.00,26.00,18.00,29.00,11.00,20.00,12.00,19.00,28.00,16.00,15.00,21.00,35.00,30.00,26.00,22.00,25.00,20.00,36.00,26.00,69.00,69.00,88.00,52.00,28.00,12.00,27.00,57.00,21.00,18.00,24.00,18.00,16.00,30.00,17.00,21.00,24.00,59.00,20.00,27.00,20.00,28.00,58.00,39.00,10.00,28.00,49.00,58.00,88.00,29.00,110.00,18.00,54.00,19.00,23.00,32.00,74.00,108.00,55.00,28.00,51.00,42.00,47.00,59.00,86.00,80.00,86.00,43.00,165.00,16.00,35.00,42.00,58.00,60.00,161.00,43.00,23.00,46.00,54.00,156.00,76.00,71.00,54.00,121.00,185.00,163.00,183.00,200.00,109.00,147.00,141.00,134.00,123.00,152.00,92.00,81.00,99.00,119.00,164.00,117.00,200.00,98.00,131.00,132.00,113.00,146.00,128.00,174.00,105.00,113.00,200.00,200.00,107.00,200.00,105.00,121.00,112.00,154.00,113.00,200.00,200.00,200.00,200.00,200.00,200.00,200.00,200.00,200.00,105.00,171.00,116.00,140.00,110.00,102.00,99.00,195.00,200.00,113.00,128.00,166.00,97.00,154.00,200.00,200.00,121.00,197.00,192.00,200.00,200.00,200.00,108.00,200.00,200.00,130.00,200.00,200.00,200.00,197.00,200.00,200.00,200.00,200.00,163.00,200.00,200.00,200.00,116.00,200.00,146.00,200.00,200.00,200.00,132.00,200.00,146.00,133.00,200.00,200.00,,,,,,,,,,,,,,,,,,,,,,,,,,,,,,,,,,,,,,,,,,,,,,,,,,,,,,,,,,,,,
35.00,48.00,73.00,93.00,122.00,152.00,177.00,221.00,250.00,284.00,298.00,343.00,362.00,380.00,405.00,427.00,450.00,474.00,492.00,500.00,518.00,535.00,552.00,596.00,609.00,670.00,687.00,712.00,727.00,772.00,803.00,831.00,844.00,904.00,919.00,940.00,988.00,1001.00,1014.00,1077.00,1087.00,1106.00,1118.00,1138.00,1164.00,1182.00,1211.00,1222.00,1242.00,1254.00,1273.00,1301.00,1317.00,1332.00,1353.00,1388.00,1418.00,1444.00,1466.00,1491.00,1511.00,1547.00,1573.00,1642.00,1711.00,1799.00,1851.00,1879.00,1891.00,1918.00,1975.00,1996.00,2014.00,2038.00,2056.00,2072.00,2102.00,2119.00,2140.00,2164.00,2223.00,2243.00,2270.00,2290.00,2318.00,2376.00,2415.00,2425.00,2453.00,2502.00,2560.00,2648.00,2677.00,2787.00,2805.00,2859.00,2878.00,2901.00,2933.00,3007.00,3115.00,3170.00,3198.00,3249.00,3291.00,3338.00,3397.00,3483.00,3563.00,3649.00,3692.00,3857.00,3873.00,3908.00,3950.00,4008.00,4068.00,4229.00,4272.00,4295.00,4341.00,4395.00,4551.00,4627.00,4698.00,4752.00,4873.00,5058.00,5221.00,5404.00,5604.00,5713.00,5860.00,6001.00,6135.00,6258.00,6410.00,6502.00,6583.00,6682.00,6801.00,6965.00,7082.00,7282.00,7380.00,7511.00,7643.00,7756.00,7902.00,8030.00,8204.00,8309.00,8422.00,8622.00,8822.00,8929.00,9129.00,9234.00,9355.00,9467.00,9621.00,9734.00,9934.00,10134.00,10334.00,10534.00,10734.00,10934.00,11134.00,11334.00,11534.00,11639.00,11810.00,11926.00,12066.00,12176.00,12278.00,12377.00,12572.00,12772.00,12885.00,13013.00,13179.00,13276.00,13430.00,13630.00,13830.00,13951.00,14148.00,14340.00,14540.00,14740.00,14940.00,15048.00,15248.00,15448.00,15578.00,15778.00,15978.00,16178.00,16375.00,16575.00,16775.00,16975.00,17175.00,17338.00,17538.00,17738.00,17938.00,18054.00,18254.00,18400.00,18600.00,18800.00,19000.00,19132.00,19332.00,19478.00,19611.00,19811.00,20011.00,,,,,,,,,,,,,,,,,,,,,,,,,,,,,,,,,,,,,,,,,,,,,,,,,,,,,,,,,,,,,
20.00,25.00,63.00,17.00,26.00,37.00,23.00,26.00,11.00,23.00,24.00,25.00,32.00,19.00,32.00,32.00,12.00,13.00,33.00,18.00,20.00,16.00,16.00,14.00,12.00,13.00,56.00,11.00,22.00,32.00,29.00,62.00,18.00,44.00,16.00,20.00,12.00,28.00,49.00,69.00,10.00,13.00,17.00,21.00,34.00,18.00,27.00,13.00,13.00,10.00,15.00,13.00,17.00,23.00,25.00,32.00,48.00,68.00,26.00,16.00,28.00,22.00,47.00,12.00,17.00,16.00,57.00,18.00,54.00,39.00,41.00,15.00,18.00,26.00,21.00,21.00,17.00,19.00,48.00,9.00,16.00,11.00,37.00,18.00,15.00,15.00,22.00,32.00,22.00,89.00,15.00,32.00,14.00,27.00,52.00,95.00,96.00,40.00,22.00,20.00,30.00,70.00,61.00,31.00,22.00,14.00,97.00,21.00,29.00,15.00,31.00,31.00,99.00,21.00,70.00,19.00,73.00,35.00,174.00,88.00,34.00,47.00,129.00,54.00,58.00,76.00,80.00,75.00,58.00,54.00,82.00,121.00,74.00,51.00,200.00,43.00,39.00,200.00,200.00,73.00,200.00,200.00,134.00,200.00,200.00,98.00,200.00,200.00,200.00,200.00,200.00,200.00,200.00,200.00,200.00,200.00,155.00,200.00,168.00,146.00,200.00,113.00,200.00,200.00,200.00,171.00,153.00,200.00,200.00,200.00,200.00,200.00,200.00,200.00,200.00,200.00,200.00,200.00,200.00,200.00,200.00,200.00,200.00,200.00,200.00,200.00,200.00,161.00,165.00,200.00,200.00,200.00,200.00,117.00,200.00,101.00,200.00,200.00,200.00,200.00,200.00,200.00,195.00,113.00,200.00,93.00,200.00,200.00,200.00,187.00,194.00,130.00,200.00,200.00,200.00,200.00,200.00,200.00,,,,,,,,,,,,,,,,,,,,,,,,,,,,,,,,,,,,,,,,,,,,,,,,,,,,,,,,,,,,,,,,
20.00,45.00,108.00,125.00,151.00,188.00,211.00,237.00,248.00,271.00,295.00,320.00,352.00,371.00,403.00,435.00,447.00,460.00,493.00,511.00,531.00,547.00,563.00,577.00,589.00,602.00,658.00,669.00,691.00,723.00,752.00,814.00,832.00,876.00,892.00,912.00,924.00,952.00,1001.00,1070.00,1080.00,1093.00,1110.00,1131.00,1165.00,1183.00,1210.00,1223.00,1236.00,1246.00,1261.00,1274.00,1291.00,1314.00,1339.00,1371.00,1419.00,1487.00,1513.00,1529.00,1557.00,1579.00,1626.00,1638.00,1655.00,1671.00,1728.00,1746.00,1800.00,1839.00,1880.00,1895.00,1913.00,1939.00,1960.00,1981.00,1998.00,2017.00,2065.00,2074.00,2090.00,2101.00,2138.00,2156.00,2171.00,2186.00,2208.00,2240.00,2262.00,2351.00,2366.00,2398.00,2412.00,2439.00,2491.00,2586.00,2682.00,2722.00,2744.00,2764.00,2794.00,2864.00,2925.00,2956.00,2978.00,2992.00,3089.00,3110.00,3139.00,3154.00,3185.00,3216.00,3315.00,3336.00,3406.00,3425.00,3498.00,3533.00,3707.00,3795.00,3829.00,3876.00,4005.00,4059.00,4117.00,4193.00,4273.00,4348.00,4406.00,4460.00,4542.00,4663.00,4737.00,4788.00,4988.00,5031.00,5070.00,5270.00,5470.00,5543.00,5743.00,5943.00,6077.00,6277.00,6477.00,6575.00,6775.00,6975.00,7175.00,7375.00,7575.00,7775.00,7975.00,8175.00,8375.00,8575.00,8730.00,8930.00,9098.00,9244.00,9444.00,9557.00,9757.00,9957.00,10157.00,10328.00,10481.00,10681.00,10881.00,11081.00,11281.00,11481.00,11681.00,11881.00,12081.00,12281.00,12481.00,12681.00,12881.00,13081.00,13281.00,13481.00,13681.00,13881.00,14081.00,14281.00,14481.00,14642.00,14807.00,15007.00,15207.00,15407.00,15607.00,15724.00,15924.00,16025.00,16225.00,16425.00,16625.00,16825.00,17025.00,17225.00,17420.00,17533.00,17733.00,17826.00,18026.00,18226.00,18426.00,18613.00,18807.00,18937.00,19137.00,19337.00,19537.00,19737.00,19937.00,20137.00,,,,,,,,,,,,,,,,,,,,,,,,,,,,,,,,,,,,,,,,,,,,,,,,,,,,,,,,,,,,,,,,
30.00,19.00,13.00,13.00,11.00,17.00,42.00,9.00,13.00,12.00,11.00,15.00,8.00,27.00,13.00,43.00,37.00,12.00,20.00,16.00,18.00,25.00,14.00,13.00,14.00,28.00,15.00,18.00,42.00,18.00,24.00,13.00,22.00,20.00,18.00,60.00,20.00,15.00,18.00,11.00,13.00,23.00,37.00,59.00,23.00,16.00,34.00,35.00,50.00,36.00,21.00,38.00,17.00,44.00,17.00,20.00,59.00,26.00,63.00,38.00,41.00,24.00,39.00,31.00,59.00,36.00,41.00,27.00,59.00,26.00,50.00,32.00,54.00,43.00,27.00,38.00,20.00,19.00,37.00,35.00,43.00,11.00,17.00,25.00,19.00,24.00,32.00,58.00,21.00,36.00,28.00,40.00,19.00,22.00,49.00,25.00,16.00,24.00,32.00,25.00,67.00,46.00,55.00,92.00,24.00,19.00,15.00,44.00,19.00,46.00,63.00,45.00,55.00,57.00,57.00,74.00,45.00,144.00,108.00,143.00,53.00,108.00,40.00,53.00,55.00,57.00,200.00,103.00,77.00,80.00,108.00,128.00,200.00,200.00,200.00,200.00,200.00,200.00,200.00,200.00,200.00,200.00,200.00,79.00,200.00,79.00,200.00,200.00,200.00,141.00,200.00,200.00,200.00,200.00,200.00,200.00,200.00,134.00,155.00,200.00,200.00,200.00,166.00,200.00,200.00,200.00,200.00,200.00,200.00,200.00,200.00,200.00,200.00,200.00,94.00,128.00,104.00,103.00,200.00,136.00,200.00,200.00,97.00,200.00,137.00,200.00,200.00,175.00,171.00,200.00,103.00,200.00,200.00,145.00,189.00,200.00,200.00,200.00,200.00,124.00,126.00,123.00,200.00,149.00,200.00,200.00,180.00,200.00,200.00,200.00,200.00,200.00,200.00,196.00,149.00,,,,,,,,,,,,,,,,,,,,,,,,,,,,,,,,,,,,,,,,,,,,,,,,,,,,,,,,,,,,,,,,,,,
30.00,49.00,62.00,75.00,86.00,103.00,145.00,154.00,167.00,179.00,190.00,205.00,213.00,240.00,253.00,296.00,333.00,345.00,365.00,381.00,399.00,424.00,438.00,451.00,465.00,493.00,508.00,526.00,568.00,586.00,610.00,623.00,645.00,665.00,683.00,743.00,763.00,778.00,796.00,807.00,820.00,843.00,880.00,939.00,962.00,978.00,1012.00,1047.00,1097.00,1133.00,1154.00,1192.00,1209.00,1253.00,1270.00,1290.00,1349.00,1375.00,1438.00,1476.00,1517.00,1541.00,1580.00,1611.00,1670.00,1706.00,1747.00,1774.00,1833.00,1859.00,1909.00,1941.00,1995.00,2038.00,2065.00,2103.00,2123.00,2142.00,2179.00,2214.00,2257.00,2268.00,2285.00,2310.00,2329.00,2353.00,2385.00,2443.00,2464.00,2500.00,2528.00,2568.00,2587.00,2609.00,2658.00,2683.00,2699.00,2723.00,2755.00,2780.00,2847.00,2893.00,2948.00,3040.00,3064.00,3083.00,3098.00,3142.00,3161.00,3207.00,3270.00,3315.00,3370.00,3427.00,3484.00,3558.00,3603.00,3747.00,3855.00,3998.00,4051.00,4159.00,4199.00,4252.00,4307.00,4364.00,4564.00,4667.00,4744.00,4824.00,4932.00,5060.00,5260.00,5460.00,5660.00,5860.00,6060.00,6260.00,6460.00,6660.00,6860.00,7060.00,7260.00,7339.00,7539.00,7618.00,7818.00,8018.00,8218.00,8359.00,8559.00,8759.00,8959.00,9159.00,9359.00,9559.00,9759.00,9893.00,10048.00,10248.00,10448.00,10648.00,10814.00,11014.00,11214.00,11414.00,11614.00,11814.00,12014.00,12214.00,12414.00,12614.00,12814.00,13014.00,13108.00,13236.00,13340.00,13443.00,13643.00,13779.00,13979.00,14179.00,14276.00,14476.00,14613.00,14813.00,15013.00,15188.00,15359.00,15559.00,15662.00,15862.00,16062.00,16207.00,16396.00,16596.00,16796.00,16996.00,17196.00,17320.00,17446.00,17569.00,17769.00,17918.00,18118.00,18318.00,18498.00,18698.00,18898.00,19098.00,19298.00,19498.00,19698.00,19894.00,20043.00,,,,,,,,,,,,,,,,,,,,,,,,,,,,,,,,,,,,,,,,,,,,,,,,,,,,,,,,,,,,,,,,,,,
36.00,13.00,41.00,30.00,22.00,11.00,29.00,15.00,18.00,10.00,18.00,12.00,41.00,13.00,14.00,12.00,24.00,14.00,25.00,18.00,10.00,23.00,19.00,19.00,14.00,18.00,21.00,30.00,21.00,12.00,22.00,17.00,39.00,16.00,16.00,22.00,12.00,27.00,12.00,11.00,15.00,25.00,23.00,20.00,14.00,33.00,13.00,16.00,23.00,11.00,16.00,24.00,14.00,19.00,44.00,20.00,46.00,12.00,23.00,17.00,27.00,27.00,46.00,17.00,10.00,25.00,44.00,14.00,29.00,22.00,28.00,11.00,33.00,32.00,12.00,28.00,13.00,11.00,27.00,24.00,22.00,12.00,24.00,15.00,50.00,24.00,16.00,15.00,22.00,38.00,36.00,50.00,29.00,40.00,21.00,65.00,49.00,106.00,16.00,40.00,18.00,105.00,35.00,114.00,199.00,63.00,22.00,182.00,133.00,44.00,85.00,24.00,94.00,86.00,38.00,131.00,104.00,80.00,99.00,49.00,165.00,152.00,163.00,97.00,81.00,176.00,137.00,128.00,82.00,54.00,138.00,90.00,69.00,100.00,69.00,67.00,54.00,64.00,64.00,52.00,105.00,89.00,65.00,41.00,115.00,79.00,81.00,59.00,64.00,19.00,99.00,53.00,67.00,60.00,200.00,46.00,61.00,48.00,67.00,71.00,71.00,135.00,72.00,200.00,175.00,158.00,46.00,75.00,200.00,155.00,135.00,88.00,55.00,80.00,80.00,55.00,101.00,160.00,22.00,56.00,93.00,63.00,83.00,96.00,74.00,66.00,57.00,76.00,102.00,59.00,71.00,200.00,78.00,107.00,75.00,67.00,88.00,122.00,53.00,63.00,56.00,57.00,53.00,64.00,79.00,89.00,180.00,57.00,51.00,200.00,200.00,80.00,69.00,49.00,74.00,57.00,200.00,200.00,129.00,121.00,119.00,166.00,136.00,141.00,200.00,101.00,200.00,91.00,132.00,84.00,110.00,200.00,149.00,87.00,88.00,117.00,124.00,106.00,91.00,77.00,87.00,158.00,93.00,90.00,100.00,98.00,87.00,116.00,90.00,100.00,91.00,98.00,128.00,90.00,78.00,92.00,70.00,93.00,99.00,78.00,82.00,81.00,83.00,67.00,200.00,106.00,180.00,120.00,84.00,76.00,90.00,78.00,76.00,80.00,72.00,97.00,139.00,75.00,79.00,78.00,73.00,141.00
36.00,49.00,90.00,120.00,142.00,153.00,182.00,197.00,215.00,225.00,243.00,255.00,296.00,309.00,323.00,335.00,359.00,373.00,398.00,416.00,426.00,449.00,468.00,487.00,501.00,519.00,540.00,570.00,591.00,603.00,625.00,642.00,681.00,697.00,713.00,735.00,747.00,774.00,786.00,797.00,812.00,837.00,860.00,880.00,894.00,927.00,940.00,956.00,979.00,990.00,1006.00,1030.00,1044.00,1063.00,1107.00,1127.00,1173.00,1185.00,1208.00,1225.00,1252.00,1279.00,1325.00,1342.00,1352.00,1377.00,1421.00,1435.00,1464.00,1486.00,1514.00,1525.00,1558.00,1590.00,1602.00,1630.00,1643.00,1654.00,1681.00,1705.00,1727.00,1739.00,1763.00,1778.00,1828.00,1852.00,1868.00,1883.00,1905.00,1943.00,1979.00,2029.00,2058.00,2098.00,2119.00,2184.00,2233.00,2339.00,2355.00,2395.00,2413.00,2518.00,2553.00,2667.00,2866.00,2929.00,2951.00,3133.00,3266.00,3310.00,3395.00,3419.00,3513.00,3599.00,3637.00,3768.00,3872.00,3952.00,4051.00,4100.00,4265.00,4417.00,4580.00,4677.00,4758.00,4934.00,5071.00,5199.00,5281.00,5335.00,5473.00,5563.00,5632.00,5732.00,5801.00,5868.00,5922.00,5986.00,6050.00,6102.00,6207.00,6296.00,6361.00,6402.00,6517.00,6596.00,6677.00,6736.00,6800.00,6819.00,6918.00,6971.00,7038.00,7098.00,7298.00,7344.00,7405.00,7453.00,7520.00,7591.00,7662.00,7797.00,7869.00,8069.00,8244.00,8402.00,8448.00,8523.00,8723.00,8878.00,9013.00,9101.00,9156.00,9236.00,9316.00,9371.00,9472.00,9632.00,9654.00,9710.00,9803.00,9866.00,9949.00,10045.00,10119.00,10185.00,10242.00,10318.00,10420.00,10479.00,10550.00,10750.00,10828.00,10935.00,11010.00,11077.00,11165.00,11287.00,11340.00,11403.00,11459.00,11516.00,11569.00,11633.00,11712.00,11801.00,11981.00,12038.00,12089.00,12289.00,12489.00,12569.00,12638.00,12687.00,12761.00,12818.00,13018.00,13218.00,13347.00,13468.00,13587.00,13753.00,13889.00,14030.00,14230.00,14331.00,14531.00,14622.00,14754.00,14838.00,14948.00,15148.00,15297.00,15384.00,15472.00,15589.00,15713.00,15819.00,15910.00,15987.00,16074.00,16232.00,16325.00,16415.00,16515.00,16613.00,16700.00,16816.00,16906.00,17006.00,17097.00,17195.00,17323.00,17413.00,17491.00,17583.00,17653.00,17746.00,17845.00,17923.00,18005.00,18086.00,18169.00,18236.00,18436.00,18542.00,18722.00,18842.00,18926.00,19002.00,19092.00,19170.00,19246.00,19326.00,19398.00,19495.00,19634.00,19709.00,19788.00,19866.00,19939.00,20080.00
39.00,13.00,12.00,14.00,15.00,31.00,41.00,25.00,21.00,24.00,19.00,14.00,15.00,28.00,18.00,18.00,16.00,17.00,15.00,24.00,21.00,9.00,13.00,49.00,16.00,28.00,21.00,17.00,19.00,57.00,27.00,12.00,80.00,14.00,9.00,69.00,13.00,31.00,17.00,20.00,18.00,31.00,31.00,25.00,31.00,12.00,15.00,26.00,21.00,15.00,57.00,19.00,24.00,34.00,12.00,28.00,20.00,14.00,60.00,46.00,17.00,28.00,16.00,19.00,22.00,27.00,42.00,62.00,24.00,35.00,50.00,10.00,46.00,27.00,32.00,53.00,41.00,31.00,23.00,29.00,25.00,51.00,46.00,29.00,30.00,46.00,46.00,18.00,85.00,65.00,25.00,35.00,25.00,121.00,48.00,52.00,47.00,112.00,103.00,90.00,38.00,60.00,66.00,74.00,85.00,38.00,28.00,56.00,36.00,70.00,65.00,36.00,34.00,27.00,84.00,64.00,58.00,65.00,44.00,80.00,35.00,78.00,113.00,84.00,45.00,91.00,21.00,81.00,107.00,61.00,144.00,185.00,200.00,200.00,200.00,200.00,200.00,200.00,150.00,200.00,200.00,191.00,83.00,161.00,200.00,200.00,168.00,200.00,200.00,200.00,200.00,200.00,175.00,200.00,200.00,200.00,200.00,200.00,195.00,200.00,200.00,200.00,200.00,200.00,200.00,200.00,200.00,200.00,200.00,200.00,200.00,200.00,200.00,200.00,200.00,200.00,187.00,200.00,200.00,200.00,200.00,200.00,200.00,200.00,200.00,200.00,200.00,200.00,200.00,200.00,200.00,200.00,200.00,200.00,200.00,200.00,200.00,200.00,200.00,200.00,200.00,200.00,200.00,200.00,200.00,200.00,200.00,,,,,,,,,,,,,,,,,,,,,,,,,,,,,,,,,,,,,,,,,,,,,,,,,,,,,,,,,,,,,,,,,,,,,,,,,,,
39.00,52.00,64.00,78.00,93.00,124.00,165.00,190.00,211.00,235.00,254.00,268.00,283.00,311.00,329.00,347.00,363.00,380.00,395.00,419.00,440.00,449.00,462.00,511.00,527.00,555.00,576.00,593.00,612.00,669.00,696.00,708.00,788.00,802.00,811.00,880.00,893.00,924.00,941.00,961.00,979.00,1010.00,1041.00,1066.00,1097.00,1109.00,1124.00,1150.00,1171.00,1186.00,1243.00,1262.00,1286.00,1320.00,1332.00,1360.00,1380.00,1394.00,1454.00,1500.00,1517.00,1545.00,1561.00,1580.00,1602.00,1629.00,1671.00,1733.00,1757.00,1792.00,1842.00,1852.00,1898.00,1925.00,1957.00,2010.00,2051.00,2082.00,2105.00,2134.00,2159.00,2210.00,2256.00,2285.00,2315.00,2361.00,2407.00,2425.00,2510.00,2575.00,2600.00,2635.00,2660.00,2781.00,2829.00,2881.00,2928.00,3040.00,3143.00,3233.00,3271.00,3331.00,3397.00,3471.00,3556.00,3594.00,3622.00,3678.00,3714.00,3784.00,3849.00,3885.00,3919.00,3946.00,4030.00,4094.00,4152.00,4217.00,4261.00,4341.00,4376.00,4454.00,4567.00,4651.00,4696.00,4787.00,4808.00,4889.00,4996.00,5057.00,5201.00,5386.00,5586.00,5786.00,5986.00,6186.00,6386.00,6586.00,6736.00,6936.00,7136.00,7327.00,7410.00,7571.00,7771.00,7971.00,8139.00,8339.00,8539.00,8739.00,8939.00,9139.00,9314.00,9514.00,9714.00,9914.00,10114.00,10314.00,10509.00,10709.00,10909.00,11109.00,11309.00,11509.00,11709.00,11909.00,12109.00,12309.00,12509.00,12709.00,12909.00,13109.00,13309.00,13509.00,13709.00,13909.00,14096.00,14296.00,14496.00,14696.00,14896.00,15096.00,15296.00,15496.00,15696.00,15896.00,16096.00,16296.00,16496.00,16696.00,16896.00,17096.00,17296.00,17496.00,17696.00,17896.00,18096.00,18296.00,18496.00,18696.00,18896.00,19096.00,19296.00,19496.00,19696.00,19896.00,20096.00,,,,,,,,,,,,,,,,,,,,,,,,,,,,,,,,,,,,,,,,,,,,,,,,,,,,,,,,,,,,,,,,,,,,,,,,,,,
35.00,13.00,25.00,20.00,29.00,30.00,25.00,44.00,29.00,34.00,14.00,45.00,19.00,18.00,25.00,22.00,23.00,24.00,18.00,8.00,18.00,17.00,17.00,44.00,13.00,61.00,17.00,25.00,15.00,45.00,31.00,28.00,13.00,60.00,15.00,21.00,48.00,13.00,13.00,63.00,10.00,19.00,12.00,20.00,26.00,18.00,29.00,11.00,20.00,12.00,19.00,28.00,16.00,15.00,21.00,35.00,30.00,26.00,22.00,25.00,20.00,36.00,26.00,69.00,69.00,88.00,52.00,28.00,12.00,27.00,57.00,21.00,18.00,24.00,18.00,16.00,30.00,17.00,21.00,24.00,59.00,20.00,27.00,20.00,28.00,58.00,39.00,10.00,28.00,49.00,58.00,88.00,29.00,110.00,18.00,54.00,19.00,23.00,32.00,74.00,108.00,55.00,28.00,51.00,42.00,47.00,59.00,86.00,80.00,86.00,43.00,165.00,16.00,35.00,42.00,58.00,60.00,161.00,43.00,23.00,46.00,54.00,156.00,76.00,71.00,54.00,121.00,185.00,163.00,183.00,200.00,109.00,147.00,141.00,134.00,123.00,152.00,92.00,81.00,99.00,119.00,164.00,117.00,200.00,98.00,131.00,132.00,113.00,146.00,128.00,174.00,105.00,113.00,200.00,200.00,107.00,200.00,105.00,121.00,112.00,154.00,113.00,200.00,200.00,200.00,200.00,200.00,200.00,200.00,200.00,200.00,105.00,171.00,116.00,140.00,110.00,102.00,99.00,195.00,200.00,113.00,128.00,166.00,97.00,154.00,200.00,200.00,121.00,197.00,192.00,200.00,200.00,200.00,108.00,200.00,200.00,130.00,200.00,200.00,200.00,197.00,200.00,200.00,200.00,200.00,163.00,200.00,200.00,200.00,116.00,200.00,146.00,200.00,200.00,200.00,132.00,200.00,146.00,133.00,200.00,200.00,,,,,,,,,,,,,,,,,,,,,,,,,,,,,,,,,,,,,,,,,,,,,,,,,,,,,,,,,,,,,
35.00,48.00,73.00,93.00,122.00,152.00,177.00,221.00,250.00,284.00,298.00,343.00,362.00,380.00,405.00,427.00,450.00,474.00,492.00,500.00,518.00,535.00,552.00,596.00,609.00,670.00,687.00,712.00,727.00,772.00,803.00,831.00,844.00,904.00,919.00,940.00,988.00,1001.00,1014.00,1077.00,1087.00,1106.00,1118.00,1138.00,1164.00,1182.00,1211.00,1222.00,1242.00,1254.00,1273.00,1301.00,1317.00,1332.00,1353.00,1388.00,1418.00,1444.00,1466.00,1491.00,1511.00,1547.00,1573.00,1642.00,1711.00,1799.00,1851.00,1879.00,1891.00,1918.00,1975.00,1996.00,2014.00,2038.00,2056.00,2072.00,2102.00,2119.00,2140.00,2164.00,2223.00,2243.00,2270.00,2290.00,2318.00,2376.00,2415.00,2425.00,2453.00,2502.00,2560.00,2648.00,2677.00,2787.00,2805.00,2859.00,2878.00,2901.00,2933.00,3007.00,3115.00,3170.00,3198.00,3249.00,3291.00,3338.00,3397.00,3483.00,3563.00,3649.00,3692.00,3857.00,3873.00,3908.00,3950.00,4008.00,4068.00,4229.00,4272.00,4295.00,4341.00,4395.00,4551.00,4627.00,4698.00,4752.00,4873.00,5058.00,5221.00,5404.00,5604.00,5713.00,5860.00,6001.00,6135.00,6258.00,6410.00,6502.00,6583.00,6682.00,6801.00,6965.00,7082.00,7282.00,7380.00,7511.00,7643.00,7756.00,7902.00,8030.00,8204.00,8309.00,8422.00,8622.00,8822.00,8929.00,9129.00,9234.00,9355.00,9467.00,9621.00,9734.00,9934.00,10134.00,10334.00,10534.00,10734.00,10934.00,11134.00,11334.00,11534.00,11639.00,11810.00,11926.00,12066.00,12176.00,12278.00,12377.00,12572.00,12772.00,12885.00,13013.00,13179.00,13276.00,13430.00,13630.00,13830.00,13951.00,14148.00,14340.00,14540.00,14740.00,14940.00,15048.00,15248.00,15448.00,15578.00,15778.00,15978.00,16178.00,16375.00,16575.00,16775.00,16975.00,17175.00,17338.00,17538.00,17738.00,17938.00,18054.00,18254.00,18400.00,18600.00,18800.00,19000.00,19132.00,19332.00,19478.00,19611.00,19811.00,20011.00,,,,,,,,,,,,,,,,,,,,,,,,,,,,,,,,,,,,,,,,,,,,,,,,,,,,,,,,,,,,,
