22.00,26.00,22.00,48.00,20.00,18.00,20.00,14.00,31.00,28.00,12.00,24.00,38.00,15.00,23.00,11.00,23.00,63.00,21.00,9.00,25.00,14.00,62.00,14.00,23.00,19.00,10.00,16.00,9.00,25.00,22.00,28.00,34.00,23.00,12.00,20.00,28.00,30.00,38.00,20.00,16.00,35.00,15.00,35.00,30.00,19.00,9.00,51.00,16.00,15.00,16.00,48.00,12.00,56.00,10.00,30.00,10.00,19.00,69.00,77.00,43.00,107.00,40.00,26.00,50.00,38.00,33.00,11.00,18.00,60.00,34.00,54.00,14.00,58.00,136.00,38.00,130.00,134.00,95.00,40.00,103.00,46.00,172.00,19.00,140.00,79.00,100.00,49.00,200.00,164.00,200.00,200.00,200.00,200.00,200.00,200.00,200.00,200.00,200.00,200.00,200.00,200.00,200.00,200.00,200.00,192.00,200.00,190.00,200.00,200.00,200.00,181.00,200.00,200.00,200.00,200.00,200.00,200.00,200.00,200.00,200.00,200.00,200.00,200.00,200.00,200.00,200.00,200.00,200.00,200.00,200.00,200.00,200.00,200.00,200.00,200.00,200.00,200.00,200.00,200.00,200.00,200.00,200.00,200.00,200.00,200.00,200.00,200.00,200.00,200.00,200.00,200.00,200.00,200.00,200.00,200.00,200.00,200.00,200.00,200.00,200.00,200.00,200.00,200.00,200.00,200.00,200.00,200.00,200.00,200.00,200.00,200.00,,,,,,,,,,,,,,,,,,,,,,,,,,,,,,,,,,,,,,,,,,,,,,,,,,,,,,,,,,,,,,,,,,,,,,,,,,,,,,,,,,,,,,,,,,,,,,,,,,,,,,,,,,,,,,,,,,,,,,
22.00,48.00,70.00,118.00,138.00,156.00,176.00,190.00,221.00,249.00,261.00,285.00,323.00,338.00,361.00,372.00,395.00,458.00,479.00,488.00,513.00,527.00,589.00,603.00,626.00,645.00,655.00,671.00,680.00,705.00,727.00,755.00,789.00,812.00,824.00,844.00,872.00,902.00,940.00,960.00,976.00,1011.00,1026.00,1061.00,1091.00,1110.00,1119.00,1170.00,1186.00,1201.00,1217.00,1265.00,1277.00,1333.00,1343.00,1373.00,1383.00,1402.00,1471.00,1548.00,1591.00,1698.00,1738.00,1764.00,1814.00,1852.00,1885.00,1896.00,1914.00,1974.00,2008.00,2062.00,2076.00,2134.00,2270.00,2308.00,2438.00,2572.00,2667.00,2707.00,2810.00,2856.00,3028.00,3047.00,3187.00,3266.00,3366.00,3415.00,3615.00,3779.00,3979.00,4179.00,4379.00,4579.00,4779.00,4979.00,5179.00,5379.00,5579.00,5779.00,5979.00,6179.00,6379.00,6579.00,6779.00,6971.00,7171.00,7361.00,7561.00,7761.00,7961.00,8142.00,8342.00,8542.00,8742.00,8942.00,9142.00,9342.00,9542.00,9742.00,9942.00,10142.00,10342.00,10542.00,10742.00,10942.00,11142.00,11342.00,11542.00,11742.00,11942.00,12142.00,12342.00,12542.00,12742.00,12942.00,13142.00,13342.00,13542.00,13742.00,13942.00,14142.00,14342.00,14542.00,14742.00,14942.00,15142.00,15342.00,15542.00,15742.00,15942.00,16142.00,16342.00,16542.00,16742.00,16942.00,17142.00,17342.00,17542.00,17742.00,17942.00,18142.00,18342.00,18542.00,18742.00,18942.00,19142.00,19342.00,19542.00,19742.00,19942.00,20142.00,,,,,,,,,,,,,,,,,,,,,,,,,,,,,,,,,,,,,,,,,,,,,,,,,,,,,,,,,,,,,,,,,,,,,,,,,,,,,,,,,,,,,,,,,,,,,,,,,,,,,,,,,,,,,,,,,,,,,,
9.00,28.00,31.00,14.00,16.00,24.00,17.00,22.00,15.00,34.00,21.00,14.00,17.00,13.00,12.00,59.00,14.00,25.00,15.00,32.00,36.00,14.00,12.00,17.00,51.00,12.00,13.00,17.00,25.00,25.00,23.00,16.00,15.00,50.00,11.00,12.00,12.00,12.00,17.00,15.00,12.00,20.00,72.00,11.00,33.00,60.00,14.00,48.00,16.00,24.00,17.00,11.00,113.00,18.00,18.00,28.00,37.00,13.00,80.00,25.00,14.00,34.00,45.00,33.00,24.00,143.00,15.00,72.00,37.00,23.00,15.00,19.00,29.00,28.00,40.00,99.00,35.00,31.00,34.00,50.00,113.00,58.00,32.00,39.00,109.00,119.00,103.00,188.00,57.00,15.00,119.00,23.00,28.00,141.00,80.00,130.00,177.00,172.00,24.00,106.00,200.00,157.00,200.00,200.00,200.00,83.00,200.00,200.00,200.00,200.00,200.00,200.00,161.00,200.00,200.00,200.00,200.00,200.00,200.00,200.00,200.00,200.00,200.00,200.00,200.00,200.00,200.00,200.00,200.00,200.00,200.00,200.00,200.00,200.00,200.00,200.00,200.00,200.00,200.00,200.00,200.00,200.00,200.00,200.00,200.00,200.00,200.00,200.00,200.00,200.00,200.00,200.00,200.00,200.00,200.00,200.00,200.00,200.00,200.00,200.00,200.00,200.00,200.00,200.00,200.00,200.00,200.00,200.00,200.00,198.00,200.00,200.00,200.00,200.00,200.00,200.00,200.00,200.00,198.00,200.00,126.00,,,,,,,,,,,,,,,,,,,,,,,,,,,,,,,,,,,,,,,,,,,,,,,,,,,,,,,,,,,,,,,,,,,,,,,,,,,,,,,,,,,,,,,,,,,,,,,,,,,,,,,,,,,,,
9.00,37.00,68.00,82.00,98.00,122.00,139.00,161.00,176.00,210.00,231.00,245.00,262.00,275.00,287.00,346.00,360.00,385.00,400.00,432.00,468.00,482.00,494.00,511.00,562.00,574.00,587.00,604.00,629.00,654.00,677.00,693.00,708.00,758.00,769.00,781.00,793.00,805.00,822.00,837.00,849.00,869.00,941.00,952.00,985.00,1045.00,1059.00,1107.00,1123.00,1147.00,1164.00,1175.00,1288.00,1306.00,1324.00,1352.00,1389.00,1402.00,1482.00,1507.00,1521.00,1555.00,1600.00,1633.00,1657.00,1800.00,1815.00,1887.00,1924.00,1947.00,1962.00,1981.00,2010.00,2038.00,2078.00,2177.00,2212.00,2243.00,2277.00,2327.00,2440.00,2498.00,2530.00,2569.00,2678.00,2797.00,2900.00,3088.00,3145.00,3160.00,3279.00,3302.00,3330.00,3471.00,3551.00,3681.00,3858.00,4030.00,4054.00,4160.00,4360.00,4517.00,4717.00,4917.00,5117.00,5200.00,5400.00,5600.00,5800.00,6000.00,6200.00,6400.00,6561.00,6761.00,6961.00,7161.00,7361.00,7561.00,7761.00,7961.00,8161.00,8361.00,8561.00,8761.00,8961.00,9161.00,9361.00,9561.00,9761.00,9961.00,10161.00,10361.00,10561.00,10761.00,10961.00,11161.00,11361.00,11561.00,11761.00,11961.00,12161.00,12361.00,12561.00,12761.00,12961.00,13161.00,13361.00,13561.00,13761.00,13961.00,14161.00,14361.00,14561.00,14761.00,14961.00,15161.00,15361.00,15561.00,15761.00,15961.00,16161.00,16361.00,16561.00,16761.00,16961.00,17161.00,17361.00,17561.00,17761.00,17959.00,18159.00,18359.00,18559.00,18759.00,18959.00,19159.00,19359.00,19559.00,19757.00,19957.00,20083.00,,,,,,,,,,,,,,,,,,,,,,,,,,,,,,,,,,,,,,,,,,,,,,,,,,,,,,,,,,,,,,,,,,,,,,,,,,,,,,,,,,,,,,,,,,,,,,,,,,,,,,,,,,,,,
13.00,13.00,14.00,27.00,17.00,22.00,16.00,18.00,28.00,12.00,11.00,10.00,16.00,16.00,16.00,11.00,17.00,19.00,24.00,10.00,14.00,10.00,21.00,25.00,34.00,27.00,19.00,11.00,20.00,22.00,27.00,11.00,46.00,33.00,41.00,31.00,65.00,22.00,48.00,18.00,17.00,18.00,10.00,20.00,34.00,29.00,37.00,20.00,21.00,10.00,29.00,22.00,22.00,39.00,16.00,24.00,12.00,13.00,11.00,46.00,12.00,57.00,40.00,28.00,66.00,61.00,39.00,59.00,24.00,77.00,49.00,15.00,36.00,43.00,11.00,17.00,21.00,55.00,28.00,13.00,122.00,74.00,67.00,74.00,10.00,91.00,44.00,97.00,63.00,85.00,31.00,29.00,82.00,69.00,134.00,24.00,46.00,52.00,55.00,61.00,78.00,33.00,115.00,151.00,169.00,200.00,176.00,200.00,122.00,200.00,200.00,200.00,200.00,200.00,200.00,200.00,200.00,200.00,200.00,200.00,200.00,200.00,200.00,200.00,200.00,200.00,200.00,200.00,200.00,200.00,200.00,200.00,200.00,200.00,200.00,200.00,200.00,200.00,200.00,200.00,200.00,200.00,200.00,200.00,200.00,200.00,200.00,200.00,200.00,200.00,200.00,200.00,200.00,200.00,200.00,200.00,200.00,200.00,200.00,200.00,200.00,200.00,200.00,200.00,200.00,200.00,200.00,200.00,200.00,200.00,200.00,200.00,200.00,200.00,200.00,200.00,200.00,200.00,199.00,200.00,200.00,200.00,200.00,194.00,158.00,174.00,164.00,,,,,,,,,,,,,,,,,,,,,,,,,,,,,,,,,,,,,,,,,,,,,,,,,,,,,,,,,,,,,,,,,,,,,,,,,,,,,,,,,,,,,,,,,,,,,,,,,,,,,,,
13.00,26.00,40.00,67.00,84.00,106.00,122.00,140.00,168.00,180.00,191.00,201.00,217.00,233.00,249.00,260.00,277.00,296.00,320.00,330.00,344.00,354.00,375.00,400.00,434.00,461.00,480.00,491.00,511.00,533.00,560.00,571.00,617.00,650.00,691.00,722.00,787.00,809.00,857.00,875.00,892.00,910.00,920.00,940.00,974.00,1003.00,1040.00,1060.00,1081.00,1091.00,1120.00,1142.00,1164.00,1203.00,1219.00,1243.00,1255.00,1268.00,1279.00,1325.00,1337.00,1394.00,1434.00,1462.00,1528.00,1589.00,1628.00,1687.00,1711.00,1788.00,1837.00,1852.00,1888.00,1931.00,1942.00,1959.00,1980.00,2035.00,2063.00,2076.00,2198.00,2272.00,2339.00,2413.00,2423.00,2514.00,2558.00,2655.00,2718.00,2803.00,2834.00,2863.00,2945.00,3014.00,3148.00,3172.00,3218.00,3270.00,3325.00,3386.00,3464.00,3497.00,3612.00,3763.00,3932.00,4132.00,4308.00,4508.00,4630.00,4830.00,5030.00,5230.00,5430.00,5630.00,5830.00,6030.00,6230.00,6430.00,6630.00,6830.00,7030.00,7230.00,7430.00,7630.00,7830.00,8030.00,8230.00,8430.00,8630.00,8830.00,9030.00,9230.00,9430.00,9630.00,9830.00,10030.00,10230.00,10430.00,10630.00,10830.00,11030.00,11230.00,11430.00,11630.00,11830.00,12030.00,12230.00,12430.00,12630.00,12830.00,13030.00,13230.00,13430.00,13630.00,13830.00,14030.00,14230.00,14430.00,14630.00,14830.00,15030.00,15230.00,15430.00,15630.00,15830.00,16030.00,16230.00,16430.00,16630.00,16830.00,17030.00,17230.00,17430.00,17630.00,17830.00,18030.00,18230.00,18430.00,18629.00,18829.00,19029.00,19229.00,19429.00,19623.00,19781.00,19955.00,20119.00,,,,,,,,,,,,,,,,,,,,,,,,,,,,,,,,,,,,,,,,,,,,,,,,,,,,,,,,,,,,,,,,,,,,,,,,,,,,,,,,,,,,,,,,,,,,,,,,,,,,,,,
68.00,40.00,14.00,23.00,25.00,19.00,29.00,13.00,19.00,25.00,36.00,11.00,14.00,33.00,20.00,38.00,19.00,21.00,30.00,31.00,25.00,25.00,33.00,11.00,15.00,27.00,27.00,17.00,15.00,17.00,17.00,48.00,13.00,30.00,15.00,40.00,17.00,39.00,12.00,25.00,13.00,12.00,19.00,11.00,13.00,24.00,14.00,16.00,11.00,12.00,39.00,25.00,22.00,40.00,15.00,10.00,13.00,38.00,13.00,31.00,29.00,31.00,22.00,19.00,80.00,47.00,20.00,48.00,11.00,29.00,33.00,90.00,54.00,14.00,24.00,25.00,123.00,48.00,13.00,31.00,16.00,48.00,23.00,65.00,48.00,71.00,13.00,16.00,68.00,24.00,59.00,31.00,117.00,84.00,89.00,35.00,130.00,47.00,192.00,78.00,200.00,200.00,200.00,200.00,163.00,200.00,24.00,180.00,179.00,190.00,200.00,200.00,200.00,198.00,200.00,200.00,186.00,200.00,200.00,200.00,200.00,174.00,200.00,200.00,200.00,200.00,200.00,194.00,158.00,200.00,200.00,200.00,160.00,142.00,195.00,187.00,179.00,199.00,200.00,192.00,200.00,200.00,179.00,200.00,200.00,200.00,200.00,186.00,194.00,175.00,200.00,181.00,200.00,152.00,145.00,167.00,155.00,152.00,128.00,133.00,110.00,126.00,121.00,105.00,118.00,118.00,110.00,104.00,109.00,119.00,104.00,111.00,118.00,116.00,101.00,110.00,113.00,117.00,82.00,69.00,69.00,38.00,64.00,27.00,75.00,32.00,32.00,75.00,80.00,27.00,72.00,69.00,32.00,69.00,61.00,65.00,68.00,72.00,79.00,74.00,90.00,70.00,92.00,70.00,60.00,65.00,81.00,87.00,62.00,95.00,99.00,91.00,107.00,97.00,76.00,93.00,100.00,112.00,85.00,79.00,35.00,61.00,59.00,27.00,41.00,60.00,60.00,34.00,38.00,27.00,29.00,,,,,,,,,,,,,,,,,,,,,,,,,,,,,,,,,,,,,,,,,,,,,,,,,,,,,,,,,,,
68.00,108.00,122.00,145.00,170.00,189.00,218.00,231.00,250.00,275.00,311.00,322.00,336.00,369.00,389.00,427.00,446.00,467.00,497.00,528.00,553.00,578.00,611.00,622.00,637.00,664.00,691.00,708.00,723.00,740.00,757.00,805.00,818.00,848.00,863.00,903.00,920.00,959.00,971.00,996.00,1009.00,1021.00,1040.00,1051.00,1064.00,1088.00,1102.00,1118.00,1129.00,1141.00,1180.00,1205.00,1227.00,1267.00,1282.00,1292.00,1305.00,1343.00,1356.00,1387.00,1416.00,1447.00,1469.00,1488.00,1568.00,1615.00,1635.00,1683.00,1694.00,1723.00,1756.00,1846.00,1900.00,1914.00,1938.00,1963.00,2086.00,2134.00,2147.00,2178.00,2194.00,2242.00,2265.00,2330.00,2378.00,2449.00,2462.00,2478.00,2546.00,2570.00,2629.00,2660.00,2777.00,2861.00,2950.00,2985.00,3115.00,3162.00,3354.00,3432.00,3632.00,3832.00,4032.00,4232.00,4395.00,4595.00,4619.00,4799.00,4978.00,5168.00,5368.00,5568.00,5768.00,5966.00,6166.00,6366.00,6552.00,6752.00,6952.00,7152.00,7352.00,7526.00,7726.00,7926.00,8126.00,8326.00,8526.00,8720.00,8878.00,9078.00,9278.00,9478.00,9638.00,9780.00,9975.00,10162.00,10341.00,10540.00,10740.00,10932.00,11132.00,11332.00,11511.00,11711.00,11911.00,12111.00,12311.00,12497.00,12691.00,12866.00,13066.00,13247.00,13447.00,13599.00,13744.00,13911.00,14066.00,14218.00,14346.00,14479.00,14589.00,14715.00,14836.00,14941.00,15059.00,15177.00,15287.00,15391.00,15500.00,15619.00,15723.00,15834.00,15952.00,16068.00,16169.00,16279.00,16392.00,16509.00,16591.00,16660.00,16729.00,16767.00,16831.00,16858.00,16933.00,16965.00,16997.00,17072.00,17152.00,17179.00,17251.00,17320.00,17352.00,17421.00,17482.00,17547.00,17615.00,17687.00,17766.00,17840.00,17930.00,18000.00,18092.00,18162.00,18222.00,18287.00,18368.00,18455.00,18517.00,18612.00,18711.00,18802.00,18909.00,19006.00,19082.00,19175.00,19275.00,19387.00,19472.00,19551.00,19586.00,19647.00,19706.00,19733.00,19774.00,19834.00,19894.00,19928.00,19966.00,19993.00,20022.00,,,,,,,,,,,,,,,,,,,,,,,,,,,,,,,,,,,,,,,,,,,,,,,,,,,,,,,,,,,
17.00,26.00,11.00,35.00,17.00,11.00,49.00,10.00,13.00,18.00,23.00,35.00,10.00,15.00,14.00,20.00,32.00,33.00,30.00,15.00,19.00,25.00,16.00,19.00,23.00,34.00,21.00,66.00,16.00,20.00,17.00,27.00,22.00,15.00,12.00,27.00,15.00,16.00,48.00,31.00,19.00,39.00,11.00,26.00,19.00,22.00,15.00,52.00,18.00,23.00,14.00,16.00,25.00,12.00,19.00,24.00,34.00,28.00,17.00,84.00,38.00,27.00,61.00,37.00,24.00,14.00,18.00,25.00,78.00,31.00,38.00,59.00,11.00,35.00,53.00,42.00,19.00,10.00,22.00,80.00,141.00,72.00,63.00,27.00,147.00,80.00,184.00,200.00,91.00,103.00,118.00,198.00,115.00,18.00,200.00,200.00,200.00,200.00,200.00,200.00,200.00,200.00,200.00,200.00,200.00,200.00,200.00,200.00,200.00,200.00,200.00,200.00,200.00,200.00,200.00,200.00,200.00,173.00,200.00,200.00,200.00,200.00,200.00,200.00,200.00,200.00,200.00,200.00,200.00,200.00,200.00,200.00,200.00,200.00,200.00,200.00,200.00,200.00,200.00,200.00,200.00,200.00,200.00,200.00,200.00,200.00,200.00,200.00,200.00,200.00,200.00,200.00,200.00,200.00,200.00,200.00,200.00,200.00,159.00,140.00,180.00,168.00,169.00,193.00,198.00,200.00,197.00,200.00,178.00,200.00,200.00,200.00,200.00,200.00,200.00,200.00,200.00,,,,,,,,,,,,,,,,,,,,,,,,,,,,,,,,,,,,,,,,,,,,,,,,,,,,,,,,,,,,,,,,,,,,,,,,,,,,,,,,,,,,,,,,,,,,,,,,,,,,,,,,,,,,,,,,,
17.00,43.00,54.00,89.00,106.00,117.00,166.00,176.00,189.00,207.00,230.00,265.00,275.00,290.00,304.00,324.00,356.00,389.00,419.00,434.00,453.00,478.00,494.00,513.00,536.00,570.00,591.00,657.00,673.00,693.00,710.00,737.00,759.00,774.00,786.00,813.00,828.00,844.00,892.00,923.00,942.00,981.00,992.00,1018.00,1037.00,1059.00,1074.00,1126.00,1144.00,1167.00,1181.00,1197.00,1222.00,1234.00,1253.00,1277.00,1311.00,1339.00,1356.00,1440.00,1478.00,1505.00,1566.00,1603.00,1627.00,1641.00,1659.00,1684.00,1762.00,1793.00,1831.00,1890.00,1901.00,1936.00,1989.00,2031.00,2050.00,2060.00,2082.00,2162.00,2303.00,2375.00,2438.00,2465.00,2612.00,2692.00,2876.00,3076.00,3167.00,3270.00,3388.00,3586.00,3701.00,3719.00,3919.00,4119.00,4319.00,4519.00,4719.00,4919.00,5119.00,5319.00,5519.00,5719.00,5919.00,6119.00,6319.00,6519.00,6719.00,6919.00,7119.00,7319.00,7519.00,7719.00,7919.00,8119.00,8319.00,8492.00,8692.00,8892.00,9092.00,9292.00,9492.00,9692.00,9892.00,10092.00,10292.00,10492.00,10692.00,10892.00,11092.00,11292.00,11492.00,11692.00,11892.00,12092.00,12292.00,12492.00,12692.00,12892.00,13092.00,13292.00,13492.00,13692.00,13892.00,14092.00,14292.00,14492.00,14692.00,14892.00,15092.00,15292.00,15492.00,15692.00,15892.00,16092.00,16292.00,16492.00,16651.00,16791.00,16971.00,17139.00,17308.00,17501.00,17699.00,17899.00,18096.00,18296.00,18474.00,18674.00,18874.00,19074.00,19274.00,19474.00,19674.00,19874.00,20074.00,,,,,,,,,,,,,,,,,,,,,,,,,,,,,,,,,,,,,,,,,,,,,,,,,,,,,,,,,,,,,,,,,,,,,,,,,,,,,,,,,,,,,,,,,,,,,,,,,,,,,,,,,,,,,,,,,
44.00,42.00,25.00,16.00,10.00,20.00,17.00,14.00,11.00,15.00,35.00,71.00,16.00,56.00,12.00,38.00,21.00,21.00,14.00,55.00,46.00,20.00,27.00,25.00,42.00,34.00,19.00,13.00,11.00,28.00,20.00,18.00,15.00,16.00,71.00,50.00,53.00,17.00,33.00,51.00,17.00,23.00,12.00,48.00,71.00,41.00,53.00,17.00,52.00,17.00,40.00,14.00,40.00,56.00,35.00,27.00,12.00,54.00,22.00,15.00,41.00,46.00,68.00,111.00,54.00,95.00,30.00,34.00,91.00,63.00,16.00,30.00,129.00,44.00,84.00,65.00,80.00,102.00,126.00,127.00,182.00,175.00,11.00,200.00,200.00,193.00,159.00,121.00,200.00,200.00,200.00,197.00,168.00,200.00,200.00,200.00,200.00,200.00,200.00,200.00,200.00,200.00,200.00,200.00,200.00,200.00,200.00,200.00,200.00,200.00,200.00,200.00,200.00,200.00,200.00,200.00,200.00,200.00,200.00,200.00,200.00,200.00,200.00,200.00,200.00,200.00,200.00,200.00,200.00,200.00,200.00,200.00,200.00,200.00,200.00,200.00,200.00,200.00,200.00,200.00,200.00,200.00,200.00,200.00,200.00,200.00,200.00,200.00,200.00,200.00,200.00,200.00,200.00,200.00,200.00,200.00,200.00,200.00,200.00,200.00,200.00,200.00,200.00,200.00,200.00,200.00,,,,,,,,,,,,,,,,,,,,,,,,,,,,,,,,,,,,,,,,,,,,,,,,,,,,,,,,,,,,,,,,,,,,,,,,,,,,,,,,,,,,,,,,,,,,,,,,,,,,,,,,,,,,,,,,,,,,,,,,,,,,
44.00,86.00,111.00,127.00,137.00,157.00,174.00,188.00,199.00,214.00,249.00,320.00,336.00,392.00,404.00,442.00,463.00,484.00,498.00,553.00,599.00,619.00,646.00,671.00,713.00,747.00,766.00,779.00,790.00,818.00,838.00,856.00,871.00,887.00,958.00,1008.00,1061.00,1078.00,1111.00,1162.00,1179.00,1202.00,1214.00,1262.00,1333.00,1374.00,1427.00,1444.00,1496.00,1513.00,1553.00,1567.00,1607.00,1663.00,1698.00,1725.00,1737.00,1791.00,1813.00,1828.00,1869.00,1915.00,1983.00,2094.00,2148.00,2243.00,2273.00,2307.00,2398.00,2461.00,2477.00,2507.00,2636.00,2680.00,2764.00,2829.00,2909.00,3011.00,3137.00,3264.00,3446.00,3621.00,3632.00,3832.00,4032.00,4225.00,4384.00,4505.00,4705.00,4905.00,5105.00,5302.00,5470.00,5670.00,5870.00,6070.00,6270.00,6470.00,6670.00,6870.00,7070.00,7270.00,7470.00,7670.00,7870.00,8070.00,8270.00,8470.00,8670.00,8870.00,9070.00,9270.00,9470.00,9670.00,9870.00,10070.00,10270.00,10470.00,10670.00,10870.00,11070.00,11270.00,11470.00,11670.00,11870.00,12070.00,12270.00,12470.00,12670.00,12870.00,13070.00,13270.00,13470.00,13670.00,13870.00,14070.00,14270.00,14470.00,14670.00,14870.00,15070.00,15270.00,15470.00,15670.00,15870.00,16070.00,16270.00,16470.00,16670.00,16870.00,17070.00,17270.00,17470.00,17670.00,17870.00,18070.00,18270.00,18470.00,18670.00,18870.00,19070.00,19270.00,19470.00,19670.00,19870.00,20070.00,,,,,,,,,,,,,,,,,,,,,,,,,,,,,,,,,,,,,,,,,,,,,,,,,,,,,,,,,,,,,,,,,,,,,,,,,,,,,,,,,,,,,,,,,,,,,,,,,,,,,,,,,,,,,,,,,,,,,,,,,,,,
13.00,48.00,38.00,9.00,36.00,13.00,10.00,13.00,9.00,12.00,42.00,16.00,21.00,15.00,18.00,14.00,43.00,15.00,42.00,42.00,21.00,23.00,27.00,36.00,21.00,48.00,21.00,15.00,55.00,13.00,23.00,33.00,17.00,58.00,33.00,14.00,22.00,28.00,28.00,11.00,13.00,12.00,32.00,19.00,21.00,53.00,16.00,34.00,21.00,38.00,67.00,13.00,22.00,23.00,44.00,19.00,27.00,72.00,49.00,13.00,77.00,47.00,85.00,32.00,42.00,19.00,188.00,116.00,14.00,200.00,44.00,40.00,52.00,39.00,104.00,95.00,198.00,48.00,161.00,54.00,121.00,36.00,148.00,168.00,69.00,144.00,162.00,180.00,130.00,173.00,165.00,131.00,162.00,200.00,175.00,200.00,144.00,200.00,122.00,128.00,200.00,166.00,155.00,157.00,200.00,138.00,159.00,200.00,200.00,200.00,200.00,200.00,184.00,200.00,200.00,171.00,200.00,156.00,157.00,123.00,175.00,147.00,140.00,150.00,158.00,174.00,157.00,156.00,162.00,160.00,160.00,134.00,130.00,157.00,200.00,143.00,159.00,193.00,200.00,200.00,194.00,192.00,163.00,200.00,145.00,195.00,148.00,177.00,132.00,157.00,127.00,132.00,142.00,132.00,120.00,145.00,137.00,117.00,179.00,110.00,129.00,176.00,156.00,114.00,200.00,192.00,200.00,118.00,133.00,121.00,119.00,199.00,189.00,200.00,136.00,170.00,200.00,190.00,140.00,195.00,147.00,196.00,126.00,200.00,,,,,,,,,,,,,,,,,,,,,,,,,,,,,,,,,,,,,,,,,,,,,,,,,,,,,,,,,,,,,,,,,,,,,,,,,,,,,,,,,,,,,,,,,,,,,,,,,,,,,,,,,,
13.00,61.00,99.00,108.00,144.00,157.00,167.00,180.00,189.00,201.00,243.00,259.00,280.00,295.00,313.00,327.00,370.00,385.00,427.00,469.00,490.00,513.00,540.00,576.00,597.00,645.00,666.00,681.00,736.00,749.00,772.00,805.00,822.00,880.00,913.00,927.00,949.00,977.00,1005.00,1016.00,1029.00,1041.00,1073.00,1092.00,1113.00,1166.00,1182.00,1216.00,1237.00,1275.00,1342.00,1355.00,1377.00,1400.00,1444.00,1463.00,1490.00,1562.00,1611.00,1624.00,1701.00,1748.00,1833.00,1865.00,1907.00,1926.00,2114.00,2230.00,2244.00,2444.00,2488.00,2528.00,2580.00,2619.00,2723.00,2818.00,3016.00,3064.00,3225.00,3279.00,3400.00,3436.00,3584.00,3752.00,3821.00,3965.00,4127.00,4307.00,4437.00,4610.00,4775.00,4906.00,5068.00,5268.00,5443.00,5643.00,5787.00,5987.00,6109.00,6237.00,6437.00,6603.00,6758.00,6915.00,7115.00,7253.00,7412.00,7612.00,7812.00,8012.00,8212.00,8412.00,8596.00,8796.00,8996.00,9167.00,9367.00,9523.00,9680.00,9803.00,9978.00,10125.00,10265.00,10415.00,10573.00,10747.00,10904.00,11060.00,11222.00,11382.00,11542.00,11676.00,11806.00,11963.00,12163.00,12306.00,12465.00,12658.00,12858.00,13058.00,13252.00,13444.00,13607.00,13807.00,13952.00,14147.00,14295.00,14472.00,14604.00,14761.00,14888.00,15020.00,15162.00,15294.00,15414.00,15559.00,15696.00,15813.00,15992.00,16102.00,16231.00,16407.00,16563.00,16677.00,16877.00,17069.00,17269.00,17387.00,17520.00,17641.00,17760.00,17959.00,18148.00,18348.00,18484.00,18654.00,18854.00,19044.00,19184.00,19379.00,19526.00,19722.00,19848.00,20048.00,,,,,,,,,,,,,,,,,,,,,,,,,,,,,,,,,,,,,,,,,,,,,,,,,,,,,,,,,,,,,,,,,,,,,,,,,,,,,,,,,,,,,,,,,,,,,,,,,,,,,,,,,,
10.00,14.00,29.00,29.00,15.00,13.00,14.00,23.00,21.00,14.00,18.00,23.00,19.00,12.00,15.00,18.00,46.00,32.00,50.00,19.00,48.00,19.00,22.00,16.00,17.00,62.00,75.00,12.00,53.00,9.00,15.00,18.00,25.00,39.00,12.00,16.00,39.00,32.00,14.00,27.00,19.00,21.00,10.00,17.00,37.00,15.00,37.00,24.00,37.00,27.00,12.00,119.00,24.00,58.00,38.00,27.00,12.00,55.00,44.00,58.00,45.00,13.00,22.00,36.00,22.00,57.00,53.00,44.00,23.00,51.00,88.00,83.00,24.00,13.00,14.00,21.00,20.00,12.00,125.00,44.00,82.00,63.00,70.00,14.00,13.00,102.00,14.00,83.00,15.00,67.00,78.00,99.00,101.00,34.00,20.00,38.00,46.00,110.00,78.00,25.00,130.00,19.00,153.00,107.00,76.00,92.00,132.00,110.00,123.00,142.00,109.00,113.00,118.00,113.00,82.00,104.00,109.00,86.00,122.00,140.00,134.00,120.00,92.00,90.00,143.00,93.00,111.00,107.00,97.00,111.00,113.00,111.00,138.00,136.00,137.00,138.00,149.00,200.00,200.00,200.00,105.00,119.00,103.00,120.00,200.00,113.00,176.00,117.00,151.00,128.00,159.00,177.00,200.00,200.00,200.00,190.00,165.00,133.00,200.00,185.00,130.00,200.00,200.00,182.00,146.00,159.00,147.00,151.00,145.00,143.00,200.00,163.00,200.00,187.00,181.00,159.00,164.00,158.00,179.00,171.00,190.00,200.00,184.00,163.00,149.00,200.00,200.00,200.00,200.00,193.00,200.00,173.00,200.00,188.00,200.00,181.00,200.00,200.00,200.00,183.00,200.00,200.00,200.00,200.00,188.00,200.00,186.00,,,,,,,,,,,,,,,,,,,,,,,,,,,,,,,,,,,,,,,,,,,,,,,,,,,,,,,,,,,,,,,,,,,,,,,,,,,,,,,,,,,
10.00,24.00,53.00,82.00,97.00,110.00,124.00,147.00,168.00,182.00,200.00,223.00,242.00,254.00,269.00,287.00,333.00,365.00,415.00,434.00,482.00,501.00,523.00,539.00,556.00,618.00,693.00,705.00,758.00,767.00,782.00,800.00,825.00,864.00,876.00,892.00,931.00,963.00,977.00,1004.00,1023.00,1044.00,1054.00,1071.00,1108.00,1123.00,1160.00,1184.00,1221.00,1248.00,1260.00,1379.00,1403.00,1461.00,1499.00,1526.00,1538.00,1593.00,1637.00,1695.00,1740.00,1753.00,1775.00,1811.00,1833.00,1890.00,1943.00,1987.00,2010.00,2061.00,2149.00,2232.00,2256.00,2269.00,2283.00,2304.00,2324.00,2336.00,2461.00,2505.00,2587.00,2650.00,2720.00,2734.00,2747.00,2849.00,2863.00,2946.00,2961.00,3028.00,3106.00,3205.00,3306.00,3340.00,3360.00,3398.00,3444.00,3554.00,3632.00,3657.00,3787.00,3806.00,3959.00,4066.00,4142.00,4234.00,4366.00,4476.00,4599.00,4741.00,4850.00,4963.00,5081.00,5194.00,5276.00,5380.00,5489.00,5575.00,5697.00,5837.00,5971.00,6091.00,6183.00,6273.00,6416.00,6509.00,6620.00,6727.00,6824.00,6935.00,7048.00,7159.00,7297.00,7433.00,7570.00,7708.00,7857.00,8057.00,8257.00,8457.00,8562.00,8681.00,8784.00,8904.00,9104.00,9217.00,9393.00,9510.00,9661.00,9789.00,9948.00,10125.00,10325.00,10525.00,10725.00,10915.00,11080.00,11213.00,11413.00,11598.00,11728.00,11928.00,12128.00,12310.00,12456.00,12615.00,12762.00,12913.00,13058.00,13201.00,13401.00,13564.00,13764.00,13951.00,14132.00,14291.00,14455.00,14613.00,14792.00,14963.00,15153.00,15353.00,15537.00,15700.00,15849.00,16049.00,16249.00,16449.00,16649.00,16842.00,17042.00,17215.00,17415.00,17603.00,17803.00,17984.00,18184.00,18384.00,18584.00,18767.00,18967.00,19167.00,19367.00,19567.00,19755.00,19955.00,20141.00,,,,,,,,,,,,,,,,,,,,,,,,,,,,,,,,,,,,,,,,,,,,,,,,,,,,,,,,,,,,,,,,,,,,,,,,,,,,,,,,,,,
11.00,54.00,15.00,17.00,13.00,17.00,21.00,11.00,32.00,15.00,24.00,22.00,18.00,14.00,24.00,21.00,18.00,12.00,12.00,12.00,39.00,21.00,23.00,13.00,11.00,12.00,18.00,24.00,67.00,15.00,21.00,34.00,25.00,32.00,22.00,14.00,20.00,25.00,16.00,11.00,23.00,12.00,15.00,10.00,14.00,16.00,36.00,26.00,29.00,28.00,138.00,67.00,57.00,34.00,96.00,22.00,16.00,16.00,31.00,20.00,26.00,71.00,77.00,16.00,25.00,13.00,37.00,58.00,49.00,137.00,12.00,197.00,69.00,46.00,115.00,18.00,136.00,45.00,104.00,85.00,109.00,124.00,116.00,15.00,83.00,200.00,200.00,161.00,162.00,151.00,128.00,196.00,200.00,182.00,109.00,141.00,109.00,200.00,200.00,156.00,136.00,142.00,150.00,200.00,200.00,200.00,200.00,200.00,200.00,155.00,200.00,147.00,200.00,164.00,200.00,200.00,175.00,128.00,145.00,200.00,200.00,200.00,187.00,150.00,200.00,178.00,197.00,200.00,200.00,200.00,200.00,200.00,146.00,195.00,200.00,200.00,200.00,200.00,182.00,200.00,200.00,200.00,200.00,200.00,200.00,200.00,200.00,200.00,200.00,200.00,200.00,184.00,200.00,200.00,200.00,200.00,200.00,200.00,200.00,200.00,200.00,196.00,200.00,200.00,200.00,200.00,200.00,200.00,200.00,200.00,200.00,200.00,200.00,200.00,200.00,,,,,,,,,,,,,,,,,,,,,,,,,,,,,,,,,,,,,,,,,,,,,,,,,,,,,,,,,,,,,,,,,,,,,,,,,,,,,,,,,,,,,,,,,,,,,,,,,,,,,,,,,,,,,,,,,,,
11.00,65.00,80.00,97.00,110.00,127.00,148.00,159.00,191.00,206.00,230.00,252.00,270.00,284.00,308.00,329.00,347.00,359.00,371.00,383.00,422.00,443.00,466.00,479.00,490.00,502.00,520.00,544.00,611.00,626.00,647.00,681.00,706.00,738.00,760.00,774.00,794.00,819.00,835.00,846.00,869.00,881.00,896.00,906.00,920.00,936.00,972.00,998.00,1027.00,1055.00,1193.00,1260.00,1317.00,1351.00,1447.00,1469.00,1485.00,1501.00,1532.00,1552.00,1578.00,1649.00,1726.00,1742.00,1767.00,1780.00,1817.00,1875.00,1924.00,2061.00,2073.00,2270.00,2339.00,2385.00,2500.00,2518.00,2654.00,2699.00,2803.00,2888.00,2997.00,3121.00,3237.00,3252.00,3335.00,3535.00,3735.00,3896.00,4058.00,4209.00,4337.00,4533.00,4733.00,4915.00,5024.00,5165.00,5274.00,5474.00,5674.00,5830.00,5966.00,6108.00,6258.00,6458.00,6658.00,6858.00,7058.00,7258.00,7458.00,7613.00,7813.00,7960.00,8160.00,8324.00,8524.00,8724.00,8899.00,9027.00,9172.00,9372.00,9572.00,9772.00,9959.00,10109.00,10309.00,10487.00,10684.00,10884.00,11084.00,11284.00,11484.00,11684.00,11830.00,12025.00,12225.00,12425.00,12625.00,12825.00,13007.00,13207.00,13407.00,13607.00,13807.00,14007.00,14207.00,14407.00,14607.00,14807.00,15007.00,15207.00,15407.00,15591.00,15791.00,15991.00,16191.00,16391.00,16591.00,16791.00,16991.00,17191.00,17391.00,17587.00,17787.00,17987.00,18187.00,18387.00,18587.00,18787.00,18987.00,19187.00,19387.00,19587.00,19787.00,19987.00,20187.00,,,,,,,,,,,,,,,,,,,,,,,,,,,,,,,,,,,,,,,,,,,,,,,,,,,,,,,,,,,,,,,,,,,,,,,,,,,,,,,,,,,,,,,,,,,,,,,,,,,,,,,,,,,,,,,,,,,
40.00,17.00,20.00,17.00,14.00,45.00,22.00,101.00,13.00,22.00,25.00,21.00,15.00,25.00,14.00,44.00,22.00,13.00,12.00,21.00,18.00,16.00,28.00,24.00,25.00,10.00,13.00,21.00,52.00,14.00,23.00,18.00,18.00,36.00,33.00,15.00,16.00,67.00,9.00,39.00,23.00,19.00,18.00,21.00,15.00,21.00,17.00,23.00,15.00,35.00,28.00,11.00,32.00,13.00,59.00,29.00,45.00,16.00,11.00,20.00,22.00,81.00,13.00,18.00,95.00,10.00,47.00,68.00,40.00,38.00,58.00,29.00,46.00,41.00,75.00,57.00,103.00,37.00,133.00,67.00,43.00,40.00,60.00,155.00,57.00,43.00,81.00,121.00,200.00,114.00,180.00,73.00,200.00,135.00,102.00,42.00,140.00,151.00,129.00,105.00,133.00,117.00,156.00,135.00,200.00,130.00,200.00,200.00,160.00,200.00,200.00,198.00,200.00,200.00,200.00,188.00,200.00,152.00,200.00,147.00,200.00,200.00,189.00,176.00,141.00,200.00,161.00,179.00,143.00,107.00,123.00,158.00,200.00,133.00,139.00,160.00,138.00,160.00,142.00,136.00,189.00,195.00,178.00,177.00,134.00,200.00,138.00,159.00,139.00,174.00,124.00,119.00,132.00,141.00,140.00,131.00,191.00,159.00,130.00,126.00,147.00,153.00,140.00,142.00,160.00,155.00,195.00,140.00,141.00,169.00,143.00,137.00,147.00,136.00,146.00,129.00,144.00,143.00,113.00,135.00,115.00,115.00,116.00,126.00,116.00,125.00,105.00,126.00,124.00,110.00,134.00,137.00,143.00,112.00,132.00,121.00,119.00,118.00,125.00,122.00,114.00,152.00,,,,,,,,,,,,,,,,,,,,,,,,,,,,,,,,,,,,,,,,,,,,,,,,,,,,,,,,,,,,,,,,,,,,,,,,,,,,,,,,,,,,,,,,
40.00,57.00,77.00,94.00,108.00,153.00,175.00,276.00,289.00,311.00,336.00,357.00,372.00,397.00,411.00,455.00,477.00,490.00,502.00,523.00,541.00,557.00,585.00,609.00,634.00,644.00,657.00,678.00,730.00,744.00,767.00,785.00,803.00,839.00,872.00,887.00,903.00,970.00,979.00,1018.00,1041.00,1060.00,1078.00,1099.00,1114.00,1135.00,1152.00,1175.00,1190.00,1225.00,1253.00,1264.00,1296.00,1309.00,1368.00,1397.00,1442.00,1458.00,1469.00,1489.00,1511.00,1592.00,1605.00,1623.00,1718.00,1728.00,1775.00,1843.00,1883.00,1921.00,1979.00,2008.00,2054.00,2095.00,2170.00,2227.00,2330.00,2367.00,2500.00,2567.00,2610.00,2650.00,2710.00,2865.00,2922.00,2965.00,3046.00,3167.00,3367.00,3481.00,3661.00,3734.00,3934.00,4069.00,4171.00,4213.00,4353.00,4504.00,4633.00,4738.00,4871.00,4988.00,5144.00,5279.00,5479.00,5609.00,5809.00,6009.00,6169.00,6369.00,6569.00,6767.00,6967.00,7167.00,7367.00,7555.00,7755.00,7907.00,8107.00,8254.00,8454.00,8654.00,8843.00,9019.00,9160.00,9360.00,9521.00,9700.00,9843.00,9950.00,10073.00,10231.00,10431.00,10564.00,10703.00,10863.00,11001.00,11161.00,11303.00,11439.00,11628.00,11823.00,12001.00,12178.00,12312.00,12512.00,12650.00,12809.00,12948.00,13122.00,13246.00,13365.00,13497.00,13638.00,13778.00,13909.00,14100.00,14259.00,14389.00,14515.00,14662.00,14815.00,14955.00,15097.00,15257.00,15412.00,15607.00,15747.00,15888.00,16057.00,16200.00,16337.00,16484.00,16620.00,16766.00,16895.00,17039.00,17182.00,17295.00,17430.00,17545.00,17660.00,17776.00,17902.00,18018.00,18143.00,18248.00,18374.00,18498.00,18608.00,18742.00,18879.00,19022.00,19134.00,19266.00,19387.00,19506.00,19624.00,19749.00,19871.00,19985.00,20137.00,,,,,,,,,,,,,,,,,,,,,,,,,,,,,,,,,,,,,,,,,,,,,,,,,,,,,,,,,,,,,,,,,,,,,,,,,,,,,,,,,,,,,,,,
25.00,23.00,12.00,17.00,44.00,10.00,15.00,17.00,14.00,15.00,22.00,17.00,10.00,9.00,76.00,15.00,33.00,38.00,22.00,14.00,33.00,23.00,23.00,51.00,20.00,46.00,10.00,22.00,24.00,28.00,45.00,38.00,18.00,27.00,11.00,19.00,31.00,18.00,19.00,19.00,18.00,32.00,25.00,41.00,10.00,10.00,19.00,23.00,46.00,15.00,39.00,32.00,22.00,16.00,50.00,67.00,20.00,14.00,23.00,41.00,65.00,26.00,16.00,40.00,35.00,57.00,35.00,104.00,14.00,13.00,92.00,62.00,39.00,63.00,33.00,37.00,41.00,21.00,64.00,10.00,73.00,54.00,78.00,39.00,41.00,32.00,71.00,66.00,41.00,76.00,40.00,13.00,42.00,60.00,93.00,60.00,84.00,62.00,58.00,62.00,81.00,64.00,18.00,56.00,53.00,75.00,77.00,90.00,101.00,62.00,78.00,17.00,96.00,80.00,79.00,61.00,72.00,79.00,57.00,90.00,90.00,90.00,64.00,74.00,91.00,63.00,115.00,72.00,74.00,70.00,69.00,65.00,61.00,65.00,67.00,69.00,62.00,65.00,67.00,63.00,60.00,79.00,58.00,88.00,72.00,89.00,119.00,68.00,77.00,84.00,77.00,86.00,97.00,77.00,74.00,85.00,86.00,92.00,78.00,76.00,85.00,82.00,78.00,70.00,66.00,79.00,91.00,88.00,87.00,99.00,77.00,96.00,89.00,105.00,98.00,99.00,97.00,115.00,87.00,98.00,95.00,95.00,109.00,87.00,93.00,88.00,125.00,117.00,107.00,105.00,94.00,125.00,77.00,118.00,123.00,122.00,90.00,109.00,102.00,121.00,99.00,119.00,103.00,110.00,121.00,134.00,123.00,117.00,113.00,129.00,140.00,145.00,125.00,154.00,153.00,126.00,194.00,146.00,152.00,122.00,172.00,192.00,166.00,164.00,156.00,161.00,156.00,185.00,170.00,179.00,186.00,169.00,181.00,177.00,195.00,195.00,179.00,198.00,188.00,156.00,176.00,188.00,181.00,190.00,183.00,200.00,200.00,181.00,163.00,158.00,158.00,,,,,,,,,,,,,,,,,,,,,,,,,,,,,,,,,,,,,,,
25.00,48.00,60.00,77.00,121.00,131.00,146.00,163.00,177.00,192.00,214.00,231.00,241.00,250.00,326.00,341.00,374.00,412.00,434.00,448.00,481.00,504.00,527.00,578.00,598.00,644.00,654.00,676.00,700.00,728.00,773.00,811.00,829.00,856.00,867.00,886.00,917.00,935.00,954.00,973.00,991.00,1023.00,1048.00,1089.00,1099.00,1109.00,1128.00,1151.00,1197.00,1212.00,1251.00,1283.00,1305.00,1321.00,1371.00,1438.00,1458.00,1472.00,1495.00,1536.00,1601.00,1627.00,1643.00,1683.00,1718.00,1775.00,1810.00,1914.00,1928.00,1941.00,2033.00,2095.00,2134.00,2197.00,2230.00,2267.00,2308.00,2329.00,2393.00,2403.00,2476.00,2530.00,2608.00,2647.00,2688.00,2720.00,2791.00,2857.00,2898.00,2974.00,3014.00,3027.00,3069.00,3129.00,3222.00,3282.00,3366.00,3428.00,3486.00,3548.00,3629.00,3693.00,3711.00,3767.00,3820.00,3895.00,3972.00,4062.00,4163.00,4225.00,4303.00,4320.00,4416.00,4496.00,4575.00,4636.00,4708.00,4787.00,4844.00,4934.00,5024.00,5114.00,5178.00,5252.00,5343.00,5406.00,5521.00,5593.00,5667.00,5737.00,5806.00,5871.00,5932.00,5997.00,6064.00,6133.00,6195.00,6260.00,6327.00,6390.00,6450.00,6529.00,6587.00,6675.00,6747.00,6836.00,6955.00,7023.00,7100.00,7184.00,7261.00,7347.00,7444.00,7521.00,7595.00,7680.00,7766.00,7858.00,7936.00,8012.00,8097.00,8179.00,8257.00,8327.00,8393.00,8472.00,8563.00,8651.00,8738.00,8837.00,8914.00,9010.00,9099.00,9204.00,9302.00,9401.00,9498.00,9613.00,9700.00,9798.00,9893.00,9988.00,10097.00,10184.00,10277.00,10365.00,10490.00,10607.00,10714.00,10819.00,10913.00,11038.00,11115.00,11233.00,11356.00,11478.00,11568.00,11677.00,11779.00,11900.00,11999.00,12118.00,12221.00,12331.00,12452.00,12586.00,12709.00,12826.00,12939.00,13068.00,13208.00,13353.00,13478.00,13632.00,13785.00,13911.00,14105.00,14251.00,14403.00,14525.00,14697.00,14889.00,15055.00,15219.00,15375.00,15536.00,15692.00,15877.00,16047.00,16226.00,16412.00,16581.00,16762.00,16939.00,17134.00,17329.00,17508.00,17706.00,17894.00,18050.00,18226.00,18414.00,18595.00,18785.00,18968.00,19168.00,19368.00,19549.00,19712.00,19870.00,20028.00,,,,,,,,,,,,,,,,,,,,,,,,,,,,,,,,,,,,,,,
34.00,13.00,14.00,23.00,17.00,17.00,36.00,16.00,20.00,23.00,33.00,24.00,38.00,26.00,14.00,13.00,11.00,16.00,14.00,27.00,60.00,12.00,32.00,26.00,20.00,20.00,35.00,22.00,28.00,11.00,14.00,17.00,22.00,27.00,14.00,33.00,57.00,53.00,11.00,37.00,11.00,11.00,25.00,15.00,24.00,11.00,34.00,14.00,13.00,10.00,27.00,13.00,15.00,18.00,17.00,53.00,29.00,13.00,46.00,28.00,22.00,28.00,22.00,64.00,50.00,15.00,62.00,11.00,21.00,10.00,55.00,23.00,78.00,26.00,31.00,48.00,16.00,47.00,27.00,63.00,63.00,52.00,69.00,65.00,10.00,85.00,80.00,96.00,91.00,90.00,111.00,123.00,81.00,42.00,89.00,19.00,49.00,103.00,138.00,103.00,137.00,103.00,35.00,93.00,96.00,115.00,80.00,115.00,105.00,94.00,136.00,105.00,112.00,103.00,107.00,53.00,114.00,176.00,155.00,166.00,146.00,162.00,151.00,161.00,155.00,142.00,118.00,152.00,141.00,110.00,163.00,172.00,163.00,190.00,183.00,170.00,198.00,200.00,172.00,176.00,192.00,196.00,180.00,179.00,181.00,197.00,182.00,196.00,177.00,200.00,195.00,200.00,200.00,200.00,200.00,200.00,200.00,200.00,200.00,200.00,200.00,200.00,200.00,200.00,200.00,200.00,200.00,200.00,200.00,200.00,200.00,200.00,200.00,200.00,200.00,200.00,200.00,200.00,200.00,200.00,200.00,200.00,200.00,200.00,200.00,200.00,200.00,200.00,200.00,200.00,200.00,200.00,200.00,200.00,200.00,200.00,,,,,,,,,,,,,,,,,,,,,,,,,,,,,,,,,,,,,,,,,,,,,,,,,,,,,,,,,,,,,,,,,,,,,,,,,,,,,,,,,,,,,,,,,,,,,,
34.00,47.00,61.00,84.00,101.00,118.00,154.00,170.00,190.00,213.00,246.00,270.00,308.00,334.00,348.00,361.00,372.00,388.00,402.00,429.00,489.00,501.00,533.00,559.00,579.00,599.00,634.00,656.00,684.00,695.00,709.00,726.00,748.00,775.00,789.00,822.00,879.00,932.00,943.00,980.00,991.00,1002.00,1027.00,1042.00,1066.00,1077.00,1111.00,1125.00,1138.00,1148.00,1175.00,1188.00,1203.00,1221.00,1238.00,1291.00,1320.00,1333.00,1379.00,1407.00,1429.00,1457.00,1479.00,1543.00,1593.00,1608.00,1670.00,1681.00,1702.00,1712.00,1767.00,1790.00,1868.00,1894.00,1925.00,1973.00,1989.00,2036.00,2063.00,2126.00,2189.00,2241.00,2310.00,2375.00,2385.00,2470.00,2550.00,2646.00,2737.00,2827.00,2938.00,3061.00,3142.00,3184.00,3273.00,3292.00,3341.00,3444.00,3582.00,3685.00,3822.00,3925.00,3960.00,4053.00,4149.00,4264.00,4344.00,4459.00,4564.00,4658.00,4794.00,4899.00,5011.00,5114.00,5221.00,5274.00,5388.00,5564.00,5719.00,5885.00,6031.00,6193.00,6344.00,6505.00,6660.00,6802.00,6920.00,7072.00,7213.00,7323.00,7486.00,7658.00,7821.00,8011.00,8194.00,8364.00,8562.00,8762.00,8934.00,9110.00,9302.00,9498.00,9678.00,9857.00,10038.00,10235.00,10417.00,10613.00,10790.00,10990.00,11185.00,11385.00,11585.00,11785.00,11985.00,12185.00,12385.00,12585.00,12785.00,12985.00,13185.00,13385.00,13585.00,13785.00,13985.00,14185.00,14385.00,14585.00,14785.00,14985.00,15185.00,15385.00,15585.00,15785.00,15985.00,16185.00,16385.00,16585.00,16785.00,16985.00,17185.00,17385.00,17585.00,17785.00,17985.00,18185.00,18385.00,18585.00,18785.00,18985.00,19185.00,19385.00,19585.00,19785.00,19985.00,20185.00,,,,,,,,,,,,,,,,,,,,,,,,,,,,,,,,,,,,,,,,,,,,,,,,,,,,,,,,,,,,,,,,,,,,,,,,,,,,,,,,,,,,,,,,,,,,,,
32.00,14.00,32.00,22.00,16.00,14.00,28.00,15.00,9.00,23.00,24.00,20.00,23.00,21.00,22.00,16.00,30.00,19.00,11.00,26.00,10.00,17.00,13.00,10.00,39.00,20.00,32.00,23.00,15.00,10.00,16.00,59.00,23.00,24.00,64.00,62.00,16.00,19.00,26.00,12.00,33.00,15.00,30.00,38.00,26.00,26.00,14.00,27.00,12.00,50.00,21.00,29.00,22.00,12.00,46.00,26.00,15.00,11.00,12.00,17.00,27.00,41.00,46.00,56.00,76.00,19.00,26.00,26.00,22.00,12.00,17.00,17.00,29.00,15.00,12.00,45.00,45.00,82.00,65.00,11.00,25.00,107.00,53.00,42.00,38.00,14.00,62.00,135.00,64.00,142.00,30.00,97.00,76.00,124.00,96.00,134.00,171.00,13.00,200.00,41.00,31.00,76.00,161.00,165.00,197.00,31.00,200.00,200.00,200.00,127.00,200.00,200.00,175.00,200.00,200.00,186.00,200.00,200.00,176.00,197.00,200.00,200.00,200.00,200.00,182.00,163.00,180.00,200.00,200.00,200.00,200.00,200.00,200.00,200.00,200.00,200.00,188.00,200.00,200.00,200.00,200.00,200.00,159.00,179.00,200.00,200.00,200.00,200.00,191.00,200.00,200.00,200.00,200.00,200.00,200.00,200.00,193.00,200.00,200.00,200.00,200.00,200.00,200.00,200.00,200.00,200.00,200.00,200.00,189.00,200.00,200.00,200.00,200.00,200.00,200.00,200.00,200.00,200.00,200.00,200.00,200.00,200.00,200.00,189.00,195.00,197.00,,,,,,,,,,,,,,,,,,,,,,,,,,,,,,,,,,,,,,,,,,,,,,,,,,,,,,,,,,,,,,,,,,,,,,,,,,,,,,,,,,,,,,,,,,,,,,,,,,,,,,,,
32.00,46.00,78.00,100.00,116.00,130.00,158.00,173.00,182.00,205.00,229.00,249.00,272.00,293.00,315.00,331.00,361.00,380.00,391.00,417.00,427.00,444.00,457.00,467.00,506.00,526.00,558.00,581.00,596.00,606.00,622.00,681.00,704.00,728.00,792.00,854.00,870.00,889.00,915.00,927.00,960.00,975.00,1005.00,1043.00,1069.00,1095.00,1109.00,1136.00,1148.00,1198.00,1219.00,1248.00,1270.00,1282.00,1328.00,1354.00,1369.00,1380.00,1392.00,1409.00,1436.00,1477.00,1523.00,1579.00,1655.00,1674.00,1700.00,1726.00,1748.00,1760.00,1777.00,1794.00,1823.00,1838.00,1850.00,1895.00,1940.00,2022.00,2087.00,2098.00,2123.00,2230.00,2283.00,2325.00,2363.00,2377.00,2439.00,2574.00,2638.00,2780.00,2810.00,2907.00,2983.00,3107.00,3203.00,3337.00,3508.00,3521.00,3721.00,3762.00,3793.00,3869.00,4030.00,4195.00,4392.00,4423.00,4623.00,4823.00,5023.00,5150.00,5350.00,5550.00,5725.00,5925.00,6125.00,6311.00,6511.00,6711.00,6887.00,7084.00,7284.00,7484.00,7684.00,7884.00,8066.00,8229.00,8409.00,8609.00,8809.00,9009.00,9209.00,9409.00,9609.00,9809.00,10009.00,10209.00,10397.00,10597.00,10797.00,10997.00,11197.00,11397.00,11556.00,11735.00,11935.00,12135.00,12335.00,12535.00,12726.00,12926.00,13126.00,13326.00,13526.00,13726.00,13926.00,14126.00,14319.00,14519.00,14719.00,14919.00,15119.00,15319.00,15519.00,15719.00,15919.00,16119.00,16319.00,16519.00,16708.00,16908.00,17108.00,17308.00,17508.00,17708.00,17908.00,18108.00,18308.00,18508.00,18708.00,18908.00,19108.00,19308.00,19508.00,19697.00,19892.00,20089.00,,,,,,,,,,,,,,,,,,,,,,,,,,,,,,,,,,,,,,,,,,,,,,,,,,,,,,,,,,,,,,,,,,,,,,,,,,,,,,,,,,,,,,,,,,,,,,,,,,,,,,,,
30.00,22.00,13.00,33.00,18.00,22.00,23.00,34.00,21.00,32.00,20.00,16.00,16.00,12.00,25.00,19.00,26.00,42.00,14.00,47.00,35.00,22.00,25.00,10.00,23.00,13.00,18.00,47.00,21.00,15.00,30.00,19.00,24.00,42.00,43.00,17.00,20.00,29.00,20.00,12.00,18.00,16.00,39.00,39.00,38.00,63.00,16.00,23.00,44.00,25.00,33.00,43.00,18.00,77.00,28.00,30.00,60.00,32.00,56.00,28.00,23.00,104.00,29.00,71.00,85.00,38.00,119.00,26.00,101.00,56.00,20.00,65.00,71.00,72.00,11.00,66.00,104.00,67.00,13.00,111.00,151.00,41.00,39.00,82.00,156.00,71.00,133.00,70.00,138.00,70.00,27.00,200.00,200.00,130.00,200.00,200.00,200.00,164.00,146.00,162.00,200.00,157.00,200.00,200.00,200.00,173.00,200.00,152.00,200.00,200.00,136.00,200.00,174.00,154.00,153.00,152.00,177.00,176.00,199.00,148.00,125.00,151.00,175.00,146.00,167.00,181.00,200.00,200.00,159.00,182.00,182.00,180.00,165.00,129.00,166.00,200.00,200.00,200.00,171.00,150.00,176.00,200.00,198.00,170.00,200.00,190.00,185.00,160.00,200.00,186.00,200.00,200.00,200.00,200.00,172.00,200.00,181.00,200.00,197.00,200.00,197.00,188.00,182.00,165.00,200.00,197.00,195.00,199.00,200.00,200.00,166.00,200.00,200.00,184.00,183.00,190.00,156.00,176.00,170.00,181.00,,,,,,,,,,,,,,,,,,,,,,,,,,,,,,,,,,,,,,,,,,,,,,,,,,,,,,,,,,,,,,,,,,,,,,,,,,,,,,,,,,,,,,,,,,,,,,,,,,,,,,,,,,,,,,
30.00,52.00,65.00,98.00,116.00,138.00,161.00,195.00,216.00,248.00,268.00,284.00,300.00,312.00,337.00,356.00,382.00,424.00,438.00,485.00,520.00,542.00,567.00,577.00,600.00,613.00,631.00,678.00,699.00,714.00,744.00,763.00,787.00,829.00,872.00,889.00,909.00,938.00,958.00,970.00,988.00,1004.00,1043.00,1082.00,1120.00,1183.00,1199.00,1222.00,1266.00,1291.00,1324.00,1367.00,1385.00,1462.00,1490.00,1520.00,1580.00,1612.00,1668.00,1696.00,1719.00,1823.00,1852.00,1923.00,2008.00,2046.00,2165.00,2191.00,2292.00,2348.00,2368.00,2433.00,2504.00,2576.00,2587.00,2653.00,2757.00,2824.00,2837.00,2948.00,3099.00,3140.00,3179.00,3261.00,3417.00,3488.00,3621.00,3691.00,3829.00,3899.00,3926.00,4126.00,4326.00,4456.00,4656.00,4856.00,5056.00,5220.00,5366.00,5528.00,5728.00,5885.00,6085.00,6285.00,6485.00,6658.00,6858.00,7010.00,7210.00,7410.00,7546.00,7746.00,7920.00,8074.00,8227.00,8379.00,8556.00,8732.00,8931.00,9079.00,9204.00,9355.00,9530.00,9676.00,9843.00,10024.00,10224.00,10424.00,10583.00,10765.00,10947.00,11127.00,11292.00,11421.00,11587.00,11787.00,11987.00,12187.00,12358.00,12508.00,12684.00,12884.00,13082.00,13252.00,13452.00,13642.00,13827.00,13987.00,14187.00,14373.00,14573.00,14773.00,14973.00,15173.00,15345.00,15545.00,15726.00,15926.00,16123.00,16323.00,16520.00,16708.00,16890.00,17055.00,17255.00,17452.00,17647.00,17846.00,18046.00,18246.00,18412.00,18612.00,18812.00,18996.00,19179.00,19369.00,19525.00,19701.00,19871.00,20052.00,,,,,,,,,,,,,,,,,,,,,,,,,,,,,,,,,,,,,,,,,,,,,,,,,,,,,,,,,,,,,,,,,,,,,,,,,,,,,,,,,,,,,,,,,,,,,,,,,,,,,,,,,,,,,,
25.00,16.00,19.00,44.00,25.00,14.00,18.00,13.00,18.00,31.00,11.00,82.00,21.00,17.00,14.00,44.00,38.00,19.00,17.00,15.00,40.00,17.00,23.00,90.00,10.00,22.00,13.00,48.00,19.00,13.00,14.00,19.00,11.00,26.00,17.00,39.00,13.00,26.00,10.00,25.00,35.00,28.00,26.00,21.00,98.00,31.00,19.00,13.00,22.00,45.00,15.00,28.00,38.00,68.00,46.00,35.00,34.00,54.00,31.00,12.00,22.00,46.00,38.00,25.00,15.00,68.00,13.00,35.00,20.00,11.00,22.00,168.00,33.00,27.00,37.00,37.00,20.00,42.00,45.00,29.00,38.00,36.00,129.00,72.00,142.00,15.00,191.00,102.00,93.00,132.00,74.00,89.00,16.00,43.00,38.00,78.00,24.00,200.00,200.00,153.00,181.00,200.00,200.00,200.00,200.00,200.00,139.00,100.00,123.00,137.00,127.00,119.00,100.00,145.00,163.00,115.00,159.00,103.00,153.00,150.00,127.00,101.00,90.00,110.00,103.00,200.00,194.00,148.00,199.00,126.00,151.00,151.00,196.00,171.00,107.00,81.00,134.00,164.00,101.00,200.00,124.00,125.00,104.00,129.00,129.00,104.00,85.00,82.00,97.00,107.00,152.00,107.00,98.00,91.00,114.00,173.00,88.00,105.00,106.00,199.00,132.00,121.00,170.00,162.00,200.00,83.00,165.00,98.00,92.00,200.00,114.00,182.00,99.00,76.00,92.00,92.00,138.00,186.00,135.00,127.00,140.00,98.00,85.00,178.00,116.00,86.00,90.00,79.00,200.00,109.00,113.00,144.00,107.00,175.00,119.00,158.00,200.00,170.00,144.00,116.00,147.00,137.00,170.00,117.00,188.00,200.00,189.00,200.00,117.00,154.00,200.00,170.00,136.00,141.00,,,,,,,,,,,,,,,,,,,,,,,,,,,,,,,,,,,,,,,,,,,,,,,,,,,,,,,,,,,,,,,,,,,,,,,,,,,,
25.00,41.00,60.00,104.00,129.00,143.00,161.00,174.00,192.00,223.00,234.00,316.00,337.00,354.00,368.00,412.00,450.00,469.00,486.00,501.00,541.00,558.00,581.00,671.00,681.00,703.00,716.00,764.00,783.00,796.00,810.00,829.00,840.00,866.00,883.00,922.00,935.00,961.00,971.00,996.00,1031.00,1059.00,1085.00,1106.00,1204.00,1235.00,1254.00,1267.00,1289.00,1334.00,1349.00,1377.00,1415.00,1483.00,1529.00,1564.00,1598.00,1652.00,1683.00,1695.00,1717.00,1763.00,1801.00,1826.00,1841.00,1909.00,1922.00,1957.00,1977.00,1988.00,2010.00,2178.00,2211.00,2238.00,2275.00,2312.00,2332.00,2374.00,2419.00,2448.00,2486.00,2522.00,2651.00,2723.00,2865.00,2880.00,3071.00,3173.00,3266.00,3398.00,3472.00,3561.00,3577.00,3620.00,3658.00,3736.00,3760.00,3960.00,4160.00,4313.00,4494.00,4694.00,4894.00,5094.00,5294.00,5494.00,5633.00,5733.00,5856.00,5993.00,6120.00,6239.00,6339.00,6484.00,6647.00,6762.00,6921.00,7024.00,7177.00,7327.00,7454.00,7555.00,7645.00,7755.00,7858.00,8058.00,8252.00,8400.00,8599.00,8725.00,8876.00,9027.00,9223.00,9394.00,9501.00,9582.00,9716.00,9880.00,9981.00,10181.00,10305.00,10430.00,10534.00,10663.00,10792.00,10896.00,10981.00,11063.00,11160.00,11267.00,11419.00,11526.00,11624.00,11715.00,11829.00,12002.00,12090.00,12195.00,12301.00,12500.00,12632.00,12753.00,12923.00,13085.00,13285.00,13368.00,13533.00,13631.00,13723.00,13923.00,14037.00,14219.00,14318.00,14394.00,14486.00,14578.00,14716.00,14902.00,15037.00,15164.00,15304.00,15402.00,15487.00,15665.00,15781.00,15867.00,15957.00,16036.00,16236.00,16345.00,16458.00,16602.00,16709.00,16884.00,17003.00,17161.00,17361.00,17531.00,17675.00,17791.00,17938.00,18075.00,18245.00,18362.00,18550.00,18750.00,18939.00,19139.00,19256.00,19410.00,19610.00,19780.00,19916.00,20057.00,,,,,,,,,,,,,,,,,,,,,,,,,,,,,,,,,,,,,,,,,,,,,,,,,,,,,,,,,,,,,,,,,,,,,,,,,,,,
12.00,43.00,34.00,10.00,14.00,21.00,16.00,42.00,32.00,9.00,46.00,27.00,13.00,16.00,42.00,16.00,17.00,21.00,14.00,37.00,13.00,29.00,18.00,29.00,34.00,11.00,20.00,18.00,39.00,19.00,11.00,23.00,17.00,16.00,25.00,12.00,50.00,14.00,20.00,14.00,14.00,29.00,57.00,23.00,35.00,105.00,16.00,183.00,24.00,35.00,21.00,62.00,29.00,34.00,22.00,34.00,36.00,33.00,38.00,27.00,24.00,26.00,63.00,40.00,36.00,48.00,41.00,15.00,11.00,53.00,53.00,124.00,84.00,40.00,25.00,125.00,69.00,14.00,60.00,62.00,42.00,134.00,98.00,125.00,90.00,112.00,68.00,200.00,142.00,200.00,145.00,154.00,200.00,102.00,100.00,66.00,127.00,97.00,156.00,84.00,87.00,92.00,115.00,149.00,115.00,200.00,155.00,114.00,89.00,113.00,166.00,200.00,140.00,106.00,138.00,135.00,160.00,103.00,114.00,113.00,185.00,138.00,185.00,181.00,109.00,199.00,200.00,118.00,119.00,82.00,76.00,200.00,132.00,200.00,182.00,200.00,165.00,200.00,200.00,200.00,200.00,200.00,200.00,200.00,200.00,200.00,200.00,190.00,200.00,200.00,200.00,200.00,200.00,200.00,200.00,200.00,200.00,181.00,200.00,200.00,200.00,200.00,200.00,200.00,190.00,200.00,200.00,200.00,200.00,200.00,200.00,200.00,200.00,174.00,184.00,180.00,199.00,200.00,166.00,184.00,192.00,147.00,127.00,155.00,161.00,171.00,135.00,,,,,,,,,,,,,,,,,,,,,,,,,,,,,,,,,,,,,,,,,,,,,,,,,,,,,,,,,,,,,,,,,,,,,,,,,,,,,,,,,,,,,,,,,,,,,,,,,,,,,,,
12.00,55.00,89.00,99.00,113.00,134.00,150.00,192.00,224.00,233.00,279.00,306.00,319.00,335.00,377.00,393.00,410.00,431.00,445.00,482.00,495.00,524.00,542.00,571.00,605.00,616.00,636.00,654.00,693.00,712.00,723.00,746.00,763.00,779.00,804.00,816.00,866.00,880.00,900.00,914.00,928.00,957.00,1014.00,1037.00,1072.00,1177.00,1193.00,1376.00,1400.00,1435.00,1456.00,1518.00,1547.00,1581.00,1603.00,1637.00,1673.00,1706.00,1744.00,1771.00,1795.00,1821.00,1884.00,1924.00,1960.00,2008.00,2049.00,2064.00,2075.00,2128.00,2181.00,2305.00,2389.00,2429.00,2454.00,2579.00,2648.00,2662.00,2722.00,2784.00,2826.00,2960.00,3058.00,3183.00,3273.00,3385.00,3453.00,3653.00,3795.00,3995.00,4140.00,4294.00,4494.00,4596.00,4696.00,4762.00,4889.00,4986.00,5142.00,5226.00,5313.00,5405.00,5520.00,5669.00,5784.00,5984.00,6139.00,6253.00,6342.00,6455.00,6621.00,6821.00,6961.00,7067.00,7205.00,7340.00,7500.00,7603.00,7717.00,7830.00,8015.00,8153.00,8338.00,8519.00,8628.00,8827.00,9027.00,9145.00,9264.00,9346.00,9422.00,9622.00,9754.00,9954.00,10136.00,10336.00,10501.00,10701.00,10901.00,11101.00,11301.00,11501.00,11701.00,11901.00,12101.00,12301.00,12501.00,12691.00,12891.00,13091.00,13291.00,13491.00,13691.00,13891.00,14091.00,14291.00,14491.00,14672.00,14872.00,15072.00,15272.00,15472.00,15672.00,15872.00,16062.00,16262.00,16462.00,16662.00,16862.00,17062.00,17262.00,17462.00,17662.00,17836.00,18020.00,18200.00,18399.00,18599.00,18765.00,18949.00,19141.00,19288.00,19415.00,19570.00,19731.00,19902.00,20037.00,,,,,,,,,,,,,,,,,,,,,,,,,,,,,,,,,,,,,,,,,,,,,,,,,,,,,,,,,,,,,,,,,,,,,,,,,,,,,,,,,,,,,,,,,,,,,,,,,,,,,,,
57.00,66.00,10.00,44.00,31.00,13.00,19.00,19.00,19.00,17.00,35.00,27.00,16.00,15.00,49.00,17.00,25.00,22.00,17.00,17.00,18.00,14.00,26.00,22.00,17.00,78.00,15.00,18.00,51.00,9.00,14.00,22.00,27.00,39.00,46.00,25.00,36.00,24.00,31.00,10.00,52.00,41.00,15.00,14.00,19.00,82.00,26.00,33.00,86.00,24.00,26.00,39.00,17.00,70.00,75.00,72.00,19.00,81.00,68.00,36.00,33.00,15.00,14.00,39.00,22.00,35.00,35.00,24.00,69.00,78.00,67.00,17.00,55.00,92.00,89.00,69.00,66.00,48.00,72.00,24.00,82.00,119.00,110.00,35.00,62.00,31.00,93.00,109.00,75.00,41.00,131.00,112.00,34.00,112.00,96.00,135.00,131.00,136.00,106.00,110.00,120.00,128.00,135.00,117.00,144.00,140.00,177.00,140.00,124.00,124.00,135.00,114.00,123.00,129.00,144.00,119.00,108.00,117.00,133.00,171.00,149.00,194.00,157.00,200.00,137.00,178.00,155.00,154.00,176.00,138.00,160.00,195.00,144.00,136.00,161.00,200.00,142.00,134.00,152.00,194.00,200.00,183.00,184.00,190.00,166.00,161.00,185.00,178.00,163.00,165.00,200.00,161.00,200.00,182.00,171.00,171.00,200.00,200.00,200.00,200.00,200.00,200.00,200.00,200.00,200.00,200.00,200.00,193.00,200.00,182.00,200.00,200.00,200.00,200.00,200.00,200.00,200.00,200.00,200.00,200.00,200.00,200.00,200.00,200.00,200.00,200.00,200.00,200.00,200.00,,,,,,,,,,,,,,,,,,,,,,,,,,,,,,,,,,,,,,,,,,,,,,,,,,,,,,,,,,,,,,,,,,,,,,,,,,,,,,,,,,,,,,,,,,,,,,,,,,,,,
57.00,123.00,133.00,177.00,208.00,221.00,240.00,259.00,278.00,295.00,330.00,357.00,373.00,388.00,437.00,454.00,479.00,501.00,518.00,535.00,553.00,567.00,593.00,615.00,632.00,710.00,725.00,743.00,794.00,803.00,817.00,839.00,866.00,905.00,951.00,976.00,1012.00,1036.00,1067.00,1077.00,1129.00,1170.00,1185.00,1199.00,1218.00,1300.00,1326.00,1359.00,1445.00,1469.00,1495.00,1534.00,1551.00,1621.00,1696.00,1768.00,1787.00,1868.00,1936.00,1972.00,2005.00,2020.00,2034.00,2073.00,2095.00,2130.00,2165.00,2189.00,2258.00,2336.00,2403.00,2420.00,2475.00,2567.00,2656.00,2725.00,2791.00,2839.00,2911.00,2935.00,3017.00,3136.00,3246.00,3281.00,3343.00,3374.00,3467.00,3576.00,3651.00,3692.00,3823.00,3935.00,3969.00,4081.00,4177.00,4312.00,4443.00,4579.00,4685.00,4795.00,4915.00,5043.00,5178.00,5295.00,5439.00,5579.00,5756.00,5896.00,6020.00,6144.00,6279.00,6393.00,6516.00,6645.00,6789.00,6908.00,7016.00,7133.00,7266.00,7437.00,7586.00,7780.00,7937.00,8137.00,8274.00,8452.00,8607.00,8761.00,8937.00,9075.00,9235.00,9430.00,9574.00,9710.00,9871.00,10071.00,10213.00,10347.00,10499.00,10693.00,10893.00,11076.00,11260.00,11450.00,11616.00,11777.00,11962.00,12140.00,12303.00,12468.00,12668.00,12829.00,13029.00,13211.00,13382.00,13553.00,13753.00,13953.00,14153.00,14353.00,14553.00,14753.00,14953.00,15153.00,15353.00,15553.00,15753.00,15946.00,16146.00,16328.00,16528.00,16728.00,16928.00,17128.00,17328.00,17528.00,17728.00,17928.00,18128.00,18328.00,18528.00,18728.00,18928.00,19128.00,19328.00,19528.00,19728.00,19928.00,20128.00,,,,,,,,,,,,,,,,,,,,,,,,,,,,,,,,,,,,,,,,,,,,,,,,,,,,,,,,,,,,,,,,,,,,,,,,,,,,,,,,,,,,,,,,,,,,,,,,,,,,,
23.00,18.00,18.00,14.00,22.00,14.00,13.00,28.00,14.00,27.00,24.00,42.00,36.00,34.00,37.00,27.00,20.00,20.00,21.00,14.00,36.00,30.00,49.00,24.00,12.00,53.00,18.00,15.00,36.00,32.00,11.00,20.00,29.00,86.00,38.00,9.00,9.00,12.00,37.00,26.00,49.00,25.00,24.00,15.00,35.00,62.00,26.00,23.00,26.00,11.00,21.00,73.00,102.00,18.00,38.00,11.00,33.00,19.00,16.00,20.00,61.00,21.00,68.00,37.00,16.00,50.00,28.00,93.00,17.00,26.00,16.00,12.00,20.00,39.00,19.00,15.00,12.00,15.00,68.00,19.00,35.00,27.00,19.00,53.00,28.00,53.00,47.00,49.00,25.00,95.00,55.00,44.00,102.00,59.00,82.00,31.00,31.00,141.00,12.00,53.00,200.00,200.00,84.00,200.00,80.00,200.00,200.00,200.00,200.00,200.00,200.00,200.00,200.00,200.00,200.00,200.00,200.00,200.00,200.00,200.00,200.00,200.00,200.00,200.00,200.00,200.00,200.00,200.00,200.00,200.00,200.00,200.00,200.00,200.00,200.00,200.00,200.00,200.00,200.00,200.00,200.00,200.00,200.00,200.00,200.00,200.00,200.00,200.00,200.00,200.00,200.00,200.00,200.00,200.00,200.00,200.00,200.00,200.00,200.00,200.00,200.00,200.00,200.00,200.00,200.00,200.00,200.00,200.00,200.00,200.00,200.00,200.00,200.00,200.00,200.00,200.00,200.00,200.00,200.00,200.00,200.00,200.00,200.00,197.00,200.00,,,,,,,,,,,,,,,,,,,,,,,,,,,,,,,,,,,,,,,,,,,,,,,,,,,,,,,,,,,,,,,,,,,,,,,,,,,,,,,,,,,,,,,,,,,,,,,,,,,,,,,,,
23.00,41.00,59.00,73.00,95.00,109.00,122.00,150.00,164.00,191.00,215.00,257.00,293.00,327.00,364.00,391.00,411.00,431.00,452.00,466.00,502.00,532.00,581.00,605.00,617.00,670.00,688.00,703.00,739.00,771.00,782.00,802.00,831.00,917.00,955.00,964.00,973.00,985.00,1022.00,1048.00,1097.00,1122.00,1146.00,1161.00,1196.00,1258.00,1284.00,1307.00,1333.00,1344.00,1365.00,1438.00,1540.00,1558.00,1596.00,1607.00,1640.00,1659.00,1675.00,1695.00,1756.00,1777.00,1845.00,1882.00,1898.00,1948.00,1976.00,2069.00,2086.00,2112.00,2128.00,2140.00,2160.00,2199.00,2218.00,2233.00,2245.00,2260.00,2328.00,2347.00,2382.00,2409.00,2428.00,2481.00,2509.00,2562.00,2609.00,2658.00,2683.00,2778.00,2833.00,2877.00,2979.00,3038.00,3120.00,3151.00,3182.00,3323.00,3335.00,3388.00,3588.00,3788.00,3872.00,4072.00,4152.00,4352.00,4552.00,4752.00,4952.00,5152.00,5352.00,5552.00,5752.00,5952.00,6152.00,6352.00,6552.00,6752.00,6952.00,7152.00,7352.00,7552.00,7752.00,7952.00,8152.00,8352.00,8552.00,8752.00,8952.00,9152.00,9352.00,9552.00,9752.00,9952.00,10152.00,10352.00,10552.00,10752.00,10952.00,11152.00,11352.00,11552.00,11752.00,11952.00,12152.00,12352.00,12552.00,12752.00,12952.00,13152.00,13352.00,13552.00,13752.00,13952.00,14152.00,14352.00,14552.00,14752.00,14952.00,15152.00,15352.00,15552.00,15752.00,15952.00,16152.00,16352.00,16552.00,16752.00,16952.00,17152.00,17352.00,17552.00,17752.00,17952.00,18152.00,18352.00,18552.00,18752.00,18952.00,19152.00,19352.00,19552.00,19752.00,19949.00,20149.00,,,,,,,,,,,,,,,,,,,,,,,,,,,,,,,,,,,,,,,,,,,,,,,,,,,,,,,,,,,,,,,,,,,,,,,,,,,,,,,,,,,,,,,,,,,,,,,,,,,,,,,,,
50.00,25.00,38.00,26.00,11.00,29.00,17.00,20.00,21.00,25.00,20.00,26.00,30.00,20.00,18.00,20.00,26.00,41.00,13.00,11.00,19.00,11.00,9.00,16.00,19.00,15.00,14.00,25.00,48.00,37.00,11.00,16.00,19.00,32.00,21.00,25.00,23.00,12.00,14.00,17.00,14.00,23.00,34.00,13.00,25.00,26.00,10.00,45.00,18.00,73.00,12.00,59.00,12.00,40.00,17.00,57.00,57.00,17.00,42.00,15.00,12.00,16.00,16.00,77.00,15.00,25.00,45.00,14.00,53.00,35.00,35.00,35.00,29.00,62.00,20.00,20.00,35.00,39.00,23.00,25.00,52.00,28.00,15.00,23.00,20.00,20.00,147.00,36.00,94.00,20.00,27.00,13.00,48.00,16.00,35.00,39.00,54.00,73.00,74.00,62.00,100.00,46.00,46.00,62.00,66.00,21.00,11.00,83.00,102.00,33.00,144.00,14.00,82.00,139.00,142.00,118.00,137.00,137.00,135.00,120.00,156.00,200.00,131.00,147.00,138.00,133.00,165.00,152.00,157.00,124.00,143.00,149.00,155.00,165.00,189.00,160.00,154.00,140.00,151.00,144.00,138.00,125.00,139.00,136.00,145.00,166.00,140.00,175.00,157.00,188.00,165.00,164.00,157.00,167.00,164.00,166.00,157.00,177.00,187.00,172.00,196.00,167.00,186.00,176.00,196.00,167.00,164.00,193.00,169.00,190.00,173.00,171.00,185.00,183.00,190.00,175.00,178.00,198.00,200.00,148.00,158.00,162.00,145.00,168.00,167.00,173.00,180.00,156.00,163.00,176.00,174.00,178.00,200.00,191.00,193.00,200.00,190.00,164.00,181.00,178.00,168.00,178.00,200.00,158.00,186.00,183.00,163.00,166.00,200.00,196.00,192.00,,,,,,,,,,,,,,,,,,,,,,,,,,,,,,,,,,,,,,,,,,,,,,,,,,,,,,,,,,,,,,,,,,,,,,,,,,,,,,,
50.00,75.00,113.00,139.00,150.00,179.00,196.00,216.00,237.00,262.00,282.00,308.00,338.00,358.00,376.00,396.00,422.00,463.00,476.00,487.00,506.00,517.00,526.00,542.00,561.00,576.00,590.00,615.00,663.00,700.00,711.00,727.00,746.00,778.00,799.00,824.00,847.00,859.00,873.00,890.00,904.00,927.00,961.00,974.00,999.00,1025.00,1035.00,1080.00,1098.00,1171.00,1183.00,1242.00,1254.00,1294.00,1311.00,1368.00,1425.00,1442.00,1484.00,1499.00,1511.00,1527.00,1543.00,1620.00,1635.00,1660.00,1705.00,1719.00,1772.00,1807.00,1842.00,1877.00,1906.00,1968.00,1988.00,2008.00,2043.00,2082.00,2105.00,2130.00,2182.00,2210.00,2225.00,2248.00,2268.00,2288.00,2435.00,2471.00,2565.00,2585.00,2612.00,2625.00,2673.00,2689.00,2724.00,2763.00,2817.00,2890.00,2964.00,3026.00,3126.00,3172.00,3218.00,3280.00,3346.00,3367.00,3378.00,3461.00,3563.00,3596.00,3740.00,3754.00,3836.00,3975.00,4117.00,4235.00,4372.00,4509.00,4644.00,4764.00,4920.00,5120.00,5251.00,5398.00,5536.00,5669.00,5834.00,5986.00,6143.00,6267.00,6410.00,6559.00,6714.00,6879.00,7068.00,7228.00,7382.00,7522.00,7673.00,7817.00,7955.00,8080.00,8219.00,8355.00,8500.00,8666.00,8806.00,8981.00,9138.00,9326.00,9491.00,9655.00,9812.00,9979.00,10143.00,10309.00,10466.00,10643.00,10830.00,11002.00,11198.00,11365.00,11551.00,11727.00,11923.00,12090.00,12254.00,12447.00,12616.00,12806.00,12979.00,13150.00,13335.00,13518.00,13708.00,13883.00,14061.00,14259.00,14459.00,14607.00,14765.00,14927.00,15072.00,15240.00,15407.00,15580.00,15760.00,15916.00,16079.00,16255.00,16429.00,16607.00,16807.00,16998.00,17191.00,17391.00,17581.00,17745.00,17926.00,18104.00,18272.00,18450.00,18650.00,18808.00,18994.00,19177.00,19340.00,19506.00,19706.00,19902.00,20094.00,,,,,,,,,,,,,,,,,,,,,,,,,,,,,,,,,,,,,,,,,,,,,,,,,,,,,,,,,,,,,,,,,,,,,,,,,,,,,,,
42.00,42.00,22.00,12.00,19.00,11.00,22.00,14.00,35.00,22.00,12.00,27.00,20.00,26.00,22.00,11.00,13.00,13.00,26.00,20.00,15.00,34.00,15.00,75.00,46.00,15.00,26.00,41.00,17.00,12.00,45.00,31.00,11.00,45.00,26.00,20.00,68.00,111.00,42.00,21.00,22.00,21.00,13.00,17.00,46.00,44.00,19.00,84.00,15.00,23.00,56.00,48.00,14.00,16.00,24.00,17.00,12.00,63.00,64.00,30.00,14.00,18.00,11.00,21.00,10.00,15.00,84.00,89.00,44.00,42.00,42.00,42.00,18.00,38.00,20.00,71.00,74.00,33.00,44.00,30.00,108.00,104.00,25.00,41.00,19.00,22.00,18.00,41.00,30.00,15.00,67.00,19.00,16.00,55.00,22.00,13.00,25.00,104.00,22.00,19.00,25.00,200.00,33.00,48.00,35.00,84.00,114.00,93.00,52.00,38.00,33.00,108.00,94.00,50.00,115.00,189.00,112.00,63.00,110.00,57.00,164.00,153.00,169.00,192.00,162.00,165.00,162.00,155.00,139.00,200.00,185.00,176.00,163.00,200.00,172.00,166.00,175.00,200.00,200.00,180.00,200.00,189.00,200.00,200.00,188.00,200.00,188.00,182.00,190.00,200.00,200.00,200.00,200.00,200.00,198.00,200.00,200.00,200.00,200.00,200.00,200.00,200.00,200.00,200.00,176.00,200.00,200.00,200.00,163.00,200.00,165.00,175.00,200.00,189.00,184.00,200.00,182.00,200.00,200.00,200.00,173.00,176.00,183.00,200.00,200.00,200.00,190.00,184.00,189.00,174.00,168.00,198.00,200.00,200.00,185.00,200.00,200.00,200.00,200.00,200.00,,,,,,,,,,,,,,,,,,,,,,,,,,,,,,,,,,,,,,,,,,,,,,,,,,,,,,,,,,,,,,,,,,,,,,,,,,,,,,,,,,,,,,,,,,
42.00,84.00,106.00,118.00,137.00,148.00,170.00,184.00,219.00,241.00,253.00,280.00,300.00,326.00,348.00,359.00,372.00,385.00,411.00,431.00,446.00,480.00,495.00,570.00,616.00,631.00,657.00,698.00,715.00,727.00,772.00,803.00,814.00,859.00,885.00,905.00,973.00,1084.00,1126.00,1147.00,1169.00,1190.00,1203.00,1220.00,1266.00,1310.00,1329.00,1413.00,1428.00,1451.00,1507.00,1555.00,1569.00,1585.00,1609.00,1626.00,1638.00,1701.00,1765.00,1795.00,1809.00,1827.00,1838.00,1859.00,1869.00,1884.00,1968.00,2057.00,2101.00,2143.00,2185.00,2227.00,2245.00,2283.00,2303.00,2374.00,2448.00,2481.00,2525.00,2555.00,2663.00,2767.00,2792.00,2833.00,2852.00,2874.00,2892.00,2933.00,2963.00,2978.00,3045.00,3064.00,3080.00,3135.00,3157.00,3170.00,3195.00,3299.00,3321.00,3340.00,3365.00,3565.00,3598.00,3646.00,3681.00,3765.00,3879.00,3972.00,4024.00,4062.00,4095.00,4203.00,4297.00,4347.00,4462.00,4651.00,4763.00,4826.00,4936.00,4993.00,5157.00,5310.00,5479.00,5671.00,5833.00,5998.00,6160.00,6315.00,6454.00,6654.00,6839.00,7015.00,7178.00,7378.00,7550.00,7716.00,7891.00,8091.00,8291.00,8471.00,8671.00,8860.00,9060.00,9260.00,9448.00,9648.00,9836.00,10018.00,10208.00,10408.00,10608.00,10808.00,11008.00,11208.00,11406.00,11606.00,11806.00,12006.00,12206.00,12406.00,12606.00,12806.00,13006.00,13206.00,13382.00,13582.00,13782.00,13982.00,14145.00,14345.00,14510.00,14685.00,14885.00,15074.00,15258.00,15458.00,15640.00,15840.00,16040.00,16240.00,16413.00,16589.00,16772.00,16972.00,17172.00,17372.00,17562.00,17746.00,17935.00,18109.00,18277.00,18475.00,18675.00,18875.00,19060.00,19260.00,19460.00,19660.00,19860.00,20060.00,,,,,,,,,,,,,,,,,,,,,,,,,,,,,,,,,,,,,,,,,,,,,,,,,,,,,,,,,,,,,,,,,,,,,,,,,,,,,,,,,,,,,,,,,,
15.00,26.00,14.00,22.00,15.00,15.00,19.00,24.00,9.00,23.00,10.00,26.00,22.00,12.00,22.00,12.00,16.00,60.00,10.00,15.00,21.00,10.00,18.00,12.00,19.00,18.00,15.00,23.00,61.00,23.00,23.00,29.00,24.00,14.00,20.00,10.00,11.00,17.00,63.00,67.00,21.00,29.00,12.00,12.00,15.00,64.00,19.00,15.00,22.00,13.00,24.00,45.00,17.00,13.00,31.00,35.00,64.00,45.00,17.00,80.00,21.00,61.00,15.00,19.00,64.00,24.00,23.00,12.00,13.00,17.00,26.00,13.00,47.00,53.00,36.00,46.00,38.00,13.00,13.00,36.00,14.00,25.00,23.00,20.00,29.00,87.00,16.00,15.00,52.00,30.00,69.00,9.00,13.00,17.00,16.00,16.00,72.00,15.00,33.00,67.00,30.00,12.00,42.00,40.00,17.00,50.00,26.00,21.00,41.00,13.00,14.00,19.00,46.00,47.00,13.00,76.00,74.00,106.00,42.00,110.00,160.00,84.00,200.00,185.00,28.00,66.00,90.00,184.00,200.00,120.00,103.00,200.00,200.00,200.00,200.00,200.00,200.00,200.00,200.00,200.00,200.00,200.00,190.00,179.00,200.00,125.00,200.00,200.00,200.00,200.00,200.00,200.00,200.00,200.00,200.00,200.00,200.00,200.00,200.00,200.00,200.00,200.00,200.00,200.00,200.00,200.00,200.00,200.00,200.00,200.00,200.00,200.00,200.00,200.00,200.00,195.00,200.00,200.00,198.00,200.00,177.00,200.00,178.00,200.00,200.00,200.00,200.00,200.00,200.00,200.00,200.00,200.00,198.00,200.00,200.00,200.00,200.00,200.00,200.00,200.00,178.00,189.00,200.00,200.00,181.00,176.00,200.00,186.00,,,,,,,,,,,,,,,,,,,,,,,,,,,,,,,,,,,,,,,,,,,,,,,,,,,,,,,,,,,,,,,,,,,,,,,,,,,,,,,,,,
15.00,41.00,55.00,77.00,92.00,107.00,126.00,150.00,159.00,182.00,192.00,218.00,240.00,252.00,274.00,286.00,302.00,362.00,372.00,387.00,408.00,418.00,436.00,448.00,467.00,485.00,500.00,523.00,584.00,607.00,630.00,659.00,683.00,697.00,717.00,727.00,738.00,755.00,818.00,885.00,906.00,935.00,947.00,959.00,974.00,1038.00,1057.00,1072.00,1094.00,1107.00,1131.00,1176.00,1193.00,1206.00,1237.00,1272.00,1336.00,1381.00,1398.00,1478.00,1499.00,1560.00,1575.00,1594.00,1658.00,1682.00,1705.00,1717.00,1730.00,1747.00,1773.00,1786.00,1833.00,1886.00,1922.00,1968.00,2006.00,2019.00,2032.00,2068.00,2082.00,2107.00,2130.00,2150.00,2179.00,2266.00,2282.00,2297.00,2349.00,2379.00,2448.00,2457.00,2470.00,2487.00,2503.00,2519.00,2591.00,2606.00,2639.00,2706.00,2736.00,2748.00,2790.00,2830.00,2847.00,2897.00,2923.00,2944.00,2985.00,2998.00,3012.00,3031.00,3077.00,3124.00,3137.00,3213.00,3287.00,3393.00,3435.00,3545.00,3705.00,3789.00,3989.00,4174.00,4202.00,4268.00,4358.00,4542.00,4742.00,4862.00,4965.00,5165.00,5365.00,5565.00,5765.00,5965.00,6165.00,6365.00,6565.00,6765.00,6965.00,7165.00,7355.00,7534.00,7734.00,7859.00,8059.00,8259.00,8459.00,8659.00,8859.00,9059.00,9259.00,9459.00,9659.00,9859.00,10059.00,10259.00,10459.00,10659.00,10859.00,11059.00,11259.00,11459.00,11659.00,11859.00,12059.00,12259.00,12459.00,12659.00,12859.00,13059.00,13259.00,13459.00,13659.00,13854.00,14054.00,14254.00,14452.00,14652.00,14829.00,15029.00,15207.00,15407.00,15607.00,15807.00,16007.00,16207.00,16407.00,16607.00,16807.00,17007.00,17205.00,17405.00,17605.00,17805.00,18005.00,18205.00,18405.00,18605.00,18783.00,18972.00,19172.00,19372.00,19553.00,19729.00,19929.00,20115.00,,,,,,,,,,,,,,,,,,,,,,,,,,,,,,,,,,,,,,,,,,,,,,,,,,,,,,,,,,,,,,,,,,,,,,,,,,,,,,,,,,
25.00,28.00,15.00,12.00,28.00,18.00,11.00,26.00,24.00,14.00,15.00,23.00,11.00,24.00,19.00,50.00,13.00,33.00,13.00,11.00,12.00,21.00,39.00,16.00,17.00,15.00,14.00,17.00,28.00,21.00,78.00,50.00,19.00,50.00,49.00,10.00,26.00,28.00,16.00,19.00,11.00,34.00,41.00,16.00,41.00,12.00,16.00,43.00,19.00,52.00,44.00,125.00,17.00,41.00,29.00,91.00,20.00,20.00,23.00,10.00,18.00,30.00,44.00,22.00,75.00,129.00,57.00,35.00,84.00,67.00,74.00,21.00,136.00,149.00,40.00,49.00,52.00,89.00,28.00,138.00,74.00,17.00,35.00,33.00,129.00,153.00,20.00,125.00,17.00,30.00,13.00,101.00,107.00,102.00,120.00,75.00,26.00,20.00,34.00,20.00,29.00,34.00,110.00,80.00,101.00,41.00,72.00,22.00,139.00,114.00,39.00,126.00,100.00,118.00,104.00,125.00,123.00,200.00,200.00,193.00,179.00,200.00,200.00,200.00,200.00,200.00,200.00,188.00,195.00,176.00,200.00,170.00,116.00,22.00,124.00,119.00,112.00,106.00,114.00,113.00,100.00,161.00,98.00,144.00,167.00,110.00,105.00,163.00,99.00,103.00,176.00,136.00,188.00,189.00,130.00,16.00,200.00,200.00,200.00,189.00,200.00,192.00,171.00,193.00,187.00,175.00,145.00,101.00,200.00,186.00,97.00,103.00,103.00,95.00,200.00,139.00,94.00,200.00,98.00,91.00,181.00,200.00,200.00,200.00,200.00,200.00,200.00,200.00,200.00,200.00,200.00,200.00,200.00,200.00,168.00,200.00,200.00,200.00,200.00,200.00,200.00,200.00,200.00,200.00,,,,,,,,,,,,,,,,,,,,,,,,,,,,,,,,,,,,,,,,,,,,,,,,,,,,,,,,,,,,,,,,,,,,,,,,,,,,,,,,,,,,,,
25.00,53.00,68.00,80.00,108.00,126.00,137.00,163.00,187.00,201.00,216.00,239.00,250.00,274.00,293.00,343.00,356.00,389.00,402.00,413.00,425.00,446.00,485.00,501.00,518.00,533.00,547.00,564.00,592.00,613.00,691.00,741.00,760.00,810.00,859.00,869.00,895.00,923.00,939.00,958.00,969.00,1003.00,1044.00,1060.00,1101.00,1113.00,1129.00,1172.00,1191.00,1243.00,1287.00,1412.00,1429.00,1470.00,1499.00,1590.00,1610.00,1630.00,1653.00,1663.00,1681.00,1711.00,1755.00,1777.00,1852.00,1981.00,2038.00,2073.00,2157.00,2224.00,2298.00,2319.00,2455.00,2604.00,2644.00,2693.00,2745.00,2834.00,2862.00,3000.00,3074.00,3091.00,3126.00,3159.00,3288.00,3441.00,3461.00,3586.00,3603.00,3633.00,3646.00,3747.00,3854.00,3956.00,4076.00,4151.00,4177.00,4197.00,4231.00,4251.00,4280.00,4314.00,4424.00,4504.00,4605.00,4646.00,4718.00,4740.00,4879.00,4993.00,5032.00,5158.00,5258.00,5376.00,5480.00,5605.00,5728.00,5928.00,6128.00,6321.00,6500.00,6700.00,6900.00,7100.00,7300.00,7500.00,7700.00,7888.00,8083.00,8259.00,8459.00,8629.00,8745.00,8767.00,8891.00,9010.00,9122.00,9228.00,9342.00,9455.00,9555.00,9716.00,9814.00,9958.00,10125.00,10235.00,10340.00,10503.00,10602.00,10705.00,10881.00,11017.00,11205.00,11394.00,11524.00,11540.00,11740.00,11940.00,12140.00,12329.00,12529.00,12721.00,12892.00,13085.00,13272.00,13447.00,13592.00,13693.00,13893.00,14079.00,14176.00,14279.00,14382.00,14477.00,14677.00,14816.00,14910.00,15110.00,15208.00,15299.00,15480.00,15680.00,15880.00,16080.00,16280.00,16480.00,16680.00,16880.00,17080.00,17280.00,17480.00,17680.00,17880.00,18080.00,18248.00,18448.00,18648.00,18848.00,19048.00,19248.00,19448.00,19648.00,19848.00,20048.00,,,,,,,,,,,,,,,,,,,,,,,,,,,,,,,,,,,,,,,,,,,,,,,,,,,,,,,,,,,,,,,,,,,,,,,,,,,,,,,,,,,,,,
11.00,27.00,22.00,30.00,57.00,28.00,25.00,42.00,31.00,41.00,12.00,22.00,21.00,10.00,9.00,20.00,20.00,15.00,21.00,13.00,28.00,16.00,15.00,69.00,25.00,33.00,36.00,21.00,29.00,15.00,34.00,15.00,36.00,48.00,15.00,22.00,14.00,16.00,16.00,15.00,22.00,104.00,81.00,31.00,24.00,20.00,30.00,19.00,27.00,58.00,17.00,14.00,38.00,79.00,18.00,24.00,18.00,80.00,21.00,13.00,81.00,21.00,20.00,82.00,33.00,66.00,19.00,45.00,61.00,80.00,184.00,37.00,46.00,40.00,38.00,19.00,70.00,20.00,77.00,57.00,15.00,83.00,40.00,20.00,33.00,67.00,55.00,89.00,52.00,50.00,17.00,21.00,116.00,111.00,68.00,200.00,74.00,176.00,62.00,54.00,50.00,144.00,51.00,200.00,129.00,200.00,200.00,200.00,200.00,200.00,200.00,200.00,200.00,200.00,200.00,200.00,200.00,200.00,200.00,200.00,200.00,200.00,200.00,200.00,200.00,200.00,200.00,200.00,200.00,200.00,200.00,200.00,200.00,200.00,200.00,200.00,200.00,200.00,200.00,195.00,199.00,200.00,200.00,183.00,188.00,137.00,178.00,138.00,198.00,151.00,148.00,183.00,200.00,169.00,194.00,171.00,177.00,200.00,194.00,180.00,200.00,200.00,200.00,178.00,176.00,176.00,134.00,118.00,160.00,166.00,145.00,160.00,200.00,197.00,200.00,185.00,200.00,184.00,192.00,200.00,200.00,200.00,200.00,200.00,200.00,200.00,,,,,,,,,,,,,,,,,,,,,,,,,,,,,,,,,,,,,,,,,,,,,,,,,,,,,,,,,,,,,,,,,,,,,,,,,,,,,,,,,,,,,,,,,,,,,,,,,,,,,,,,
11.00,38.00,60.00,90.00,147.00,175.00,200.00,242.00,273.00,314.00,326.00,348.00,369.00,379.00,388.00,408.00,428.00,443.00,464.00,477.00,505.00,521.00,536.00,605.00,630.00,663.00,699.00,720.00,749.00,764.00,798.00,813.00,849.00,897.00,912.00,934.00,948.00,964.00,980.00,995.00,1017.00,1121.00,1202.00,1233.00,1257.00,1277.00,1307.00,1326.00,1353.00,1411.00,1428.00,1442.00,1480.00,1559.00,1577.00,1601.00,1619.00,1699.00,1720.00,1733.00,1814.00,1835.00,1855.00,1937.00,1970.00,2036.00,2055.00,2100.00,2161.00,2241.00,2425.00,2462.00,2508.00,2548.00,2586.00,2605.00,2675.00,2695.00,2772.00,2829.00,2844.00,2927.00,2967.00,2987.00,3020.00,3087.00,3142.00,3231.00,3283.00,3333.00,3350.00,3371.00,3487.00,3598.00,3666.00,3866.00,3940.00,4116.00,4178.00,4232.00,4282.00,4426.00,4477.00,4677.00,4806.00,5006.00,5206.00,5406.00,5606.00,5806.00,6006.00,6206.00,6406.00,6606.00,6806.00,7006.00,7206.00,7406.00,7606.00,7806.00,8006.00,8206.00,8406.00,8606.00,8806.00,9006.00,9206.00,9406.00,9606.00,9806.00,10006.00,10206.00,10406.00,10606.00,10806.00,11006.00,11206.00,11406.00,11606.00,11801.00,12000.00,12200.00,12400.00,12583.00,12771.00,12908.00,13086.00,13224.00,13422.00,13573.00,13721.00,13904.00,14104.00,14273.00,14467.00,14638.00,14815.00,15015.00,15209.00,15389.00,15589.00,15789.00,15989.00,16167.00,16343.00,16519.00,16653.00,16771.00,16931.00,17097.00,17242.00,17402.00,17602.00,17799.00,17999.00,18184.00,18384.00,18568.00,18760.00,18960.00,19160.00,19360.00,19560.00,19760.00,19960.00,20160.00,,,,,,,,,,,,,,,,,,,,,,,,,,,,,,,,,,,,,,,,,,,,,,,,,,,,,,,,,,,,,,,,,,,,,,,,,,,,,,,,,,,,,,,,,,,,,,,,,,,,,,,,
15.00,16.00,16.00,21.00,17.00,23.00,28.00,13.00,16.00,18.00,39.00,33.00,11.00,15.00,19.00,36.00,21.00,25.00,25.00,36.00,18.00,21.00,50.00,13.00,10.00,94.00,46.00,25.00,24.00,45.00,28.00,34.00,47.00,9.00,22.00,18.00,15.00,19.00,13.00,56.00,59.00,36.00,62.00,25.00,34.00,29.00,34.00,33.00,44.00,17.00,29.00,43.00,16.00,22.00,17.00,16.00,11.00,63.00,37.00,30.00,32.00,38.00,35.00,15.00,29.00,40.00,19.00,75.00,25.00,39.00,78.00,69.00,27.00,71.00,57.00,28.00,56.00,16.00,58.00,63.00,38.00,32.00,82.00,39.00,52.00,35.00,32.00,59.00,43.00,23.00,37.00,14.00,27.00,27.00,33.00,33.00,72.00,37.00,49.00,25.00,36.00,68.00,40.00,76.00,94.00,48.00,89.00,144.00,80.00,48.00,35.00,55.00,88.00,41.00,27.00,40.00,41.00,87.00,95.00,103.00,33.00,110.00,81.00,93.00,82.00,99.00,123.00,104.00,102.00,165.00,79.00,178.00,195.00,89.00,153.00,172.00,84.00,73.00,95.00,89.00,93.00,85.00,86.00,81.00,87.00,79.00,95.00,93.00,73.00,70.00,88.00,79.00,85.00,115.00,66.00,95.00,76.00,91.00,79.00,104.00,105.00,81.00,71.00,74.00,89.00,73.00,54.00,78.00,78.00,96.00,87.00,81.00,81.00,85.00,94.00,96.00,69.00,69.00,65.00,55.00,70.00,74.00,71.00,84.00,70.00,68.00,84.00,83.00,89.00,72.00,94.00,123.00,99.00,87.00,87.00,96.00,93.00,84.00,73.00,69.00,65.00,91.00,83.00,77.00,96.00,91.00,90.00,106.00,142.00,78.00,83.00,101.00,116.00,107.00,97.00,113.00,109.00,108.00,111.00,98.00,113.00,98.00,91.00,83.00,132.00,106.00,112.00,120.00,121.00,132.00,91.00,109.00,132.00,154.00,126.00,115.00,110.00,101.00,134.00,128.00,118.00,99.00,98.00,117.00,113.00,123.00,121.00,101.00,110.00,104.00,100.00,101.00,111.00,124.00,124.00,111.00,136.00,114.00,133.00,146.00,147.00,124.00,120.00,123.00,169.00,139.00,128.00,102.00,141.00,136.00,129.00,116.00,,,,,,,,,,,,,,,,,,
15.00,31.00,47.00,68.00,85.00,108.00,136.00,149.00,165.00,183.00,222.00,255.00,266.00,281.00,300.00,336.00,357.00,382.00,407.00,443.00,461.00,482.00,532.00,545.00,555.00,649.00,695.00,720.00,744.00,789.00,817.00,851.00,898.00,907.00,929.00,947.00,962.00,981.00,994.00,1050.00,1109.00,1145.00,1207.00,1232.00,1266.00,1295.00,1329.00,1362.00,1406.00,1423.00,1452.00,1495.00,1511.00,1533.00,1550.00,1566.00,1577.00,1640.00,1677.00,1707.00,1739.00,1777.00,1812.00,1827.00,1856.00,1896.00,1915.00,1990.00,2015.00,2054.00,2132.00,2201.00,2228.00,2299.00,2356.00,2384.00,2440.00,2456.00,2514.00,2577.00,2615.00,2647.00,2729.00,2768.00,2820.00,2855.00,2887.00,2946.00,2989.00,3012.00,3049.00,3063.00,3090.00,3117.00,3150.00,3183.00,3255.00,3292.00,3341.00,3366.00,3402.00,3470.00,3510.00,3586.00,3680.00,3728.00,3817.00,3961.00,4041.00,4089.00,4124.00,4179.00,4267.00,4308.00,4335.00,4375.00,4416.00,4503.00,4598.00,4701.00,4734.00,4844.00,4925.00,5018.00,5100.00,5199.00,5322.00,5426.00,5528.00,5693.00,5772.00,5950.00,6145.00,6234.00,6387.00,6559.00,6643.00,6716.00,6811.00,6900.00,6993.00,7078.00,7164.00,7245.00,7332.00,7411.00,7506.00,7599.00,7672.00,7742.00,7830.00,7909.00,7994.00,8109.00,8175.00,8270.00,8346.00,8437.00,8516.00,8620.00,8725.00,8806.00,8877.00,8951.00,9040.00,9113.00,9167.00,9245.00,9323.00,9419.00,9506.00,9587.00,9668.00,9753.00,9847.00,9943.00,10012.00,10081.00,10146.00,10201.00,10271.00,10345.00,10416.00,10500.00,10570.00,10638.00,10722.00,10805.00,10894.00,10966.00,11060.00,11183.00,11282.00,11369.00,11456.00,11552.00,11645.00,11729.00,11802.00,11871.00,11936.00,12027.00,12110.00,12187.00,12283.00,12374.00,12464.00,12570.00,12712.00,12790.00,12873.00,12974.00,13090.00,13197.00,13294.00,13407.00,13516.00,13624.00,13735.00,13833.00,13946.00,14044.00,14135.00,14218.00,14350.00,14456.00,14568.00,14688.00,14809.00,14941.00,15032.00,15141.00,15273.00,15427.00,15553.00,15668.00,15778.00,15879.00,16013.00,16141.00,16259.00,16358.00,16456.00,16573.00,16686.00,16809.00,16930.00,17031.00,17141.00,17245.00,17345.00,17446.00,17557.00,17681.00,17805.00,17916.00,18052.00,18166.00,18299.00,18445.00,18592.00,18716.00,18836.00,18959.00,19128.00,19267.00,19395.00,19497.00,19638.00,19774.00,19903.00,20019.00,,,,,,,,,,,,,,,,,,
8.00,22.00,28.00,19.00,17.00,17.00,19.00,37.00,16.00,22.00,16.00,49.00,11.00,12.00,12.00,17.00,25.00,15.00,25.00,34.00,11.00,33.00,24.00,24.00,34.00,11.00,32.00,22.00,13.00,24.00,26.00,59.00,16.00,21.00,61.00,16.00,16.00,16.00,27.00,19.00,73.00,28.00,12.00,10.00,16.00,144.00,15.00,52.00,9.00,16.00,22.00,86.00,15.00,55.00,27.00,18.00,81.00,61.00,17.00,91.00,32.00,28.00,22.00,13.00,69.00,19.00,29.00,144.00,167.00,49.00,44.00,16.00,40.00,19.00,20.00,39.00,32.00,29.00,21.00,48.00,52.00,73.00,69.00,27.00,63.00,14.00,55.00,38.00,98.00,72.00,95.00,30.00,67.00,51.00,147.00,83.00,67.00,152.00,151.00,160.00,119.00,200.00,200.00,143.00,200.00,200.00,200.00,200.00,200.00,200.00,200.00,200.00,200.00,200.00,200.00,200.00,200.00,200.00,200.00,200.00,200.00,200.00,200.00,200.00,200.00,200.00,200.00,200.00,200.00,200.00,200.00,200.00,200.00,200.00,200.00,200.00,200.00,200.00,200.00,200.00,200.00,200.00,200.00,200.00,200.00,200.00,200.00,200.00,200.00,200.00,200.00,200.00,200.00,200.00,200.00,200.00,200.00,189.00,196.00,195.00,200.00,200.00,200.00,200.00,200.00,200.00,197.00,200.00,179.00,179.00,177.00,200.00,194.00,178.00,188.00,149.00,172.00,178.00,178.00,151.00,160.00,137.00,,,,,,,,,,,,,,,,,,,,,,,,,,,,,,,,,,,,,,,,,,,,,,,,,,,,,,,,,,,,,,,,,,,,,,,,,,,,,,,,,,,,,,,,,,,,,,,,,,,,,,,,,,,,
8.00,30.00,58.00,77.00,94.00,111.00,130.00,167.00,183.00,205.00,221.00,270.00,281.00,293.00,305.00,322.00,347.00,362.00,387.00,421.00,432.00,465.00,489.00,513.00,547.00,558.00,590.00,612.00,625.00,649.00,675.00,734.00,750.00,771.00,832.00,848.00,864.00,880.00,907.00,926.00,999.00,1027.00,1039.00,1049.00,1065.00,1209.00,1224.00,1276.00,1285.00,1301.00,1323.00,1409.00,1424.00,1479.00,1506.00,1524.00,1605.00,1666.00,1683.00,1774.00,1806.00,1834.00,1856.00,1869.00,1938.00,1957.00,1986.00,2130.00,2297.00,2346.00,2390.00,2406.00,2446.00,2465.00,2485.00,2524.00,2556.00,2585.00,2606.00,2654.00,2706.00,2779.00,2848.00,2875.00,2938.00,2952.00,3007.00,3045.00,3143.00,3215.00,3310.00,3340.00,3407.00,3458.00,3605.00,3688.00,3755.00,3907.00,4058.00,4218.00,4337.00,4537.00,4737.00,4880.00,5080.00,5280.00,5480.00,5680.00,5880.00,6080.00,6280.00,6480.00,6680.00,6880.00,7080.00,7280.00,7480.00,7680.00,7880.00,8080.00,8280.00,8480.00,8680.00,8880.00,9080.00,9280.00,9480.00,9680.00,9880.00,10080.00,10280.00,10480.00,10680.00,10880.00,11080.00,11280.00,11480.00,11680.00,11880.00,12080.00,12280.00,12480.00,12680.00,12880.00,13080.00,13280.00,13480.00,13680.00,13880.00,14080.00,14280.00,14480.00,14680.00,14880.00,15080.00,15280.00,15480.00,15669.00,15865.00,16060.00,16260.00,16460.00,16660.00,16860.00,17060.00,17260.00,17457.00,17657.00,17836.00,18015.00,18192.00,18392.00,18586.00,18764.00,18952.00,19101.00,19273.00,19451.00,19629.00,19780.00,19940.00,20077.00,,,,,,,,,,,,,,,,,,,,,,,,,,,,,,,,,,,,,,,,,,,,,,,,,,,,,,,,,,,,,,,,,,,,,,,,,,,,,,,,,,,,,,,,,,,,,,,,,,,,,,,,,,,,
17.00,74.00,22.00,21.00,9.00,36.00,38.00,24.00,28.00,13.00,9.00,14.00,11.00,56.00,19.00,16.00,13.00,12.00,12.00,11.00,17.00,26.00,24.00,15.00,23.00,44.00,11.00,23.00,30.00,16.00,16.00,27.00,10.00,60.00,11.00,26.00,16.00,52.00,79.00,38.00,24.00,72.00,114.00,11.00,39.00,39.00,40.00,31.00,15.00,23.00,48.00,66.00,26.00,29.00,46.00,93.00,88.00,17.00,93.00,54.00,62.00,29.00,83.00,45.00,114.00,43.00,92.00,200.00,126.00,138.00,155.00,99.00,123.00,79.00,83.00,116.00,177.00,84.00,186.00,200.00,189.00,136.00,200.00,157.00,200.00,200.00,200.00,200.00,200.00,200.00,200.00,200.00,200.00,200.00,200.00,200.00,200.00,200.00,200.00,200.00,200.00,200.00,200.00,200.00,200.00,200.00,200.00,200.00,200.00,200.00,200.00,200.00,200.00,200.00,200.00,200.00,200.00,200.00,200.00,200.00,200.00,200.00,200.00,200.00,200.00,200.00,200.00,200.00,200.00,200.00,200.00,200.00,200.00,200.00,200.00,200.00,200.00,200.00,200.00,200.00,200.00,200.00,200.00,200.00,200.00,200.00,200.00,200.00,200.00,200.00,200.00,200.00,200.00,200.00,200.00,200.00,200.00,200.00,200.00,200.00,,,,,,,,,,,,,,,,,,,,,,,,,,,,,,,,,,,,,,,,,,,,,,,,,,,,,,,,,,,,,,,,,,,,,,,,,,,,,,,,,,,,,,,,,,,,,,,,,,,,,,,,,,,,,,,,,,,,,,,,,,,,,,,,,,
17.00,91.00,113.00,134.00,143.00,179.00,217.00,241.00,269.00,282.00,291.00,305.00,316.00,372.00,391.00,407.00,420.00,432.00,444.00,455.00,472.00,498.00,522.00,537.00,560.00,604.00,615.00,638.00,668.00,684.00,700.00,727.00,737.00,797.00,808.00,834.00,850.00,902.00,981.00,1019.00,1043.00,1115.00,1229.00,1240.00,1279.00,1318.00,1358.00,1389.00,1404.00,1427.00,1475.00,1541.00,1567.00,1596.00,1642.00,1735.00,1823.00,1840.00,1933.00,1987.00,2049.00,2078.00,2161.00,2206.00,2320.00,2363.00,2455.00,2655.00,2781.00,2919.00,3074.00,3173.00,3296.00,3375.00,3458.00,3574.00,3751.00,3835.00,4021.00,4221.00,4410.00,4546.00,4746.00,4903.00,5103.00,5303.00,5503.00,5703.00,5903.00,6103.00,6303.00,6503.00,6703.00,6903.00,7103.00,7303.00,7503.00,7703.00,7903.00,8103.00,8303.00,8503.00,8703.00,8903.00,9103.00,9303.00,9503.00,9703.00,9903.00,10103.00,10303.00,10503.00,10703.00,10903.00,11103.00,11303.00,11503.00,11703.00,11903.00,12103.00,12303.00,12503.00,12703.00,12903.00,13103.00,13303.00,13503.00,13703.00,13903.00,14103.00,14303.00,14503.00,14703.00,14903.00,15103.00,15303.00,15503.00,15703.00,15903.00,16103.00,16303.00,16503.00,16703.00,16903.00,17103.00,17303.00,17503.00,17703.00,17903.00,18103.00,18303.00,18503.00,18703.00,18903.00,19103.00,19303.00,19503.00,19703.00,19903.00,20103.00,,,,,,,,,,,,,,,,,,,,,,,,,,,,,,,,,,,,,,,,,,,,,,,,,,,,,,,,,,,,,,,,,,,,,,,,,,,,,,,,,,,,,,,,,,,,,,,,,,,,,,,,,,,,,,,,,,,,,,,,,,,,,,,,,,
12.00,22.00,14.00,11.00,12.00,46.00,18.00,20.00,26.00,15.00,9.00,21.00,14.00,55.00,16.00,11.00,13.00,16.00,26.00,12.00,11.00,13.00,16.00,24.00,24.00,16.00,11.00,38.00,30.00,15.00,15.00,27.00,18.00,17.00,122.00,57.00,27.00,24.00,16.00,34.00,20.00,25.00,12.00,23.00,20.00,21.00,18.00,20.00,34.00,31.00,20.00,9.00,74.00,81.00,35.00,44.00,48.00,12.00,34.00,29.00,60.00,32.00,9.00,54.00,23.00,57.00,9.00,42.00,34.00,80.00,15.00,17.00,34.00,60.00,65.00,35.00,47.00,127.00,13.00,20.00,10.00,139.00,48.00,44.00,54.00,29.00,103.00,97.00,24.00,82.00,41.00,14.00,28.00,102.00,141.00,129.00,20.00,50.00,13.00,13.00,19.00,100.00,24.00,96.00,98.00,19.00,24.00,16.00,88.00,83.00,125.00,84.00,145.00,17.00,26.00,17.00,15.00,17.00,20.00,15.00,17.00,84.00,20.00,16.00,17.00,20.00,22.00,135.00,22.00,124.00,90.00,137.00,18.00,88.00,150.00,55.00,24.00,176.00,162.00,140.00,92.00,170.00,143.00,98.00,81.00,83.00,82.00,18.00,93.00,90.00,22.00,138.00,154.00,98.00,57.00,159.00,149.00,143.00,142.00,178.00,200.00,200.00,200.00,200.00,200.00,196.00,140.00,156.00,147.00,132.00,134.00,163.00,154.00,132.00,133.00,156.00,179.00,159.00,92.00,79.00,136.00,178.00,136.00,154.00,147.00,142.00,136.00,144.00,99.00,156.00,149.00,137.00,93.00,133.00,140.00,153.00,103.00,96.00,114.00,93.00,140.00,91.00,153.00,110.00,83.00,95.00,104.00,104.00,78.00,101.00,104.00,106.00,106.00,110.00,164.00,179.00,149.00,143.00,182.00,140.00,144.00,150.00,145.00,159.00,145.00,141.00,102.00,153.00,142.00,104.00,174.00,161.00,159.00,101.00,178.00,159.00,181.00,173.00,154.00,156.00,162.00,160.00,183.00,,,,,,,,,,,,,,,,,,,,,,,,,,,,,,,,,,,,,,,,,,,,,,,
12.00,34.00,48.00,59.00,71.00,117.00,135.00,155.00,181.00,196.00,205.00,226.00,240.00,295.00,311.00,322.00,335.00,351.00,377.00,389.00,400.00,413.00,429.00,453.00,477.00,493.00,504.00,542.00,572.00,587.00,602.00,629.00,647.00,664.00,786.00,843.00,870.00,894.00,910.00,944.00,964.00,989.00,1001.00,1024.00,1044.00,1065.00,1083.00,1103.00,1137.00,1168.00,1188.00,1197.00,1271.00,1352.00,1387.00,1431.00,1479.00,1491.00,1525.00,1554.00,1614.00,1646.00,1655.00,1709.00,1732.00,1789.00,1798.00,1840.00,1874.00,1954.00,1969.00,1986.00,2020.00,2080.00,2145.00,2180.00,2227.00,2354.00,2367.00,2387.00,2397.00,2536.00,2584.00,2628.00,2682.00,2711.00,2814.00,2911.00,2935.00,3017.00,3058.00,3072.00,3100.00,3202.00,3343.00,3472.00,3492.00,3542.00,3555.00,3568.00,3587.00,3687.00,3711.00,3807.00,3905.00,3924.00,3948.00,3964.00,4052.00,4135.00,4260.00,4344.00,4489.00,4506.00,4532.00,4549.00,4564.00,4581.00,4601.00,4616.00,4633.00,4717.00,4737.00,4753.00,4770.00,4790.00,4812.00,4947.00,4969.00,5093.00,5183.00,5320.00,5338.00,5426.00,5576.00,5631.00,5655.00,5831.00,5993.00,6133.00,6225.00,6395.00,6538.00,6636.00,6717.00,6800.00,6882.00,6900.00,6993.00,7083.00,7105.00,7243.00,7397.00,7495.00,7552.00,7711.00,7860.00,8003.00,8145.00,8323.00,8523.00,8723.00,8923.00,9123.00,9323.00,9519.00,9659.00,9815.00,9962.00,10094.00,10228.00,10391.00,10545.00,10677.00,10810.00,10966.00,11145.00,11304.00,11396.00,11475.00,11611.00,11789.00,11925.00,12079.00,12226.00,12368.00,12504.00,12648.00,12747.00,12903.00,13052.00,13189.00,13282.00,13415.00,13555.00,13708.00,13811.00,13907.00,14021.00,14114.00,14254.00,14345.00,14498.00,14608.00,14691.00,14786.00,14890.00,14994.00,15072.00,15173.00,15277.00,15383.00,15489.00,15599.00,15763.00,15942.00,16091.00,16234.00,16416.00,16556.00,16700.00,16850.00,16995.00,17154.00,17299.00,17440.00,17542.00,17695.00,17837.00,17941.00,18115.00,18276.00,18435.00,18536.00,18714.00,18873.00,19054.00,19227.00,19381.00,19537.00,19699.00,19859.00,20042.00,,,,,,,,,,,,,,,,,,,,,,,,,,,,,,,,,,,,,,,,,,,,,,,
12.00,39.00,20.00,16.00,23.00,30.00,30.00,32.00,21.00,11.00,65.00,24.00,30.00,13.00,24.00,37.00,21.00,49.00,15.00,11.00,33.00,40.00,14.00,33.00,15.00,17.00,18.00,15.00,12.00,36.00,21.00,12.00,32.00,20.00,19.00,48.00,42.00,55.00,20.00,19.00,34.00,22.00,37.00,76.00,18.00,12.00,14.00,40.00,12.00,13.00,21.00,19.00,28.00,27.00,64.00,19.00,10.00,23.00,29.00,23.00,60.00,11.00,44.00,29.00,25.00,20.00,71.00,15.00,104.00,28.00,14.00,57.00,33.00,25.00,81.00,20.00,9.00,70.00,46.00,30.00,47.00,15.00,41.00,18.00,19.00,14.00,154.00,13.00,66.00,85.00,59.00,64.00,148.00,49.00,128.00,123.00,69.00,128.00,74.00,108.00,72.00,84.00,66.00,57.00,123.00,85.00,92.00,131.00,55.00,75.00,89.00,61.00,78.00,109.00,96.00,82.00,90.00,72.00,94.00,85.00,107.00,72.00,88.00,79.00,36.00,86.00,83.00,66.00,61.00,64.00,77.00,59.00,66.00,62.00,88.00,98.00,84.00,98.00,93.00,90.00,64.00,103.00,84.00,104.00,93.00,103.00,109.00,101.00,102.00,54.00,112.00,96.00,95.00,94.00,55.00,88.00,78.00,71.00,68.00,61.00,74.00,78.00,65.00,77.00,73.00,59.00,61.00,68.00,68.00,88.00,60.00,62.00,66.00,61.00,60.00,60.00,74.00,73.00,71.00,64.00,59.00,88.00,61.00,58.00,61.00,55.00,70.00,54.00,76.00,57.00,73.00,63.00,72.00,60.00,58.00,44.00,79.00,69.00,68.00,67.00,60.00,77.00,87.00,73.00,87.00,68.00,80.00,87.00,72.00,66.00,85.00,73.00,80.00,79.00,90.00,102.00,97.00,98.00,100.00,93.00,93.00,103.00,101.00,97.00,102.00,94.00,84.00,110.00,93.00,99.00,98.00,100.00,89.00,104.00,90.00,84.00,98.00,96.00,104.00,87.00,90.00,91.00,82.00,98.00,85.00,85.00,81.00,98.00,94.00,79.00,82.00,86.00,82.00,87.00,81.00,89.00,98.00,134.00,116.00,126.00,118.00,136.00,126.00,130.00,126.00,118.00,112.00,125.00,116.00,111.00,121.00,89.00,113.00,126.00,109.00,85.00,95.00,88.00,128.00,81.00,86.00,102.00,93.00,106.00,39.00,95.00,99.00,98.00,92.00,96.00
12.00,51.00,71.00,87.00,110.00,140.00,170.00,202.00,223.00,234.00,299.00,323.00,353.00,366.00,390.00,427.00,448.00,497.00,512.00,523.00,556.00,596.00,610.00,643.00,658.00,675.00,693.00,708.00,720.00,756.00,777.00,789.00,821.00,841.00,860.00,908.00,950.00,1005.00,1025.00,1044.00,1078.00,1100.00,1137.00,1213.00,1231.00,1243.00,1257.00,1297.00,1309.00,1322.00,1343.00,1362.00,1390.00,1417.00,1481.00,1500.00,1510.00,1533.00,1562.00,1585.00,1645.00,1656.00,1700.00,1729.00,1754.00,1774.00,1845.00,1860.00,1964.00,1992.00,2006.00,2063.00,2096.00,2121.00,2202.00,2222.00,2231.00,2301.00,2347.00,2377.00,2424.00,2439.00,2480.00,2498.00,2517.00,2531.00,2685.00,2698.00,2764.00,2849.00,2908.00,2972.00,3120.00,3169.00,3297.00,3420.00,3489.00,3617.00,3691.00,3799.00,3871.00,3955.00,4021.00,4078.00,4201.00,4286.00,4378.00,4509.00,4564.00,4639.00,4728.00,4789.00,4867.00,4976.00,5072.00,5154.00,5244.00,5316.00,5410.00,5495.00,5602.00,5674.00,5762.00,5841.00,5877.00,5963.00,6046.00,6112.00,6173.00,6237.00,6314.00,6373.00,6439.00,6501.00,6589.00,6687.00,6771.00,6869.00,6962.00,7052.00,7116.00,7219.00,7303.00,7407.00,7500.00,7603.00,7712.00,7813.00,7915.00,7969.00,8081.00,8177.00,8272.00,8366.00,8421.00,8509.00,8587.00,8658.00,8726.00,8787.00,8861.00,8939.00,9004.00,9081.00,9154.00,9213.00,9274.00,9342.00,9410.00,9498.00,9558.00,9620.00,9686.00,9747.00,9807.00,9867.00,9941.00,10014.00,10085.00,10149.00,10208.00,10296.00,10357.00,10415.00,10476.00,10531.00,10601.00,10655.00,10731.00,10788.00,10861.00,10924.00,10996.00,11056.00,11114.00,11158.00,11237.00,11306.00,11374.00,11441.00,11501.00,11578.00,11665.00,11738.00,11825.00,11893.00,11973.00,12060.00,12132.00,12198.00,12283.00,12356.00,12436.00,12515.00,12605.00,12707.00,12804.00,12902.00,13002.00,13095.00,13188.00,13291.00,13392.00,13489.00,13591.00,13685.00,13769.00,13879.00,13972.00,14071.00,14169.00,14269.00,14358.00,14462.00,14552.00,14636.00,14734.00,14830.00,14934.00,15021.00,15111.00,15202.00,15284.00,15382.00,15467.00,15552.00,15633.00,15731.00,15825.00,15904.00,15986.00,16072.00,16154.00,16241.00,16322.00,16411.00,16509.00,16643.00,16759.00,16885.00,17003.00,17139.00,17265.00,17395.00,17521.00,17639.00,17751.00,17876.00,17992.00,18103.00,18224.00,18313.00,18426.00,18552.00,18661.00,18746.00,18841.00,18929.00,19057.00,19138.00,19224.00,19326.00,19419.00,19525.00,19564.00,19659.00,19758.00,19856.00,19948.00,20044.00
15.00,20.00,30.00,9.00,53.00,11.00,25.00,40.00,15.00,21.00,31.00,31.00,11.00,19.00,31.00,18.00,31.00,14.00,21.00,40.00,26.00,33.00,27.00,10.00,61.00,10.00,35.00,20.00,16.00,50.00,38.00,13.00,54.00,18.00,31.00,25.00,12.00,19.00,28.00,48.00,20.00,41.00,76.00,17.00,22.00,13.00,17.00,24.00,37.00,18.00,24.00,115.00,9.00,62.00,21.00,71.00,26.00,26.00,21.00,67.00,30.00,18.00,22.00,53.00,12.00,53.00,50.00,17.00,25.00,22.00,30.00,98.00,43.00,71.00,162.00,57.00,82.00,62.00,21.00,129.00,94.00,30.00,103.00,23.00,179.00,200.00,168.00,160.00,163.00,152.00,140.00,196.00,200.00,200.00,200.00,19.00,200.00,200.00,200.00,200.00,200.00,200.00,200.00,200.00,200.00,200.00,200.00,200.00,200.00,200.00,200.00,200.00,200.00,200.00,200.00,200.00,200.00,200.00,200.00,200.00,200.00,200.00,200.00,200.00,200.00,200.00,200.00,200.00,200.00,200.00,200.00,200.00,200.00,200.00,200.00,200.00,200.00,200.00,200.00,200.00,200.00,200.00,200.00,200.00,200.00,200.00,200.00,200.00,200.00,200.00,200.00,200.00,200.00,200.00,200.00,200.00,200.00,200.00,200.00,200.00,200.00,200.00,200.00,200.00,200.00,200.00,200.00,200.00,200.00,200.00,200.00,,,,,,,,,,,,,,,,,,,,,,,,,,,,,,,,,,,,,,,,,,,,,,,,,,,,,,,,,,,,,,,,,,,,,,,,,,,,,,,,,,,,,,,,,,,,,,,,,,,,,,,,,,,,,,,,,,,,,,,
15.00,35.00,65.00,74.00,127.00,138.00,163.00,203.00,218.00,239.00,270.00,301.00,312.00,331.00,362.00,380.00,411.00,425.00,446.00,486.00,512.00,545.00,572.00,582.00,643.00,653.00,688.00,708.00,724.00,774.00,812.00,825.00,879.00,897.00,928.00,953.00,965.00,984.00,1012.00,1060.00,1080.00,1121.00,1197.00,1214.00,1236.00,1249.00,1266.00,1290.00,1327.00,1345.00,1369.00,1484.00,1493.00,1555.00,1576.00,1647.00,1673.00,1699.00,1720.00,1787.00,1817.00,1835.00,1857.00,1910.00,1922.00,1975.00,2025.00,2042.00,2067.00,2089.00,2119.00,2217.00,2260.00,2331.00,2493.00,2550.00,2632.00,2694.00,2715.00,2844.00,2938.00,2968.00,3071.00,3094.00,3273.00,3473.00,3641.00,3801.00,3964.00,4116.00,4256.00,4452.00,4652.00,4852.00,5052.00,5071.00,5271.00,5471.00,5671.00,5871.00,6071.00,6271.00,6471.00,6671.00,6871.00,7071.00,7271.00,7471.00,7671.00,7871.00,8071.00,8271.00,8471.00,8671.00,8871.00,9071.00,9271.00,9471.00,9671.00,9871.00,10071.00,10271.00,10471.00,10671.00,10871.00,11071.00,11271.00,11471.00,11671.00,11871.00,12071.00,12271.00,12471.00,12671.00,12871.00,13071.00,13271.00,13471.00,13671.00,13871.00,14071.00,14271.00,14471.00,14671.00,14871.00,15071.00,15271.00,15471.00,15671.00,15871.00,16071.00,16271.00,16471.00,16671.00,16871.00,17071.00,17271.00,17471.00,17671.00,17871.00,18071.00,18271.00,18471.00,18671.00,18871.00,19071.00,19271.00,19471.00,19671.00,19871.00,20071.00,,,,,,,,,,,,,,,,,,,,,,,,,,,,,,,,,,,,,,,,,,,,,,,,,,,,,,,,,,,,,,,,,,,,,,,,,,,,,,,,,,,,,,,,,,,,,,,,,,,,,,,,,,,,,,,,,,,,,,,
15.00,11.00,10.00,14.00,25.00,29.00,40.00,24.00,21.00,12.00,21.00,23.00,31.00,13.00,33.00,10.00,26.00,19.00,15.00,50.00,42.00,23.00,20.00,9.00,57.00,17.00,35.00,47.00,38.00,24.00,32.00,15.00,37.00,37.00,24.00,24.00,15.00,15.00,29.00,49.00,43.00,33.00,25.00,48.00,28.00,24.00,48.00,23.00,31.00,31.00,54.00,22.00,117.00,50.00,60.00,61.00,27.00,19.00,81.00,40.00,32.00,38.00,39.00,37.00,9.00,18.00,34.00,23.00,31.00,15.00,27.00,18.00,46.00,50.00,23.00,107.00,24.00,30.00,33.00,77.00,36.00,30.00,90.00,18.00,102.00,79.00,62.00,91.00,172.00,31.00,146.00,26.00,186.00,161.00,150.00,200.00,200.00,200.00,200.00,200.00,200.00,200.00,200.00,200.00,200.00,200.00,200.00,200.00,200.00,200.00,200.00,200.00,200.00,200.00,200.00,200.00,177.00,161.00,200.00,200.00,158.00,175.00,200.00,200.00,161.00,199.00,153.00,165.00,152.00,200.00,200.00,200.00,200.00,192.00,200.00,200.00,200.00,200.00,200.00,200.00,200.00,200.00,200.00,200.00,200.00,200.00,200.00,200.00,200.00,200.00,200.00,200.00,200.00,200.00,200.00,200.00,200.00,200.00,200.00,200.00,200.00,200.00,200.00,200.00,200.00,200.00,200.00,200.00,200.00,200.00,200.00,200.00,200.00,200.00,200.00,200.00,200.00,,,,,,,,,,,,,,,,,,,,,,,,,,,,,,,,,,,,,,,,,,,,,,,,,,,,,,,,,,,,,,,,,,,,,,,,,,,,,,,,,,,,,,,,,,,,,,,,,,,,,,,,,,,,,,,,,
15.00,26.00,36.00,50.00,75.00,104.00,144.00,168.00,189.00,201.00,222.00,245.00,276.00,289.00,322.00,332.00,358.00,377.00,392.00,442.00,484.00,507.00,527.00,536.00,593.00,610.00,645.00,692.00,730.00,754.00,786.00,801.00,838.00,875.00,899.00,923.00,938.00,953.00,982.00,1031.00,1074.00,1107.00,1132.00,1180.00,1208.00,1232.00,1280.00,1303.00,1334.00,1365.00,1419.00,1441.00,1558.00,1608.00,1668.00,1729.00,1756.00,1775.00,1856.00,1896.00,1928.00,1966.00,2005.00,2042.00,2051.00,2069.00,2103.00,2126.00,2157.00,2172.00,2199.00,2217.00,2263.00,2313.00,2336.00,2443.00,2467.00,2497.00,2530.00,2607.00,2643.00,2673.00,2763.00,2781.00,2883.00,2962.00,3024.00,3115.00,3287.00,3318.00,3464.00,3490.00,3676.00,3837.00,3987.00,4187.00,4387.00,4587.00,4787.00,4987.00,5187.00,5387.00,5587.00,5787.00,5987.00,6187.00,6387.00,6587.00,6787.00,6987.00,7187.00,7387.00,7587.00,7787.00,7987.00,8187.00,8364.00,8525.00,8725.00,8925.00,9083.00,9258.00,9458.00,9658.00,9819.00,10018.00,10171.00,10336.00,10488.00,10688.00,10888.00,11088.00,11288.00,11480.00,11680.00,11880.00,12080.00,12280.00,12480.00,12680.00,12880.00,13080.00,13280.00,13480.00,13680.00,13880.00,14080.00,14280.00,14480.00,14680.00,14880.00,15080.00,15280.00,15480.00,15680.00,15880.00,16080.00,16280.00,16480.00,16680.00,16880.00,17080.00,17280.00,17480.00,17680.00,17880.00,18080.00,18280.00,18480.00,18680.00,18880.00,19080.00,19280.00,19480.00,19680.00,19880.00,20080.00,,,,,,,,,,,,,,,,,,,,,,,,,,,,,,,,,,,,,,,,,,,,,,,,,,,,,,,,,,,,,,,,,,,,,,,,,,,,,,,,,,,,,,,,,,,,,,,,,,,,,,,,,,,,,,,,,
