15.00,44.00,18.00,18.00,18.00,17.00,13.00,9.00,42.00,18.00,12.00,12.00,14.00,13.00,11.00,20.00,23.00,13.00,26.00,18.00,23.00,12.00,39.00,46.00,41.00,20.00,21.00,22.00,28.00,18.00,16.00,24.00,38.00,11.00,16.00,19.00,20.00,33.00,18.00,22.00,10.00,31.00,24.00,47.00,34.00,29.00,12.00,14.00,15.00,21.00,29.00,18.00,61.00,43.00,14.00,16.00,59.00,20.00,23.00,21.00,17.00,46.00,32.00,25.00,12.00,11.00,28.00,17.00,24.00,25.00,47.00,18.00,15.00,75.00,56.00,53.00,24.00,36.00,33.00,14.00,33.00,13.00,29.00,45.00,53.00,18.00,12.00,78.00,27.00,24.00,28.00,48.00,20.00,17.00,14.00,27.00,26.00,44.00,76.00,20.00,31.00,22.00,68.00,60.00,60.00,39.00,36.00,98.00,41.00,58.00,103.00,25.00,25.00,97.00,84.00,24.00,30.00,93.00,35.00,23.00,166.00,53.00,19.00,39.00,86.00,66.00,130.00,103.00,128.00,81.00,37.00,37.00,95.00,87.00,82.00,67.00,80.00,131.00,69.00,196.00,200.00,200.00,167.00,200.00,94.00,114.00,112.00,200.00,200.00,112.00,180.00,137.00,74.00,200.00,146.00,186.00,200.00,200.00,200.00,200.00,200.00,183.00,200.00,200.00,161.00,200.00,200.00,160.00,146.00,183.00,200.00,154.00,200.00,51.00,200.00,200.00,161.00,139.00,200.00,184.00,200.00,174.00,124.00,200.00,166.00,200.00,200.00,200.00,71.00,200.00,200.00,200.00,109.00,200.00,158.00,200.00,200.00,148.00,199.00,173.00,189.00,200.00,175.00,200.00,200.00,200.00,160.00,200.00,200.00,97.00,142.00,200.00,59.00,190.00,144.00,200.00,200.00,200.00,200.00,151.00,200.00,200.00,144.00,172.00,,,,,,,,,,,,,,,,,,,,,,,,,
15.00,59.00,77.00,95.00,113.00,130.00,143.00,152.00,194.00,212.00,224.00,236.00,250.00,263.00,274.00,294.00,317.00,330.00,356.00,374.00,397.00,409.00,448.00,494.00,535.00,555.00,576.00,598.00,626.00,644.00,660.00,684.00,722.00,733.00,749.00,768.00,788.00,821.00,839.00,861.00,871.00,902.00,926.00,973.00,1007.00,1036.00,1048.00,1062.00,1077.00,1098.00,1127.00,1145.00,1206.00,1249.00,1263.00,1279.00,1338.00,1358.00,1381.00,1402.00,1419.00,1465.00,1497.00,1522.00,1534.00,1545.00,1573.00,1590.00,1614.00,1639.00,1686.00,1704.00,1719.00,1794.00,1850.00,1903.00,1927.00,1963.00,1996.00,2010.00,2043.00,2056.00,2085.00,2130.00,2183.00,2201.00,2213.00,2291.00,2318.00,2342.00,2370.00,2418.00,2438.00,2455.00,2469.00,2496.00,2522.00,2566.00,2642.00,2662.00,2693.00,2715.00,2783.00,2843.00,2903.00,2942.00,2978.00,3076.00,3117.00,3175.00,3278.00,3303.00,3328.00,3425.00,3509.00,3533.00,3563.00,3656.00,3691.00,3714.00,3880.00,3933.00,3952.00,3991.00,4077.00,4143.00,4273.00,4376.00,4504.00,4585.00,4622.00,4659.00,4754.00,4841.00,4923.00,4990.00,5070.00,5201.00,5270.00,5466.00,5666.00,5866.00,6033.00,6233.00,6327.00,6441.00,6553.00,6753.00,6953.00,7065.00,7245.00,7382.00,7456.00,7656.00,7802.00,7988.00,8188.00,8388.00,8588.00,8788.00,8988.00,9171.00,9371.00,9571.00,9732.00,9932.00,10132.00,10292.00,10438.00,10621.00,10821.00,10975.00,11175.00,11226.00,11426.00,11626.00,11787.00,11926.00,12126.00,12310.00,12510.00,12684.00,12808.00,13008.00,13174.00,13374.00,13574.00,13774.00,13845.00,14045.00,14245.00,14445.00,14554.00,14754.00,14912.00,15112.00,15312.00,15460.00,15659.00,15832.00,16021.00,16221.00,16396.00,16596.00,16796.00,16996.00,17156.00,17356.00,17556.00,17653.00,17795.00,17995.00,18054.00,18244.00,18388.00,18588.00,18788.00,18988.00,19188.00,19339.00,19539.00,19739.00,19883.00,20055.00,,,,,,,,,,,,,,,,,,,,,,,,,
26.00,52.00,13.00,10.00,23.00,42.00,14.00,39.00,27.00,37.00,26.00,16.00,17.00,15.00,11.00,18.00,22.00,29.00,39.00,14.00,15.00,13.00,63.00,14.00,28.00,16.00,12.00,18.00,21.00,19.00,34.00,15.00,17.00,30.00,16.00,19.00,16.00,40.00,24.00,13.00,34.00,32.00,30.00,18.00,34.00,30.00,15.00,23.00,22.00,27.00,25.00,30.00,14.00,21.00,21.00,32.00,28.00,23.00,69.00,34.00,23.00,30.00,12.00,17.00,22.00,39.00,9.00,38.00,50.00,42.00,32.00,25.00,42.00,53.00,65.00,14.00,61.00,51.00,27.00,20.00,57.00,23.00,79.00,62.00,25.00,64.00,35.00,22.00,28.00,50.00,44.00,17.00,121.00,35.00,44.00,53.00,15.00,66.00,103.00,80.00,33.00,68.00,91.00,112.00,103.00,144.00,64.00,70.00,108.00,88.00,109.00,154.00,70.00,59.00,92.00,174.00,119.00,200.00,148.00,200.00,105.00,135.00,140.00,180.00,185.00,88.00,200.00,172.00,189.00,149.00,200.00,155.00,200.00,60.00,200.00,200.00,141.00,151.00,200.00,200.00,170.00,200.00,177.00,200.00,150.00,193.00,186.00,200.00,200.00,105.00,99.00,200.00,142.00,106.00,143.00,200.00,163.00,67.00,200.00,84.00,149.00,142.00,189.00,88.00,138.00,163.00,184.00,115.00,105.00,200.00,139.00,108.00,181.00,183.00,174.00,169.00,162.00,195.00,200.00,154.00,178.00,196.00,150.00,122.00,128.00,200.00,82.00,95.00,139.00,200.00,200.00,144.00,118.00,200.00,180.00,148.00,200.00,152.00,200.00,169.00,146.00,121.00,124.00,195.00,200.00,96.00,163.00,200.00,200.00,200.00,111.00,128.00,,,,,,,,,,,,,,,,,,,,,,,,,,,,,,,,,,,,,
26.00,78.00,91.00,101.00,124.00,166.00,180.00,219.00,246.00,283.00,309.00,325.00,342.00,357.00,368.00,386.00,408.00,437.00,476.00,490.00,505.00,518.00,581.00,595.00,623.00,639.00,651.00,669.00,690.00,709.00,743.00,758.00,775.00,805.00,821.00,840.00,856.00,896.00,920.00,933.00,967.00,999.00,1029.00,1047.00,1081.00,1111.00,1126.00,1149.00,1171.00,1198.00,1223.00,1253.00,1267.00,1288.00,1309.00,1341.00,1369.00,1392.00,1461.00,1495.00,1518.00,1548.00,1560.00,1577.00,1599.00,1638.00,1647.00,1685.00,1735.00,1777.00,1809.00,1834.00,1876.00,1929.00,1994.00,2008.00,2069.00,2120.00,2147.00,2167.00,2224.00,2247.00,2326.00,2388.00,2413.00,2477.00,2512.00,2534.00,2562.00,2612.00,2656.00,2673.00,2794.00,2829.00,2873.00,2926.00,2941.00,3007.00,3110.00,3190.00,3223.00,3291.00,3382.00,3494.00,3597.00,3741.00,3805.00,3875.00,3983.00,4071.00,4180.00,4334.00,4404.00,4463.00,4555.00,4729.00,4848.00,5048.00,5196.00,5396.00,5501.00,5636.00,5776.00,5956.00,6141.00,6229.00,6429.00,6601.00,6790.00,6939.00,7139.00,7294.00,7494.00,7554.00,7754.00,7954.00,8095.00,8246.00,8446.00,8646.00,8816.00,9016.00,9193.00,9393.00,9543.00,9736.00,9922.00,10122.00,10322.00,10427.00,10526.00,10726.00,10868.00,10974.00,11117.00,11317.00,11480.00,11547.00,11747.00,11831.00,11980.00,12122.00,12311.00,12399.00,12537.00,12700.00,12884.00,12999.00,13104.00,13304.00,13443.00,13551.00,13732.00,13915.00,14089.00,14258.00,14420.00,14615.00,14815.00,14969.00,15147.00,15343.00,15493.00,15615.00,15743.00,15943.00,16025.00,16120.00,16259.00,16459.00,16659.00,16803.00,16921.00,17121.00,17301.00,17449.00,17649.00,17801.00,18001.00,18170.00,18316.00,18437.00,18561.00,18756.00,18956.00,19052.00,19215.00,19415.00,19615.00,19815.00,19926.00,20054.00,,,,,,,,,,,,,,,,,,,,,,,,,,,,,,,,,,,,,
15.00,38.00,21.00,20.00,13.00,13.00,12.00,64.00,19.00,10.00,13.00,16.00,37.00,12.00,19.00,24.00,16.00,10.00,12.00,26.00,13.00,24.00,47.00,13.00,26.00,13.00,22.00,13.00,19.00,65.00,25.00,14.00,31.00,27.00,18.00,34.00,21.00,19.00,17.00,13.00,16.00,75.00,13.00,44.00,17.00,20.00,25.00,45.00,23.00,18.00,11.00,27.00,14.00,45.00,40.00,18.00,39.00,24.00,21.00,15.00,17.00,36.00,15.00,30.00,36.00,53.00,67.00,42.00,30.00,66.00,34.00,15.00,80.00,43.00,48.00,111.00,19.00,62.00,31.00,29.00,27.00,17.00,159.00,27.00,39.00,89.00,18.00,19.00,37.00,67.00,51.00,51.00,19.00,50.00,41.00,44.00,30.00,21.00,52.00,54.00,98.00,30.00,78.00,111.00,107.00,172.00,116.00,116.00,190.00,39.00,23.00,77.00,106.00,54.00,139.00,158.00,105.00,160.00,81.00,45.00,190.00,124.00,183.00,200.00,200.00,200.00,200.00,58.00,200.00,151.00,124.00,200.00,49.00,139.00,169.00,200.00,200.00,49.00,200.00,200.00,49.00,200.00,81.00,151.00,169.00,71.00,117.00,191.00,76.00,182.00,200.00,200.00,88.00,43.00,200.00,200.00,31.00,200.00,187.00,56.00,106.00,160.00,170.00,118.00,97.00,198.00,200.00,53.00,200.00,200.00,200.00,200.00,200.00,200.00,114.00,200.00,200.00,60.00,200.00,200.00,198.00,135.00,56.00,182.00,87.00,200.00,200.00,45.00,200.00,127.00,122.00,200.00,200.00,85.00,46.00,147.00,200.00,192.00,200.00,79.00,157.00,103.00,200.00,77.00,200.00,133.00,200.00,50.00,200.00,146.00,200.00,181.00,128.00,200.00,177.00,138.00,200.00,,,,,,,,,,,,,,,,,,,,,,,,,,,,,,,,
15.00,53.00,74.00,94.00,107.00,120.00,132.00,196.00,215.00,225.00,238.00,254.00,291.00,303.00,322.00,346.00,362.00,372.00,384.00,410.00,423.00,447.00,494.00,507.00,533.00,546.00,568.00,581.00,600.00,665.00,690.00,704.00,735.00,762.00,780.00,814.00,835.00,854.00,871.00,884.00,900.00,975.00,988.00,1032.00,1049.00,1069.00,1094.00,1139.00,1162.00,1180.00,1191.00,1218.00,1232.00,1277.00,1317.00,1335.00,1374.00,1398.00,1419.00,1434.00,1451.00,1487.00,1502.00,1532.00,1568.00,1621.00,1688.00,1730.00,1760.00,1826.00,1860.00,1875.00,1955.00,1998.00,2046.00,2157.00,2176.00,2238.00,2269.00,2298.00,2325.00,2342.00,2501.00,2528.00,2567.00,2656.00,2674.00,2693.00,2730.00,2797.00,2848.00,2899.00,2918.00,2968.00,3009.00,3053.00,3083.00,3104.00,3156.00,3210.00,3308.00,3338.00,3416.00,3527.00,3634.00,3806.00,3922.00,4038.00,4228.00,4267.00,4290.00,4367.00,4473.00,4527.00,4666.00,4824.00,4929.00,5089.00,5170.00,5215.00,5405.00,5529.00,5712.00,5912.00,6112.00,6312.00,6512.00,6570.00,6770.00,6921.00,7045.00,7245.00,7294.00,7433.00,7602.00,7802.00,8002.00,8051.00,8251.00,8451.00,8500.00,8700.00,8781.00,8932.00,9101.00,9172.00,9289.00,9480.00,9556.00,9738.00,9938.00,10138.00,10226.00,10269.00,10469.00,10669.00,10700.00,10900.00,11087.00,11143.00,11249.00,11409.00,11579.00,11697.00,11794.00,11992.00,12192.00,12245.00,12445.00,12645.00,12845.00,13045.00,13245.00,13445.00,13559.00,13759.00,13959.00,14019.00,14219.00,14419.00,14617.00,14752.00,14808.00,14990.00,15077.00,15277.00,15477.00,15522.00,15722.00,15849.00,15971.00,16171.00,16371.00,16456.00,16502.00,16649.00,16849.00,17041.00,17241.00,17320.00,17477.00,17580.00,17780.00,17857.00,18057.00,18190.00,18390.00,18440.00,18640.00,18786.00,18986.00,19167.00,19295.00,19495.00,19672.00,19810.00,20010.00,,,,,,,,,,,,,,,,,,,,,,,,,,,,,,,,
33.00,22.00,22.00,25.00,25.00,21.00,17.00,22.00,40.00,22.00,28.00,10.00,43.00,14.00,16.00,22.00,16.00,17.00,10.00,17.00,28.00,15.00,15.00,54.00,76.00,15.00,43.00,80.00,20.00,19.00,24.00,23.00,14.00,10.00,26.00,13.00,23.00,10.00,16.00,53.00,55.00,86.00,22.00,23.00,11.00,30.00,10.00,13.00,17.00,58.00,18.00,37.00,22.00,30.00,109.00,17.00,53.00,21.00,20.00,73.00,16.00,31.00,71.00,55.00,21.00,17.00,74.00,28.00,85.00,34.00,46.00,92.00,55.00,12.00,66.00,48.00,29.00,41.00,79.00,74.00,56.00,24.00,29.00,31.00,99.00,70.00,25.00,21.00,35.00,124.00,83.00,73.00,44.00,44.00,36.00,40.00,61.00,200.00,44.00,78.00,58.00,50.00,72.00,121.00,120.00,179.00,119.00,200.00,172.00,48.00,162.00,118.00,104.00,66.00,200.00,47.00,200.00,200.00,200.00,200.00,200.00,200.00,200.00,200.00,200.00,200.00,200.00,200.00,69.00,200.00,188.00,200.00,200.00,200.00,184.00,200.00,110.00,145.00,195.00,40.00,92.00,200.00,200.00,200.00,200.00,54.00,200.00,200.00,133.00,200.00,200.00,124.00,200.00,200.00,200.00,150.00,84.00,200.00,200.00,124.00,182.00,176.00,200.00,125.00,97.00,200.00,116.00,200.00,200.00,200.00,200.00,200.00,200.00,200.00,127.00,200.00,129.00,183.00,95.00,124.00,200.00,200.00,200.00,200.00,200.00,200.00,200.00,185.00,164.00,118.00,200.00,200.00,104.00,200.00,135.00,90.00,138.00,128.00,104.00,84.00,,,,,,,,,,,,,,,,,,,,,,,,,,,,,,,,,,,,,,,,,,,,,,,,,
33.00,55.00,77.00,102.00,127.00,148.00,165.00,187.00,227.00,249.00,277.00,287.00,330.00,344.00,360.00,382.00,398.00,415.00,425.00,442.00,470.00,485.00,500.00,554.00,630.00,645.00,688.00,768.00,788.00,807.00,831.00,854.00,868.00,878.00,904.00,917.00,940.00,950.00,966.00,1019.00,1074.00,1160.00,1182.00,1205.00,1216.00,1246.00,1256.00,1269.00,1286.00,1344.00,1362.00,1399.00,1421.00,1451.00,1560.00,1577.00,1630.00,1651.00,1671.00,1744.00,1760.00,1791.00,1862.00,1917.00,1938.00,1955.00,2029.00,2057.00,2142.00,2176.00,2222.00,2314.00,2369.00,2381.00,2447.00,2495.00,2524.00,2565.00,2644.00,2718.00,2774.00,2798.00,2827.00,2858.00,2957.00,3027.00,3052.00,3073.00,3108.00,3232.00,3315.00,3388.00,3432.00,3476.00,3512.00,3552.00,3613.00,3813.00,3857.00,3935.00,3993.00,4043.00,4115.00,4236.00,4356.00,4535.00,4654.00,4854.00,5026.00,5074.00,5236.00,5354.00,5458.00,5524.00,5724.00,5771.00,5971.00,6171.00,6371.00,6571.00,6771.00,6971.00,7171.00,7371.00,7571.00,7771.00,7971.00,8171.00,8240.00,8440.00,8628.00,8828.00,9028.00,9228.00,9412.00,9612.00,9722.00,9867.00,10062.00,10102.00,10194.00,10394.00,10594.00,10794.00,10994.00,11048.00,11248.00,11448.00,11581.00,11781.00,11981.00,12105.00,12305.00,12505.00,12705.00,12855.00,12939.00,13139.00,13339.00,13463.00,13645.00,13821.00,14021.00,14146.00,14243.00,14443.00,14559.00,14759.00,14959.00,15159.00,15359.00,15559.00,15759.00,15959.00,16086.00,16286.00,16415.00,16598.00,16693.00,16817.00,17017.00,17217.00,17417.00,17617.00,17817.00,18017.00,18217.00,18402.00,18566.00,18684.00,18884.00,19084.00,19188.00,19388.00,19523.00,19613.00,19751.00,19879.00,19983.00,20067.00,,,,,,,,,,,,,,,,,,,,,,,,,,,,,,,,,,,,,,,,,,,,,,,,,
19.00,14.00,13.00,22.00,24.00,9.00,21.00,44.00,12.00,23.00,46.00,34.00,13.00,13.00,48.00,21.00,17.00,16.00,20.00,37.00,20.00,63.00,15.00,23.00,18.00,12.00,15.00,26.00,26.00,66.00,14.00,25.00,45.00,13.00,54.00,54.00,29.00,28.00,20.00,19.00,39.00,15.00,12.00,22.00,34.00,60.00,32.00,21.00,24.00,63.00,11.00,16.00,17.00,26.00,78.00,19.00,20.00,30.00,35.00,35.00,47.00,23.00,50.00,10.00,52.00,55.00,29.00,76.00,26.00,17.00,39.00,22.00,58.00,32.00,111.00,25.00,72.00,64.00,28.00,51.00,48.00,18.00,64.00,15.00,98.00,46.00,22.00,105.00,24.00,35.00,18.00,62.00,85.00,14.00,27.00,58.00,14.00,42.00,53.00,129.00,34.00,59.00,144.00,30.00,72.00,103.00,92.00,51.00,63.00,39.00,118.00,28.00,69.00,37.00,80.00,187.00,200.00,157.00,102.00,200.00,169.00,140.00,147.00,181.00,159.00,129.00,91.00,200.00,139.00,69.00,135.00,200.00,195.00,200.00,165.00,104.00,155.00,200.00,133.00,130.00,138.00,113.00,200.00,200.00,200.00,164.00,200.00,110.00,179.00,85.00,93.00,200.00,200.00,154.00,200.00,113.00,200.00,123.00,152.00,200.00,200.00,200.00,94.00,200.00,174.00,200.00,101.00,182.00,65.00,92.00,78.00,200.00,191.00,106.00,123.00,103.00,91.00,157.00,138.00,105.00,88.00,195.00,168.00,190.00,200.00,200.00,100.00,131.00,200.00,200.00,172.00,106.00,159.00,200.00,178.00,165.00,200.00,192.00,194.00,82.00,166.00,101.00,174.00,200.00,182.00,123.00,183.00,200.00,136.00,179.00,126.00,95.00,195.00,200.00,,,,,,,,,,,,,,,,,,,,,,,,,,,,,,,,,,,
19.00,33.00,46.00,68.00,92.00,101.00,122.00,166.00,178.00,201.00,247.00,281.00,294.00,307.00,355.00,376.00,393.00,409.00,429.00,466.00,486.00,549.00,564.00,587.00,605.00,617.00,632.00,658.00,684.00,750.00,764.00,789.00,834.00,847.00,901.00,955.00,984.00,1012.00,1032.00,1051.00,1090.00,1105.00,1117.00,1139.00,1173.00,1233.00,1265.00,1286.00,1310.00,1373.00,1384.00,1400.00,1417.00,1443.00,1521.00,1540.00,1560.00,1590.00,1625.00,1660.00,1707.00,1730.00,1780.00,1790.00,1842.00,1897.00,1926.00,2002.00,2028.00,2045.00,2084.00,2106.00,2164.00,2196.00,2307.00,2332.00,2404.00,2468.00,2496.00,2547.00,2595.00,2613.00,2677.00,2692.00,2790.00,2836.00,2858.00,2963.00,2987.00,3022.00,3040.00,3102.00,3187.00,3201.00,3228.00,3286.00,3300.00,3342.00,3395.00,3524.00,3558.00,3617.00,3761.00,3791.00,3863.00,3966.00,4058.00,4109.00,4172.00,4211.00,4329.00,4357.00,4426.00,4463.00,4543.00,4730.00,4930.00,5087.00,5189.00,5389.00,5558.00,5698.00,5845.00,6026.00,6185.00,6314.00,6405.00,6605.00,6744.00,6813.00,6948.00,7148.00,7343.00,7543.00,7708.00,7812.00,7967.00,8167.00,8300.00,8430.00,8568.00,8681.00,8881.00,9081.00,9281.00,9445.00,9645.00,9755.00,9934.00,10019.00,10112.00,10312.00,10512.00,10666.00,10866.00,10979.00,11179.00,11302.00,11454.00,11654.00,11854.00,12054.00,12148.00,12348.00,12522.00,12722.00,12823.00,13005.00,13070.00,13162.00,13240.00,13440.00,13631.00,13737.00,13860.00,13963.00,14054.00,14211.00,14349.00,14454.00,14542.00,14737.00,14905.00,15095.00,15295.00,15495.00,15595.00,15726.00,15926.00,16126.00,16298.00,16404.00,16563.00,16763.00,16941.00,17106.00,17306.00,17498.00,17692.00,17774.00,17940.00,18041.00,18215.00,18415.00,18597.00,18720.00,18903.00,19103.00,19239.00,19418.00,19544.00,19639.00,19834.00,20034.00,,,,,,,,,,,,,,,,,,,,,,,,,,,,,,,,,,,
23.00,19.00,78.00,15.00,30.00,14.00,15.00,15.00,13.00,18.00,16.00,16.00,15.00,28.00,10.00,36.00,19.00,12.00,37.00,10.00,13.00,16.00,12.00,13.00,10.00,29.00,24.00,13.00,10.00,27.00,16.00,28.00,33.00,11.00,65.00,35.00,29.00,11.00,11.00,32.00,51.00,16.00,16.00,36.00,44.00,37.00,80.00,55.00,18.00,21.00,12.00,26.00,66.00,18.00,28.00,32.00,18.00,32.00,36.00,23.00,52.00,14.00,20.00,11.00,13.00,32.00,12.00,28.00,31.00,21.00,21.00,28.00,50.00,37.00,47.00,18.00,64.00,18.00,16.00,32.00,39.00,40.00,18.00,23.00,60.00,34.00,77.00,53.00,44.00,40.00,26.00,29.00,46.00,45.00,14.00,30.00,46.00,20.00,86.00,59.00,49.00,51.00,72.00,53.00,46.00,76.00,86.00,43.00,24.00,51.00,54.00,50.00,140.00,36.00,163.00,84.00,143.00,116.00,91.00,119.00,129.00,53.00,84.00,70.00,192.00,102.00,103.00,88.00,73.00,76.00,119.00,200.00,64.00,153.00,200.00,200.00,189.00,100.00,79.00,200.00,200.00,124.00,89.00,200.00,200.00,111.00,200.00,72.00,90.00,200.00,200.00,200.00,151.00,200.00,200.00,74.00,124.00,200.00,77.00,174.00,200.00,200.00,117.00,200.00,200.00,164.00,109.00,200.00,120.00,172.00,200.00,200.00,200.00,200.00,124.00,147.00,131.00,92.00,112.00,200.00,171.00,118.00,167.00,200.00,190.00,200.00,200.00,126.00,200.00,200.00,88.00,57.00,200.00,200.00,190.00,200.00,191.00,152.00,200.00,111.00,200.00,200.00,200.00,200.00,131.00,200.00,174.00,200.00,191.00,200.00,129.00,101.00,199.00,200.00,200.00,200.00,143.00,189.00,200.00,,,,,,,,,,,,,,,,,,,,,,,,,,,,,,
23.00,42.00,120.00,135.00,165.00,179.00,194.00,209.00,222.00,240.00,256.00,272.00,287.00,315.00,325.00,361.00,380.00,392.00,429.00,439.00,452.00,468.00,480.00,493.00,503.00,532.00,556.00,569.00,579.00,606.00,622.00,650.00,683.00,694.00,759.00,794.00,823.00,834.00,845.00,877.00,928.00,944.00,960.00,996.00,1040.00,1077.00,1157.00,1212.00,1230.00,1251.00,1263.00,1289.00,1355.00,1373.00,1401.00,1433.00,1451.00,1483.00,1519.00,1542.00,1594.00,1608.00,1628.00,1639.00,1652.00,1684.00,1696.00,1724.00,1755.00,1776.00,1797.00,1825.00,1875.00,1912.00,1959.00,1977.00,2041.00,2059.00,2075.00,2107.00,2146.00,2186.00,2204.00,2227.00,2287.00,2321.00,2398.00,2451.00,2495.00,2535.00,2561.00,2590.00,2636.00,2681.00,2695.00,2725.00,2771.00,2791.00,2877.00,2936.00,2985.00,3036.00,3108.00,3161.00,3207.00,3283.00,3369.00,3412.00,3436.00,3487.00,3541.00,3591.00,3731.00,3767.00,3930.00,4014.00,4157.00,4273.00,4364.00,4483.00,4612.00,4665.00,4749.00,4819.00,5011.00,5113.00,5216.00,5304.00,5377.00,5453.00,5572.00,5772.00,5836.00,5989.00,6189.00,6389.00,6578.00,6678.00,6757.00,6957.00,7157.00,7281.00,7370.00,7570.00,7770.00,7881.00,8081.00,8153.00,8243.00,8443.00,8643.00,8843.00,8994.00,9194.00,9394.00,9468.00,9592.00,9792.00,9869.00,10043.00,10243.00,10443.00,10560.00,10760.00,10960.00,11124.00,11233.00,11433.00,11553.00,11725.00,11925.00,12125.00,12325.00,12525.00,12649.00,12796.00,12927.00,13019.00,13131.00,13331.00,13502.00,13620.00,13787.00,13987.00,14177.00,14377.00,14577.00,14703.00,14903.00,15103.00,15191.00,15248.00,15448.00,15648.00,15838.00,16038.00,16229.00,16381.00,16581.00,16692.00,16892.00,17092.00,17292.00,17492.00,17623.00,17823.00,17997.00,18197.00,18388.00,18588.00,18717.00,18818.00,19017.00,19217.00,19417.00,19617.00,19760.00,19949.00,20149.00,,,,,,,,,,,,,,,,,,,,,,,,,,,,,,
28.00,10.00,22.00,24.00,27.00,26.00,13.00,12.00,30.00,24.00,14.00,13.00,11.00,11.00,17.00,21.00,23.00,13.00,22.00,19.00,15.00,17.00,52.00,14.00,43.00,14.00,21.00,26.00,15.00,25.00,13.00,46.00,36.00,23.00,10.00,34.00,9.00,11.00,15.00,44.00,13.00,16.00,20.00,14.00,33.00,19.00,11.00,12.00,14.00,18.00,11.00,20.00,13.00,22.00,32.00,31.00,22.00,14.00,26.00,15.00,19.00,19.00,11.00,14.00,42.00,73.00,30.00,68.00,22.00,32.00,15.00,49.00,17.00,13.00,37.00,31.00,16.00,19.00,20.00,28.00,16.00,33.00,14.00,10.00,18.00,69.00,54.00,48.00,31.00,32.00,19.00,33.00,61.00,33.00,18.00,58.00,133.00,9.00,39.00,17.00,63.00,35.00,47.00,31.00,43.00,72.00,65.00,55.00,44.00,83.00,82.00,45.00,50.00,34.00,61.00,36.00,51.00,64.00,39.00,32.00,18.00,51.00,19.00,18.00,40.00,35.00,119.00,45.00,85.00,28.00,46.00,59.00,65.00,127.00,80.00,29.00,53.00,85.00,53.00,64.00,121.00,200.00,200.00,74.00,102.00,136.00,200.00,51.00,26.00,102.00,86.00,200.00,200.00,200.00,194.00,92.00,200.00,200.00,200.00,99.00,200.00,200.00,128.00,200.00,200.00,150.00,200.00,173.00,188.00,200.00,180.00,200.00,172.00,64.00,200.00,200.00,41.00,136.00,67.00,111.00,184.00,40.00,136.00,102.00,200.00,80.00,167.00,200.00,200.00,200.00,94.00,136.00,163.00,156.00,200.00,110.00,184.00,121.00,200.00,200.00,200.00,128.00,194.00,193.00,200.00,106.00,200.00,200.00,81.00,137.00,95.00,111.00,102.00,141.00,119.00,200.00,200.00,131.00,200.00,200.00,132.00,200.00,197.00,200.00,200.00,44.00,43.00,200.00,59.00,20.00,200.00,131.00,22.00,29.00,146.00,200.00,31.00,156.00,200.00,33.00,22.00,200.00,57.00,111.00,48.00,36.00,25.00,22.00,200.00
28.00,38.00,60.00,84.00,111.00,137.00,150.00,162.00,192.00,216.00,230.00,243.00,254.00,265.00,282.00,303.00,326.00,339.00,361.00,380.00,395.00,412.00,464.00,478.00,521.00,535.00,556.00,582.00,597.00,622.00,635.00,681.00,717.00,740.00,750.00,784.00,793.00,804.00,819.00,863.00,876.00,892.00,912.00,926.00,959.00,978.00,989.00,1001.00,1015.00,1033.00,1044.00,1064.00,1077.00,1099.00,1131.00,1162.00,1184.00,1198.00,1224.00,1239.00,1258.00,1277.00,1288.00,1302.00,1344.00,1417.00,1447.00,1515.00,1537.00,1569.00,1584.00,1633.00,1650.00,1663.00,1700.00,1731.00,1747.00,1766.00,1786.00,1814.00,1830.00,1863.00,1877.00,1887.00,1905.00,1974.00,2028.00,2076.00,2107.00,2139.00,2158.00,2191.00,2252.00,2285.00,2303.00,2361.00,2494.00,2503.00,2542.00,2559.00,2622.00,2657.00,2704.00,2735.00,2778.00,2850.00,2915.00,2970.00,3014.00,3097.00,3179.00,3224.00,3274.00,3308.00,3369.00,3405.00,3456.00,3520.00,3559.00,3591.00,3609.00,3660.00,3679.00,3697.00,3737.00,3772.00,3891.00,3936.00,4021.00,4049.00,4095.00,4154.00,4219.00,4346.00,4426.00,4455.00,4508.00,4593.00,4646.00,4710.00,4831.00,5031.00,5231.00,5305.00,5407.00,5543.00,5743.00,5794.00,5820.00,5922.00,6008.00,6208.00,6408.00,6608.00,6802.00,6894.00,7094.00,7294.00,7494.00,7593.00,7793.00,7993.00,8121.00,8321.00,8521.00,8671.00,8871.00,9044.00,9232.00,9432.00,9612.00,9812.00,9984.00,10048.00,10248.00,10448.00,10489.00,10625.00,10692.00,10803.00,10987.00,11027.00,11163.00,11265.00,11465.00,11545.00,11712.00,11912.00,12112.00,12312.00,12406.00,12542.00,12705.00,12861.00,13061.00,13171.00,13355.00,13476.00,13676.00,13876.00,14076.00,14204.00,14398.00,14591.00,14791.00,14897.00,15097.00,15297.00,15378.00,15515.00,15610.00,15721.00,15823.00,15964.00,16083.00,16283.00,16483.00,16614.00,16814.00,17014.00,17146.00,17346.00,17543.00,17743.00,17943.00,17987.00,18030.00,18230.00,18289.00,18309.00,18509.00,18640.00,18662.00,18691.00,18837.00,19037.00,19068.00,19224.00,19424.00,19457.00,19479.00,19679.00,19736.00,19847.00,19895.00,19931.00,19956.00,19978.00,20178.00
17.00,19.00,12.00,18.00,10.00,11.00,18.00,36.00,24.00,26.00,10.00,9.00,29.00,17.00,19.00,12.00,18.00,18.00,15.00,9.00,11.00,31.00,55.00,11.00,10.00,31.00,40.00,16.00,29.00,31.00,49.00,12.00,19.00,28.00,44.00,12.00,29.00,16.00,21.00,33.00,14.00,33.00,51.00,25.00,24.00,21.00,36.00,23.00,20.00,14.00,12.00,14.00,19.00,25.00,16.00,49.00,47.00,9.00,15.00,15.00,25.00,33.00,34.00,34.00,27.00,24.00,47.00,48.00,18.00,19.00,40.00,20.00,17.00,41.00,22.00,43.00,41.00,40.00,58.00,25.00,19.00,42.00,43.00,29.00,29.00,45.00,49.00,45.00,51.00,18.00,38.00,26.00,66.00,10.00,27.00,24.00,69.00,34.00,14.00,19.00,26.00,31.00,71.00,24.00,28.00,82.00,27.00,22.00,67.00,46.00,22.00,20.00,25.00,105.00,71.00,42.00,176.00,69.00,45.00,22.00,107.00,65.00,85.00,76.00,183.00,28.00,118.00,69.00,105.00,200.00,200.00,87.00,148.00,134.00,48.00,200.00,119.00,102.00,98.00,200.00,200.00,200.00,200.00,200.00,185.00,172.00,200.00,200.00,200.00,200.00,116.00,112.00,200.00,200.00,200.00,200.00,200.00,200.00,200.00,200.00,200.00,172.00,200.00,200.00,200.00,200.00,200.00,200.00,200.00,77.00,179.00,200.00,200.00,200.00,200.00,200.00,200.00,200.00,190.00,200.00,200.00,200.00,200.00,200.00,200.00,175.00,200.00,200.00,200.00,200.00,200.00,200.00,153.00,200.00,200.00,137.00,200.00,199.00,200.00,200.00,200.00,200.00,146.00,193.00,200.00,200.00,200.00,200.00,200.00,200.00,190.00,200.00,200.00,,,,,,,,,,,,,,,,,,,,,,,,,,,,,,,,,,,,
17.00,36.00,48.00,66.00,76.00,87.00,105.00,141.00,165.00,191.00,201.00,210.00,239.00,256.00,275.00,287.00,305.00,323.00,338.00,347.00,358.00,389.00,444.00,455.00,465.00,496.00,536.00,552.00,581.00,612.00,661.00,673.00,692.00,720.00,764.00,776.00,805.00,821.00,842.00,875.00,889.00,922.00,973.00,998.00,1022.00,1043.00,1079.00,1102.00,1122.00,1136.00,1148.00,1162.00,1181.00,1206.00,1222.00,1271.00,1318.00,1327.00,1342.00,1357.00,1382.00,1415.00,1449.00,1483.00,1510.00,1534.00,1581.00,1629.00,1647.00,1666.00,1706.00,1726.00,1743.00,1784.00,1806.00,1849.00,1890.00,1930.00,1988.00,2013.00,2032.00,2074.00,2117.00,2146.00,2175.00,2220.00,2269.00,2314.00,2365.00,2383.00,2421.00,2447.00,2513.00,2523.00,2550.00,2574.00,2643.00,2677.00,2691.00,2710.00,2736.00,2767.00,2838.00,2862.00,2890.00,2972.00,2999.00,3021.00,3088.00,3134.00,3156.00,3176.00,3201.00,3306.00,3377.00,3419.00,3595.00,3664.00,3709.00,3731.00,3838.00,3903.00,3988.00,4064.00,4247.00,4275.00,4393.00,4462.00,4567.00,4767.00,4967.00,5054.00,5202.00,5336.00,5384.00,5584.00,5703.00,5805.00,5903.00,6103.00,6303.00,6503.00,6703.00,6903.00,7088.00,7260.00,7460.00,7660.00,7860.00,8060.00,8176.00,8288.00,8488.00,8688.00,8888.00,9088.00,9288.00,9488.00,9688.00,9888.00,10088.00,10260.00,10460.00,10660.00,10860.00,11060.00,11260.00,11460.00,11660.00,11737.00,11916.00,12116.00,12316.00,12516.00,12716.00,12916.00,13116.00,13316.00,13506.00,13706.00,13906.00,14106.00,14306.00,14506.00,14706.00,14881.00,15081.00,15281.00,15481.00,15681.00,15881.00,16081.00,16234.00,16434.00,16634.00,16771.00,16971.00,17170.00,17370.00,17570.00,17770.00,17970.00,18116.00,18309.00,18509.00,18709.00,18909.00,19109.00,19309.00,19509.00,19699.00,19899.00,20099.00,,,,,,,,,,,,,,,,,,,,,,,,,,,,,,,,,,,,
33.00,16.00,16.00,23.00,21.00,16.00,17.00,27.00,35.00,15.00,26.00,10.00,12.00,16.00,13.00,21.00,31.00,15.00,68.00,33.00,13.00,20.00,13.00,10.00,30.00,21.00,12.00,22.00,23.00,20.00,20.00,9.00,19.00,13.00,29.00,16.00,21.00,17.00,31.00,8.00,26.00,39.00,43.00,19.00,27.00,17.00,23.00,17.00,12.00,24.00,12.00,24.00,42.00,32.00,57.00,8.00,16.00,20.00,15.00,72.00,25.00,28.00,60.00,25.00,48.00,18.00,34.00,11.00,14.00,41.00,19.00,39.00,23.00,61.00,37.00,49.00,14.00,10.00,78.00,18.00,70.00,16.00,16.00,11.00,29.00,28.00,16.00,57.00,59.00,80.00,25.00,39.00,17.00,16.00,83.00,28.00,54.00,84.00,87.00,20.00,20.00,21.00,104.00,54.00,83.00,12.00,43.00,15.00,115.00,44.00,119.00,87.00,34.00,16.00,20.00,58.00,57.00,200.00,90.00,21.00,87.00,42.00,47.00,83.00,59.00,48.00,68.00,63.00,102.00,165.00,79.00,88.00,143.00,157.00,188.00,105.00,151.00,172.00,200.00,76.00,149.00,89.00,200.00,96.00,164.00,145.00,114.00,129.00,106.00,124.00,167.00,200.00,112.00,192.00,130.00,178.00,200.00,200.00,137.00,200.00,186.00,200.00,89.00,200.00,200.00,200.00,118.00,46.00,90.00,200.00,197.00,200.00,159.00,200.00,136.00,178.00,104.00,200.00,142.00,83.00,86.00,140.00,74.00,200.00,81.00,200.00,196.00,183.00,127.00,75.00,71.00,200.00,184.00,200.00,185.00,200.00,200.00,200.00,200.00,143.00,128.00,187.00,200.00,200.00,200.00,62.00,155.00,200.00,200.00,100.00,200.00,116.00,200.00,90.00,200.00,181.00,200.00,178.00,200.00,143.00,149.00,137.00,200.00,153.00,163.00,200.00,60.00,161.00,,,,,,,,,,,,,,,,,,,,,
33.00,49.00,65.00,88.00,109.00,125.00,142.00,169.00,204.00,219.00,245.00,255.00,267.00,283.00,296.00,317.00,348.00,363.00,431.00,464.00,477.00,497.00,510.00,520.00,550.00,571.00,583.00,605.00,628.00,648.00,668.00,677.00,696.00,709.00,738.00,754.00,775.00,792.00,823.00,831.00,857.00,896.00,939.00,958.00,985.00,1002.00,1025.00,1042.00,1054.00,1078.00,1090.00,1114.00,1156.00,1188.00,1245.00,1253.00,1269.00,1289.00,1304.00,1376.00,1401.00,1429.00,1489.00,1514.00,1562.00,1580.00,1614.00,1625.00,1639.00,1680.00,1699.00,1738.00,1761.00,1822.00,1859.00,1908.00,1922.00,1932.00,2010.00,2028.00,2098.00,2114.00,2130.00,2141.00,2170.00,2198.00,2214.00,2271.00,2330.00,2410.00,2435.00,2474.00,2491.00,2507.00,2590.00,2618.00,2672.00,2756.00,2843.00,2863.00,2883.00,2904.00,3008.00,3062.00,3145.00,3157.00,3200.00,3215.00,3330.00,3374.00,3493.00,3580.00,3614.00,3630.00,3650.00,3708.00,3765.00,3965.00,4055.00,4076.00,4163.00,4205.00,4252.00,4335.00,4394.00,4442.00,4510.00,4573.00,4675.00,4840.00,4919.00,5007.00,5150.00,5307.00,5495.00,5600.00,5751.00,5923.00,6123.00,6199.00,6348.00,6437.00,6637.00,6733.00,6897.00,7042.00,7156.00,7285.00,7391.00,7515.00,7682.00,7882.00,7994.00,8186.00,8316.00,8494.00,8694.00,8894.00,9031.00,9231.00,9417.00,9617.00,9706.00,9906.00,10106.00,10306.00,10424.00,10470.00,10560.00,10760.00,10957.00,11157.00,11316.00,11516.00,11652.00,11830.00,11934.00,12134.00,12276.00,12359.00,12445.00,12585.00,12659.00,12859.00,12940.00,13140.00,13336.00,13519.00,13646.00,13721.00,13792.00,13992.00,14176.00,14376.00,14561.00,14761.00,14961.00,15161.00,15361.00,15504.00,15632.00,15819.00,16019.00,16219.00,16419.00,16481.00,16636.00,16836.00,17036.00,17136.00,17336.00,17452.00,17652.00,17742.00,17942.00,18123.00,18323.00,18501.00,18701.00,18844.00,18993.00,19130.00,19330.00,19483.00,19646.00,19846.00,19906.00,20067.00,,,,,,,,,,,,,,,,,,,,,
20.00,17.00,19.00,24.00,42.00,15.00,23.00,8.00,29.00,15.00,13.00,9.00,16.00,30.00,23.00,20.00,17.00,20.00,16.00,18.00,14.00,25.00,21.00,26.00,19.00,36.00,17.00,12.00,22.00,23.00,25.00,18.00,21.00,41.00,29.00,47.00,20.00,15.00,19.00,17.00,29.00,25.00,13.00,20.00,65.00,54.00,15.00,33.00,27.00,30.00,27.00,58.00,14.00,31.00,62.00,39.00,15.00,19.00,30.00,26.00,37.00,20.00,18.00,39.00,13.00,42.00,39.00,25.00,33.00,67.00,41.00,23.00,37.00,22.00,53.00,41.00,59.00,61.00,26.00,21.00,23.00,34.00,76.00,23.00,17.00,52.00,17.00,42.00,33.00,55.00,97.00,59.00,42.00,41.00,29.00,66.00,111.00,58.00,60.00,28.00,60.00,139.00,82.00,98.00,115.00,124.00,152.00,56.00,133.00,118.00,140.00,91.00,80.00,88.00,106.00,63.00,92.00,200.00,119.00,126.00,126.00,118.00,200.00,198.00,97.00,189.00,102.00,200.00,200.00,200.00,200.00,153.00,88.00,200.00,200.00,200.00,200.00,157.00,101.00,123.00,200.00,200.00,200.00,200.00,200.00,200.00,200.00,168.00,162.00,200.00,125.00,192.00,200.00,200.00,124.00,122.00,152.00,200.00,200.00,200.00,200.00,188.00,200.00,178.00,85.00,200.00,200.00,58.00,200.00,106.00,200.00,200.00,200.00,160.00,187.00,200.00,200.00,117.00,200.00,200.00,132.00,124.00,200.00,200.00,166.00,67.00,200.00,200.00,200.00,200.00,103.00,200.00,200.00,200.00,192.00,169.00,200.00,200.00,136.00,200.00,200.00,147.00,200.00,137.00,200.00,,,,,,,,,,,,,,,,,,,,,,,,,,,,,,,,,,,,,,,,,,,,
20.00,37.00,56.00,80.00,122.00,137.00,160.00,168.00,197.00,212.00,225.00,234.00,250.00,280.00,303.00,323.00,340.00,360.00,376.00,394.00,408.00,433.00,454.00,480.00,499.00,535.00,552.00,564.00,586.00,609.00,634.00,652.00,673.00,714.00,743.00,790.00,810.00,825.00,844.00,861.00,890.00,915.00,928.00,948.00,1013.00,1067.00,1082.00,1115.00,1142.00,1172.00,1199.00,1257.00,1271.00,1302.00,1364.00,1403.00,1418.00,1437.00,1467.00,1493.00,1530.00,1550.00,1568.00,1607.00,1620.00,1662.00,1701.00,1726.00,1759.00,1826.00,1867.00,1890.00,1927.00,1949.00,2002.00,2043.00,2102.00,2163.00,2189.00,2210.00,2233.00,2267.00,2343.00,2366.00,2383.00,2435.00,2452.00,2494.00,2527.00,2582.00,2679.00,2738.00,2780.00,2821.00,2850.00,2916.00,3027.00,3085.00,3145.00,3173.00,3233.00,3372.00,3454.00,3552.00,3667.00,3791.00,3943.00,3999.00,4132.00,4250.00,4390.00,4481.00,4561.00,4649.00,4755.00,4818.00,4910.00,5110.00,5229.00,5355.00,5481.00,5599.00,5799.00,5997.00,6094.00,6283.00,6385.00,6585.00,6785.00,6985.00,7185.00,7338.00,7426.00,7626.00,7826.00,8026.00,8226.00,8383.00,8484.00,8607.00,8807.00,9007.00,9207.00,9407.00,9607.00,9807.00,10007.00,10175.00,10337.00,10537.00,10662.00,10854.00,11054.00,11254.00,11378.00,11500.00,11652.00,11852.00,12052.00,12252.00,12452.00,12640.00,12840.00,13018.00,13103.00,13303.00,13503.00,13561.00,13761.00,13867.00,14067.00,14267.00,14467.00,14627.00,14814.00,15014.00,15214.00,15331.00,15531.00,15731.00,15863.00,15987.00,16187.00,16387.00,16553.00,16620.00,16820.00,17020.00,17220.00,17420.00,17523.00,17723.00,17923.00,18123.00,18315.00,18484.00,18684.00,18884.00,19020.00,19220.00,19420.00,19567.00,19767.00,19904.00,20104.00,,,,,,,,,,,,,,,,,,,,,,,,,,,,,,,,,,,,,,,,,,,,
10.00,16.00,14.00,26.00,65.00,13.00,12.00,50.00,14.00,24.00,14.00,14.00,10.00,37.00,19.00,12.00,11.00,13.00,18.00,17.00,11.00,24.00,18.00,17.00,21.00,11.00,27.00,12.00,16.00,25.00,31.00,11.00,19.00,57.00,32.00,39.00,17.00,33.00,14.00,12.00,12.00,13.00,12.00,26.00,20.00,17.00,23.00,24.00,18.00,29.00,30.00,24.00,33.00,16.00,11.00,16.00,22.00,13.00,19.00,50.00,29.00,27.00,24.00,24.00,25.00,16.00,21.00,19.00,24.00,48.00,27.00,16.00,40.00,16.00,22.00,33.00,53.00,10.00,32.00,86.00,33.00,42.00,23.00,38.00,14.00,24.00,51.00,32.00,29.00,58.00,22.00,59.00,54.00,17.00,15.00,53.00,49.00,54.00,47.00,32.00,23.00,43.00,94.00,87.00,21.00,62.00,44.00,26.00,53.00,48.00,107.00,90.00,20.00,74.00,29.00,62.00,132.00,29.00,38.00,86.00,82.00,93.00,164.00,28.00,109.00,52.00,31.00,139.00,200.00,92.00,91.00,77.00,200.00,153.00,200.00,69.00,80.00,124.00,129.00,200.00,125.00,111.00,142.00,121.00,200.00,200.00,200.00,197.00,186.00,178.00,160.00,193.00,120.00,174.00,200.00,112.00,139.00,200.00,200.00,114.00,200.00,200.00,180.00,200.00,200.00,200.00,149.00,58.00,75.00,183.00,106.00,83.00,200.00,200.00,200.00,147.00,198.00,200.00,200.00,145.00,200.00,149.00,200.00,98.00,154.00,200.00,200.00,142.00,111.00,200.00,154.00,200.00,194.00,200.00,200.00,200.00,173.00,172.00,123.00,200.00,200.00,157.00,200.00,168.00,200.00,200.00,178.00,200.00,200.00,200.00,200.00,200.00,200.00,200.00,200.00,200.00,200.00,200.00,200.00,200.00,,,,,,,,,,,,,,,,,,,,,,,,,,,,,
10.00,26.00,40.00,66.00,131.00,144.00,156.00,206.00,220.00,244.00,258.00,272.00,282.00,319.00,338.00,350.00,361.00,374.00,392.00,409.00,420.00,444.00,462.00,479.00,500.00,511.00,538.00,550.00,566.00,591.00,622.00,633.00,652.00,709.00,741.00,780.00,797.00,830.00,844.00,856.00,868.00,881.00,893.00,919.00,939.00,956.00,979.00,1003.00,1021.00,1050.00,1080.00,1104.00,1137.00,1153.00,1164.00,1180.00,1202.00,1215.00,1234.00,1284.00,1313.00,1340.00,1364.00,1388.00,1413.00,1429.00,1450.00,1469.00,1493.00,1541.00,1568.00,1584.00,1624.00,1640.00,1662.00,1695.00,1748.00,1758.00,1790.00,1876.00,1909.00,1951.00,1974.00,2012.00,2026.00,2050.00,2101.00,2133.00,2162.00,2220.00,2242.00,2301.00,2355.00,2372.00,2387.00,2440.00,2489.00,2543.00,2590.00,2622.00,2645.00,2688.00,2782.00,2869.00,2890.00,2952.00,2996.00,3022.00,3075.00,3123.00,3230.00,3320.00,3340.00,3414.00,3443.00,3505.00,3637.00,3666.00,3704.00,3790.00,3872.00,3965.00,4129.00,4157.00,4266.00,4318.00,4349.00,4488.00,4688.00,4780.00,4871.00,4948.00,5148.00,5301.00,5501.00,5570.00,5650.00,5774.00,5903.00,6103.00,6228.00,6339.00,6481.00,6602.00,6802.00,7002.00,7202.00,7399.00,7585.00,7763.00,7923.00,8116.00,8236.00,8410.00,8610.00,8722.00,8861.00,9061.00,9261.00,9375.00,9575.00,9775.00,9955.00,10155.00,10355.00,10555.00,10704.00,10762.00,10837.00,11020.00,11126.00,11209.00,11409.00,11609.00,11809.00,11956.00,12154.00,12354.00,12554.00,12699.00,12899.00,13048.00,13248.00,13346.00,13500.00,13700.00,13900.00,14042.00,14153.00,14353.00,14507.00,14707.00,14901.00,15101.00,15301.00,15501.00,15674.00,15846.00,15969.00,16169.00,16369.00,16526.00,16726.00,16894.00,17094.00,17294.00,17472.00,17672.00,17872.00,18072.00,18272.00,18472.00,18672.00,18872.00,19072.00,19272.00,19472.00,19672.00,19872.00,20072.00,,,,,,,,,,,,,,,,,,,,,,,,,,,,,
15.00,14.00,11.00,37.00,11.00,12.00,29.00,27.00,20.00,12.00,29.00,12.00,52.00,20.00,18.00,12.00,15.00,10.00,18.00,60.00,49.00,11.00,12.00,34.00,10.00,26.00,26.00,17.00,72.00,31.00,10.00,9.00,42.00,18.00,34.00,47.00,12.00,35.00,50.00,9.00,55.00,16.00,14.00,17.00,19.00,28.00,20.00,118.00,14.00,33.00,11.00,17.00,57.00,15.00,29.00,28.00,64.00,17.00,22.00,70.00,49.00,27.00,86.00,37.00,61.00,59.00,40.00,67.00,23.00,19.00,40.00,17.00,11.00,37.00,53.00,76.00,77.00,14.00,153.00,27.00,24.00,65.00,42.00,126.00,44.00,112.00,189.00,67.00,74.00,75.00,28.00,89.00,85.00,24.00,80.00,126.00,54.00,26.00,105.00,76.00,169.00,42.00,77.00,200.00,200.00,200.00,149.00,176.00,186.00,200.00,200.00,190.00,158.00,87.00,175.00,161.00,138.00,200.00,200.00,200.00,200.00,179.00,200.00,200.00,200.00,121.00,200.00,200.00,200.00,179.00,200.00,200.00,200.00,123.00,101.00,200.00,149.00,136.00,200.00,104.00,200.00,200.00,200.00,200.00,124.00,200.00,132.00,102.00,145.00,200.00,184.00,156.00,106.00,103.00,178.00,117.00,200.00,117.00,86.00,200.00,110.00,76.00,178.00,76.00,200.00,200.00,200.00,116.00,174.00,199.00,71.00,65.00,200.00,164.00,146.00,200.00,62.00,160.00,78.00,200.00,200.00,200.00,58.00,75.00,31.00,200.00,185.00,134.00,200.00,51.00,155.00,200.00,132.00,145.00,91.00,90.00,200.00,200.00,200.00,129.00,200.00,,,,,,,,,,,,,,,,,,,,,,,,,,,,,,,,,,,,,,,,,,,,,,,,
15.00,29.00,40.00,77.00,88.00,100.00,129.00,156.00,176.00,188.00,217.00,229.00,281.00,301.00,319.00,331.00,346.00,356.00,374.00,434.00,483.00,494.00,506.00,540.00,550.00,576.00,602.00,619.00,691.00,722.00,732.00,741.00,783.00,801.00,835.00,882.00,894.00,929.00,979.00,988.00,1043.00,1059.00,1073.00,1090.00,1109.00,1137.00,1157.00,1275.00,1289.00,1322.00,1333.00,1350.00,1407.00,1422.00,1451.00,1479.00,1543.00,1560.00,1582.00,1652.00,1701.00,1728.00,1814.00,1851.00,1912.00,1971.00,2011.00,2078.00,2101.00,2120.00,2160.00,2177.00,2188.00,2225.00,2278.00,2354.00,2431.00,2445.00,2598.00,2625.00,2649.00,2714.00,2756.00,2882.00,2926.00,3038.00,3227.00,3294.00,3368.00,3443.00,3471.00,3560.00,3645.00,3669.00,3749.00,3875.00,3929.00,3955.00,4060.00,4136.00,4305.00,4347.00,4424.00,4624.00,4824.00,5024.00,5173.00,5349.00,5535.00,5735.00,5935.00,6125.00,6283.00,6370.00,6545.00,6706.00,6844.00,7044.00,7244.00,7444.00,7644.00,7823.00,8023.00,8223.00,8423.00,8544.00,8744.00,8944.00,9144.00,9323.00,9523.00,9723.00,9923.00,10046.00,10147.00,10347.00,10496.00,10632.00,10832.00,10936.00,11136.00,11336.00,11536.00,11736.00,11860.00,12060.00,12192.00,12294.00,12439.00,12639.00,12823.00,12979.00,13085.00,13188.00,13366.00,13483.00,13683.00,13800.00,13886.00,14086.00,14196.00,14272.00,14450.00,14526.00,14726.00,14926.00,15126.00,15242.00,15416.00,15615.00,15686.00,15751.00,15951.00,16115.00,16261.00,16461.00,16523.00,16683.00,16761.00,16961.00,17161.00,17361.00,17419.00,17494.00,17525.00,17725.00,17910.00,18044.00,18244.00,18295.00,18450.00,18650.00,18782.00,18927.00,19018.00,19108.00,19308.00,19508.00,19708.00,19837.00,20037.00,,,,,,,,,,,,,,,,,,,,,,,,,,,,,,,,,,,,,,,,,,,,,,,,
12.00,13.00,36.00,48.00,21.00,28.00,18.00,18.00,11.00,45.00,49.00,22.00,15.00,14.00,10.00,18.00,15.00,30.00,29.00,13.00,13.00,26.00,14.00,12.00,10.00,23.00,12.00,18.00,20.00,15.00,17.00,17.00,24.00,18.00,25.00,20.00,23.00,19.00,12.00,33.00,9.00,26.00,17.00,27.00,58.00,42.00,21.00,16.00,13.00,23.00,32.00,38.00,32.00,11.00,29.00,12.00,11.00,32.00,105.00,45.00,38.00,39.00,23.00,29.00,19.00,13.00,33.00,30.00,18.00,13.00,41.00,57.00,46.00,10.00,18.00,66.00,23.00,48.00,84.00,22.00,20.00,26.00,23.00,42.00,26.00,115.00,53.00,71.00,45.00,28.00,94.00,51.00,50.00,34.00,51.00,65.00,54.00,18.00,14.00,24.00,76.00,180.00,22.00,40.00,30.00,28.00,58.00,115.00,69.00,112.00,60.00,79.00,45.00,111.00,109.00,90.00,140.00,94.00,185.00,140.00,62.00,143.00,103.00,200.00,200.00,143.00,117.00,200.00,200.00,171.00,155.00,144.00,200.00,137.00,200.00,122.00,83.00,200.00,200.00,89.00,150.00,200.00,184.00,125.00,200.00,151.00,200.00,152.00,165.00,120.00,172.00,157.00,200.00,200.00,200.00,108.00,182.00,173.00,125.00,200.00,200.00,200.00,200.00,200.00,200.00,157.00,184.00,97.00,200.00,200.00,81.00,141.00,197.00,200.00,200.00,200.00,73.00,200.00,200.00,200.00,113.00,200.00,200.00,162.00,200.00,200.00,110.00,139.00,137.00,200.00,85.00,200.00,200.00,200.00,98.00,159.00,152.00,45.00,138.00,147.00,62.00,147.00,200.00,200.00,200.00,200.00,200.00,129.00,200.00,200.00,200.00,200.00,185.00,,,,,,,,,,,,,,,,,,,,,,,,,,,,,,,,,,,,
12.00,25.00,61.00,109.00,130.00,158.00,176.00,194.00,205.00,250.00,299.00,321.00,336.00,350.00,360.00,378.00,393.00,423.00,452.00,465.00,478.00,504.00,518.00,530.00,540.00,563.00,575.00,593.00,613.00,628.00,645.00,662.00,686.00,704.00,729.00,749.00,772.00,791.00,803.00,836.00,845.00,871.00,888.00,915.00,973.00,1015.00,1036.00,1052.00,1065.00,1088.00,1120.00,1158.00,1190.00,1201.00,1230.00,1242.00,1253.00,1285.00,1390.00,1435.00,1473.00,1512.00,1535.00,1564.00,1583.00,1596.00,1629.00,1659.00,1677.00,1690.00,1731.00,1788.00,1834.00,1844.00,1862.00,1928.00,1951.00,1999.00,2083.00,2105.00,2125.00,2151.00,2174.00,2216.00,2242.00,2357.00,2410.00,2481.00,2526.00,2554.00,2648.00,2699.00,2749.00,2783.00,2834.00,2899.00,2953.00,2971.00,2985.00,3009.00,3085.00,3265.00,3287.00,3327.00,3357.00,3385.00,3443.00,3558.00,3627.00,3739.00,3799.00,3878.00,3923.00,4034.00,4143.00,4233.00,4373.00,4467.00,4652.00,4792.00,4854.00,4997.00,5100.00,5300.00,5500.00,5643.00,5760.00,5960.00,6160.00,6331.00,6486.00,6630.00,6830.00,6967.00,7167.00,7289.00,7372.00,7572.00,7772.00,7861.00,8011.00,8211.00,8395.00,8520.00,8720.00,8871.00,9071.00,9223.00,9388.00,9508.00,9680.00,9837.00,10037.00,10237.00,10437.00,10545.00,10727.00,10900.00,11025.00,11225.00,11425.00,11625.00,11825.00,12025.00,12225.00,12382.00,12566.00,12663.00,12863.00,13063.00,13144.00,13285.00,13482.00,13682.00,13882.00,14082.00,14155.00,14355.00,14555.00,14755.00,14868.00,15068.00,15268.00,15430.00,15630.00,15830.00,15940.00,16079.00,16216.00,16416.00,16501.00,16701.00,16901.00,17101.00,17199.00,17358.00,17510.00,17555.00,17693.00,17840.00,17902.00,18049.00,18249.00,18449.00,18649.00,18849.00,19049.00,19178.00,19378.00,19578.00,19778.00,19978.00,20163.00,,,,,,,,,,,,,,,,,,,,,,,,,,,,,,,,,,,,
11.00,17.00,16.00,25.00,21.00,12.00,16.00,20.00,15.00,19.00,13.00,15.00,28.00,23.00,11.00,28.00,26.00,13.00,39.00,32.00,28.00,15.00,11.00,45.00,11.00,22.00,15.00,14.00,20.00,20.00,25.00,40.00,20.00,20.00,45.00,16.00,85.00,63.00,20.00,20.00,27.00,12.00,75.00,14.00,26.00,25.00,21.00,12.00,48.00,56.00,65.00,15.00,36.00,23.00,19.00,16.00,16.00,17.00,9.00,19.00,9.00,34.00,18.00,62.00,46.00,21.00,55.00,51.00,33.00,53.00,27.00,28.00,55.00,27.00,30.00,65.00,29.00,50.00,57.00,31.00,23.00,97.00,30.00,17.00,71.00,17.00,32.00,99.00,59.00,69.00,32.00,46.00,17.00,20.00,144.00,18.00,52.00,96.00,20.00,13.00,84.00,126.00,49.00,65.00,185.00,36.00,200.00,17.00,87.00,200.00,16.00,88.00,60.00,157.00,150.00,137.00,199.00,109.00,174.00,200.00,138.00,77.00,200.00,158.00,152.00,116.00,200.00,178.00,200.00,186.00,200.00,200.00,159.00,200.00,149.00,200.00,200.00,200.00,200.00,101.00,200.00,137.00,43.00,111.00,200.00,200.00,108.00,200.00,144.00,165.00,177.00,169.00,132.00,200.00,200.00,145.00,159.00,142.00,146.00,200.00,136.00,169.00,114.00,200.00,177.00,200.00,132.00,114.00,113.00,200.00,200.00,168.00,200.00,198.00,200.00,161.00,200.00,200.00,200.00,200.00,167.00,200.00,158.00,144.00,134.00,118.00,200.00,187.00,138.00,200.00,200.00,200.00,200.00,200.00,179.00,200.00,187.00,200.00,200.00,140.00,200.00,200.00,167.00,200.00,200.00,,,,,,,,,,,,,,,,,,,,,,,,,,,,,,,,,,,,,,,,,,,,
11.00,28.00,44.00,69.00,90.00,102.00,118.00,138.00,153.00,172.00,185.00,200.00,228.00,251.00,262.00,290.00,316.00,329.00,368.00,400.00,428.00,443.00,454.00,499.00,510.00,532.00,547.00,561.00,581.00,601.00,626.00,666.00,686.00,706.00,751.00,767.00,852.00,915.00,935.00,955.00,982.00,994.00,1069.00,1083.00,1109.00,1134.00,1155.00,1167.00,1215.00,1271.00,1336.00,1351.00,1387.00,1410.00,1429.00,1445.00,1461.00,1478.00,1487.00,1506.00,1515.00,1549.00,1567.00,1629.00,1675.00,1696.00,1751.00,1802.00,1835.00,1888.00,1915.00,1943.00,1998.00,2025.00,2055.00,2120.00,2149.00,2199.00,2256.00,2287.00,2310.00,2407.00,2437.00,2454.00,2525.00,2542.00,2574.00,2673.00,2732.00,2801.00,2833.00,2879.00,2896.00,2916.00,3060.00,3078.00,3130.00,3226.00,3246.00,3259.00,3343.00,3469.00,3518.00,3583.00,3768.00,3804.00,4004.00,4021.00,4108.00,4308.00,4324.00,4412.00,4472.00,4629.00,4779.00,4916.00,5115.00,5224.00,5398.00,5598.00,5736.00,5813.00,6013.00,6171.00,6323.00,6439.00,6639.00,6817.00,7017.00,7203.00,7403.00,7603.00,7762.00,7962.00,8111.00,8311.00,8511.00,8711.00,8911.00,9012.00,9212.00,9349.00,9392.00,9503.00,9703.00,9903.00,10011.00,10211.00,10355.00,10520.00,10697.00,10866.00,10998.00,11198.00,11398.00,11543.00,11702.00,11844.00,11990.00,12190.00,12326.00,12495.00,12609.00,12809.00,12986.00,13186.00,13318.00,13432.00,13545.00,13745.00,13945.00,14113.00,14313.00,14511.00,14711.00,14872.00,15072.00,15272.00,15472.00,15672.00,15839.00,16039.00,16197.00,16341.00,16475.00,16593.00,16793.00,16980.00,17118.00,17318.00,17518.00,17718.00,17918.00,18118.00,18297.00,18497.00,18684.00,18884.00,19084.00,19224.00,19424.00,19624.00,19791.00,19991.00,20191.00,,,,,,,,,,,,,,,,,,,,,,,,,,,,,,,,,,,,,,,,,,,,
20.00,19.00,10.00,15.00,10.00,38.00,16.00,9.00,20.00,15.00,39.00,18.00,26.00,11.00,13.00,10.00,22.00,9.00,18.00,17.00,22.00,37.00,14.00,23.00,12.00,44.00,63.00,15.00,20.00,50.00,21.00,40.00,13.00,29.00,14.00,15.00,11.00,15.00,19.00,67.00,17.00,14.00,15.00,25.00,22.00,14.00,36.00,18.00,38.00,38.00,27.00,27.00,43.00,32.00,94.00,27.00,19.00,36.00,23.00,28.00,29.00,23.00,31.00,14.00,18.00,62.00,27.00,42.00,37.00,29.00,32.00,15.00,26.00,25.00,21.00,23.00,23.00,54.00,48.00,29.00,37.00,39.00,27.00,53.00,24.00,92.00,24.00,52.00,40.00,86.00,26.00,98.00,32.00,69.00,38.00,81.00,24.00,40.00,98.00,49.00,91.00,32.00,63.00,61.00,38.00,65.00,16.00,62.00,60.00,46.00,149.00,53.00,119.00,128.00,138.00,19.00,175.00,67.00,58.00,39.00,146.00,200.00,73.00,116.00,200.00,95.00,200.00,60.00,200.00,78.00,200.00,200.00,87.00,183.00,148.00,112.00,68.00,93.00,200.00,200.00,114.00,100.00,55.00,90.00,109.00,80.00,176.00,115.00,131.00,78.00,109.00,122.00,84.00,200.00,103.00,200.00,200.00,99.00,152.00,114.00,115.00,200.00,64.00,200.00,168.00,80.00,198.00,137.00,93.00,200.00,67.00,68.00,83.00,69.00,200.00,121.00,184.00,95.00,194.00,124.00,160.00,174.00,94.00,96.00,200.00,200.00,170.00,200.00,200.00,134.00,200.00,200.00,186.00,98.00,108.00,200.00,113.00,117.00,130.00,181.00,200.00,112.00,200.00,153.00,200.00,200.00,200.00,200.00,200.00,200.00,200.00,200.00,200.00,140.00,200.00,200.00,200.00,200.00,200.00,200.00,200.00,142.00,167.00,,,,,,,,,,,,,,,,,,,,,,,,,,
20.00,39.00,49.00,64.00,74.00,112.00,128.00,137.00,157.00,172.00,211.00,229.00,255.00,266.00,279.00,289.00,311.00,320.00,338.00,355.00,377.00,414.00,428.00,451.00,463.00,507.00,570.00,585.00,605.00,655.00,676.00,716.00,729.00,758.00,772.00,787.00,798.00,813.00,832.00,899.00,916.00,930.00,945.00,970.00,992.00,1006.00,1042.00,1060.00,1098.00,1136.00,1163.00,1190.00,1233.00,1265.00,1359.00,1386.00,1405.00,1441.00,1464.00,1492.00,1521.00,1544.00,1575.00,1589.00,1607.00,1669.00,1696.00,1738.00,1775.00,1804.00,1836.00,1851.00,1877.00,1902.00,1923.00,1946.00,1969.00,2023.00,2071.00,2100.00,2137.00,2176.00,2203.00,2256.00,2280.00,2372.00,2396.00,2448.00,2488.00,2574.00,2600.00,2698.00,2730.00,2799.00,2837.00,2918.00,2942.00,2982.00,3080.00,3129.00,3220.00,3252.00,3315.00,3376.00,3414.00,3479.00,3495.00,3557.00,3617.00,3663.00,3812.00,3865.00,3984.00,4112.00,4250.00,4269.00,4444.00,4511.00,4569.00,4608.00,4754.00,4954.00,5027.00,5143.00,5343.00,5438.00,5638.00,5698.00,5898.00,5976.00,6176.00,6376.00,6463.00,6646.00,6794.00,6906.00,6974.00,7067.00,7267.00,7467.00,7581.00,7681.00,7736.00,7826.00,7935.00,8015.00,8191.00,8306.00,8437.00,8515.00,8624.00,8746.00,8830.00,9030.00,9133.00,9333.00,9533.00,9632.00,9784.00,9898.00,10013.00,10213.00,10277.00,10477.00,10645.00,10725.00,10923.00,11060.00,11153.00,11353.00,11420.00,11488.00,11571.00,11640.00,11840.00,11961.00,12145.00,12240.00,12434.00,12558.00,12718.00,12892.00,12986.00,13082.00,13282.00,13482.00,13652.00,13852.00,14052.00,14186.00,14386.00,14586.00,14772.00,14870.00,14978.00,15178.00,15291.00,15408.00,15538.00,15719.00,15919.00,16031.00,16231.00,16384.00,16584.00,16784.00,16984.00,17184.00,17384.00,17584.00,17784.00,17984.00,18184.00,18324.00,18524.00,18724.00,18924.00,19124.00,19324.00,19524.00,19724.00,19866.00,20033.00,,,,,,,,,,,,,,,,,,,,,,,,,,
39.00,9.00,18.00,31.00,21.00,12.00,19.00,14.00,23.00,11.00,13.00,34.00,13.00,18.00,43.00,12.00,23.00,64.00,11.00,31.00,20.00,35.00,34.00,48.00,12.00,21.00,20.00,26.00,46.00,82.00,12.00,25.00,74.00,23.00,53.00,22.00,28.00,17.00,10.00,15.00,32.00,10.00,21.00,15.00,17.00,56.00,29.00,20.00,19.00,39.00,10.00,18.00,36.00,75.00,42.00,25.00,53.00,12.00,16.00,42.00,17.00,40.00,40.00,36.00,23.00,19.00,47.00,42.00,57.00,23.00,19.00,17.00,18.00,85.00,25.00,113.00,33.00,18.00,24.00,27.00,17.00,33.00,11.00,16.00,62.00,44.00,107.00,22.00,56.00,68.00,84.00,100.00,28.00,18.00,49.00,19.00,64.00,36.00,22.00,84.00,149.00,105.00,78.00,50.00,131.00,108.00,96.00,183.00,60.00,109.00,85.00,87.00,57.00,77.00,106.00,92.00,162.00,52.00,198.00,200.00,76.00,71.00,135.00,182.00,85.00,126.00,200.00,174.00,200.00,200.00,154.00,176.00,151.00,113.00,200.00,191.00,200.00,121.00,63.00,196.00,86.00,110.00,200.00,200.00,195.00,200.00,200.00,149.00,133.00,200.00,200.00,142.00,106.00,197.00,200.00,175.00,169.00,200.00,200.00,200.00,182.00,200.00,200.00,171.00,113.00,200.00,200.00,200.00,152.00,200.00,152.00,147.00,200.00,200.00,151.00,200.00,200.00,200.00,98.00,144.00,200.00,200.00,200.00,81.00,73.00,155.00,200.00,171.00,73.00,88.00,200.00,161.00,139.00,200.00,140.00,179.00,200.00,142.00,166.00,133.00,200.00,200.00,200.00,200.00,195.00,200.00,200.00,155.00,,,,,,,,,,,,,,,,,,,,,,,,,,,,,,,,,,,,,,,,,
39.00,48.00,66.00,97.00,118.00,130.00,149.00,163.00,186.00,197.00,210.00,244.00,257.00,275.00,318.00,330.00,353.00,417.00,428.00,459.00,479.00,514.00,548.00,596.00,608.00,629.00,649.00,675.00,721.00,803.00,815.00,840.00,914.00,937.00,990.00,1012.00,1040.00,1057.00,1067.00,1082.00,1114.00,1124.00,1145.00,1160.00,1177.00,1233.00,1262.00,1282.00,1301.00,1340.00,1350.00,1368.00,1404.00,1479.00,1521.00,1546.00,1599.00,1611.00,1627.00,1669.00,1686.00,1726.00,1766.00,1802.00,1825.00,1844.00,1891.00,1933.00,1990.00,2013.00,2032.00,2049.00,2067.00,2152.00,2177.00,2290.00,2323.00,2341.00,2365.00,2392.00,2409.00,2442.00,2453.00,2469.00,2531.00,2575.00,2682.00,2704.00,2760.00,2828.00,2912.00,3012.00,3040.00,3058.00,3107.00,3126.00,3190.00,3226.00,3248.00,3332.00,3481.00,3586.00,3664.00,3714.00,3845.00,3953.00,4049.00,4232.00,4292.00,4401.00,4486.00,4573.00,4630.00,4707.00,4813.00,4905.00,5067.00,5119.00,5317.00,5517.00,5593.00,5664.00,5799.00,5981.00,6066.00,6192.00,6392.00,6566.00,6766.00,6966.00,7120.00,7296.00,7447.00,7560.00,7760.00,7951.00,8151.00,8272.00,8335.00,8531.00,8617.00,8727.00,8927.00,9127.00,9322.00,9522.00,9722.00,9871.00,10004.00,10204.00,10404.00,10546.00,10652.00,10849.00,11049.00,11224.00,11393.00,11593.00,11793.00,11993.00,12175.00,12375.00,12575.00,12746.00,12859.00,13059.00,13259.00,13459.00,13611.00,13811.00,13963.00,14110.00,14310.00,14510.00,14661.00,14861.00,15061.00,15261.00,15359.00,15503.00,15703.00,15903.00,16103.00,16184.00,16257.00,16412.00,16612.00,16783.00,16856.00,16944.00,17144.00,17305.00,17444.00,17644.00,17784.00,17963.00,18163.00,18305.00,18471.00,18604.00,18804.00,19004.00,19204.00,19404.00,19599.00,19799.00,19999.00,20154.00,,,,,,,,,,,,,,,,,,,,,,,,,,,,,,,,,,,,,,,,,
13.00,14.00,52.00,10.00,29.00,11.00,19.00,61.00,17.00,15.00,18.00,20.00,12.00,11.00,24.00,21.00,14.00,34.00,37.00,19.00,18.00,60.00,25.00,15.00,17.00,11.00,23.00,19.00,15.00,39.00,72.00,14.00,27.00,14.00,46.00,25.00,28.00,18.00,16.00,30.00,15.00,24.00,59.00,18.00,15.00,24.00,32.00,55.00,18.00,50.00,30.00,43.00,21.00,13.00,11.00,58.00,36.00,17.00,27.00,14.00,36.00,39.00,14.00,19.00,41.00,28.00,85.00,38.00,46.00,17.00,26.00,25.00,66.00,28.00,85.00,22.00,77.00,53.00,32.00,14.00,23.00,111.00,42.00,30.00,22.00,87.00,104.00,10.00,31.00,87.00,90.00,130.00,200.00,34.00,73.00,123.00,150.00,39.00,103.00,200.00,200.00,151.00,111.00,200.00,200.00,118.00,200.00,200.00,146.00,200.00,177.00,200.00,85.00,200.00,200.00,200.00,200.00,200.00,200.00,200.00,200.00,200.00,195.00,148.00,200.00,174.00,142.00,200.00,200.00,145.00,200.00,200.00,200.00,200.00,200.00,200.00,200.00,200.00,200.00,171.00,200.00,200.00,200.00,200.00,200.00,200.00,200.00,95.00,200.00,59.00,200.00,98.00,200.00,200.00,200.00,200.00,200.00,200.00,194.00,200.00,200.00,200.00,200.00,120.00,103.00,200.00,200.00,156.00,156.00,200.00,200.00,200.00,200.00,200.00,138.00,200.00,200.00,200.00,200.00,200.00,118.00,200.00,143.00,200.00,200.00,200.00,200.00,92.00,,,,,,,,,,,,,,,,,,,,,,,,,,,,,,,,,,,,,,,,,,,,,,,,,,,,,,,,,,,,,
13.00,27.00,79.00,89.00,118.00,129.00,148.00,209.00,226.00,241.00,259.00,279.00,291.00,302.00,326.00,347.00,361.00,395.00,432.00,451.00,469.00,529.00,554.00,569.00,586.00,597.00,620.00,639.00,654.00,693.00,765.00,779.00,806.00,820.00,866.00,891.00,919.00,937.00,953.00,983.00,998.00,1022.00,1081.00,1099.00,1114.00,1138.00,1170.00,1225.00,1243.00,1293.00,1323.00,1366.00,1387.00,1400.00,1411.00,1469.00,1505.00,1522.00,1549.00,1563.00,1599.00,1638.00,1652.00,1671.00,1712.00,1740.00,1825.00,1863.00,1909.00,1926.00,1952.00,1977.00,2043.00,2071.00,2156.00,2178.00,2255.00,2308.00,2340.00,2354.00,2377.00,2488.00,2530.00,2560.00,2582.00,2669.00,2773.00,2783.00,2814.00,2901.00,2991.00,3121.00,3321.00,3355.00,3428.00,3551.00,3701.00,3740.00,3843.00,4043.00,4243.00,4394.00,4505.00,4705.00,4905.00,5023.00,5223.00,5423.00,5569.00,5769.00,5946.00,6146.00,6231.00,6431.00,6631.00,6831.00,7031.00,7231.00,7431.00,7631.00,7831.00,8031.00,8226.00,8374.00,8574.00,8748.00,8890.00,9090.00,9290.00,9435.00,9635.00,9835.00,10035.00,10235.00,10435.00,10635.00,10835.00,11035.00,11235.00,11406.00,11606.00,11806.00,12006.00,12206.00,12406.00,12606.00,12806.00,12901.00,13101.00,13160.00,13360.00,13458.00,13658.00,13858.00,14058.00,14258.00,14458.00,14658.00,14852.00,15052.00,15252.00,15452.00,15652.00,15772.00,15875.00,16075.00,16275.00,16431.00,16587.00,16787.00,16987.00,17187.00,17387.00,17587.00,17725.00,17925.00,18125.00,18325.00,18525.00,18725.00,18843.00,19043.00,19186.00,19386.00,19586.00,19786.00,19986.00,20078.00,,,,,,,,,,,,,,,,,,,,,,,,,,,,,,,,,,,,,,,,,,,,,,,,,,,,,,,,,,,,,
13.00,25.00,11.00,33.00,10.00,10.00,10.00,47.00,34.00,25.00,17.00,27.00,32.00,14.00,13.00,40.00,38.00,30.00,29.00,14.00,11.00,34.00,25.00,19.00,12.00,65.00,62.00,15.00,21.00,27.00,16.00,66.00,25.00,38.00,65.00,40.00,49.00,13.00,39.00,18.00,75.00,23.00,21.00,38.00,28.00,33.00,21.00,33.00,39.00,16.00,12.00,15.00,19.00,33.00,41.00,21.00,13.00,26.00,55.00,29.00,21.00,34.00,31.00,21.00,38.00,26.00,11.00,13.00,21.00,27.00,39.00,41.00,55.00,91.00,15.00,35.00,57.00,39.00,20.00,25.00,23.00,33.00,64.00,27.00,55.00,35.00,38.00,94.00,118.00,76.00,56.00,47.00,26.00,19.00,82.00,110.00,15.00,93.00,54.00,80.00,31.00,78.00,59.00,156.00,61.00,54.00,87.00,200.00,200.00,117.00,53.00,49.00,145.00,126.00,122.00,200.00,200.00,141.00,200.00,167.00,200.00,200.00,162.00,200.00,200.00,118.00,176.00,76.00,200.00,47.00,90.00,200.00,200.00,200.00,152.00,200.00,156.00,54.00,200.00,200.00,200.00,179.00,89.00,200.00,200.00,200.00,200.00,200.00,177.00,200.00,50.00,200.00,200.00,200.00,158.00,151.00,200.00,118.00,200.00,200.00,88.00,158.00,61.00,200.00,109.00,200.00,184.00,200.00,200.00,200.00,59.00,182.00,200.00,167.00,154.00,200.00,62.00,67.00,171.00,104.00,81.00,69.00,98.00,129.00,200.00,80.00,132.00,200.00,81.00,200.00,128.00,200.00,169.00,131.00,200.00,22.00,48.00,58.00,200.00,200.00,186.00,64.00,90.00,130.00,125.00,128.00,70.00,174.00,82.00,67.00,198.00,144.00,160.00,200.00,,,,,,,,,,,,,,,,,,,,,,,,,,,,,,,,,,,
13.00,38.00,49.00,82.00,92.00,102.00,112.00,159.00,193.00,218.00,235.00,262.00,294.00,308.00,321.00,361.00,399.00,429.00,458.00,472.00,483.00,517.00,542.00,561.00,573.00,638.00,700.00,715.00,736.00,763.00,779.00,845.00,870.00,908.00,973.00,1013.00,1062.00,1075.00,1114.00,1132.00,1207.00,1230.00,1251.00,1289.00,1317.00,1350.00,1371.00,1404.00,1443.00,1459.00,1471.00,1486.00,1505.00,1538.00,1579.00,1600.00,1613.00,1639.00,1694.00,1723.00,1744.00,1778.00,1809.00,1830.00,1868.00,1894.00,1905.00,1918.00,1939.00,1966.00,2005.00,2046.00,2101.00,2192.00,2207.00,2242.00,2299.00,2338.00,2358.00,2383.00,2406.00,2439.00,2503.00,2530.00,2585.00,2620.00,2658.00,2752.00,2870.00,2946.00,3002.00,3049.00,3075.00,3094.00,3176.00,3286.00,3301.00,3394.00,3448.00,3528.00,3559.00,3637.00,3696.00,3852.00,3913.00,3967.00,4054.00,4254.00,4454.00,4571.00,4624.00,4673.00,4818.00,4944.00,5066.00,5266.00,5466.00,5607.00,5807.00,5974.00,6174.00,6374.00,6536.00,6736.00,6936.00,7054.00,7230.00,7306.00,7506.00,7553.00,7643.00,7843.00,8043.00,8243.00,8395.00,8595.00,8751.00,8805.00,9005.00,9205.00,9405.00,9584.00,9673.00,9873.00,10073.00,10273.00,10473.00,10673.00,10850.00,11050.00,11100.00,11300.00,11500.00,11700.00,11858.00,12009.00,12209.00,12327.00,12527.00,12727.00,12815.00,12973.00,13034.00,13234.00,13343.00,13543.00,13727.00,13927.00,14127.00,14327.00,14386.00,14568.00,14768.00,14935.00,15089.00,15289.00,15351.00,15418.00,15589.00,15693.00,15774.00,15843.00,15941.00,16070.00,16270.00,16350.00,16482.00,16682.00,16763.00,16963.00,17091.00,17291.00,17460.00,17591.00,17791.00,17813.00,17861.00,17919.00,18119.00,18319.00,18505.00,18569.00,18659.00,18789.00,18914.00,19042.00,19112.00,19286.00,19368.00,19435.00,19633.00,19777.00,19937.00,20137.00,,,,,,,,,,,,,,,,,,,,,,,,,,,,,,,,,,,
13.00,22.00,13.00,15.00,23.00,18.00,18.00,10.00,21.00,23.00,32.00,30.00,12.00,12.00,13.00,24.00,30.00,22.00,20.00,61.00,10.00,31.00,25.00,17.00,31.00,11.00,11.00,18.00,34.00,35.00,13.00,27.00,25.00,24.00,14.00,34.00,27.00,30.00,20.00,34.00,32.00,16.00,14.00,77.00,14.00,16.00,24.00,13.00,28.00,23.00,22.00,24.00,34.00,12.00,33.00,13.00,55.00,55.00,22.00,15.00,22.00,46.00,17.00,37.00,25.00,28.00,12.00,78.00,87.00,31.00,17.00,29.00,57.00,30.00,26.00,69.00,19.00,27.00,50.00,46.00,13.00,26.00,30.00,24.00,29.00,51.00,67.00,26.00,27.00,91.00,108.00,23.00,69.00,31.00,72.00,84.00,30.00,97.00,43.00,35.00,25.00,40.00,17.00,34.00,59.00,39.00,41.00,45.00,78.00,14.00,16.00,67.00,95.00,98.00,111.00,125.00,83.00,50.00,87.00,28.00,200.00,116.00,200.00,69.00,136.00,77.00,200.00,127.00,150.00,84.00,118.00,139.00,134.00,108.00,177.00,108.00,120.00,136.00,200.00,171.00,147.00,200.00,200.00,185.00,200.00,181.00,62.00,200.00,199.00,191.00,179.00,148.00,196.00,136.00,113.00,112.00,176.00,111.00,170.00,132.00,200.00,103.00,146.00,121.00,200.00,200.00,200.00,82.00,95.00,135.00,200.00,161.00,74.00,64.00,107.00,181.00,200.00,147.00,132.00,200.00,200.00,200.00,137.00,200.00,84.00,92.00,109.00,99.00,200.00,95.00,200.00,156.00,200.00,200.00,161.00,129.00,138.00,200.00,200.00,200.00,137.00,152.00,200.00,200.00,147.00,178.00,198.00,140.00,200.00,200.00,200.00,200.00,192.00,200.00,200.00,130.00,200.00,200.00,200.00,200.00,,,,,,,,,,,,,,,,,,,,,,,,,,,,,
13.00,35.00,48.00,63.00,86.00,104.00,122.00,132.00,153.00,176.00,208.00,238.00,250.00,262.00,275.00,299.00,329.00,351.00,371.00,432.00,442.00,473.00,498.00,515.00,546.00,557.00,568.00,586.00,620.00,655.00,668.00,695.00,720.00,744.00,758.00,792.00,819.00,849.00,869.00,903.00,935.00,951.00,965.00,1042.00,1056.00,1072.00,1096.00,1109.00,1137.00,1160.00,1182.00,1206.00,1240.00,1252.00,1285.00,1298.00,1353.00,1408.00,1430.00,1445.00,1467.00,1513.00,1530.00,1567.00,1592.00,1620.00,1632.00,1710.00,1797.00,1828.00,1845.00,1874.00,1931.00,1961.00,1987.00,2056.00,2075.00,2102.00,2152.00,2198.00,2211.00,2237.00,2267.00,2291.00,2320.00,2371.00,2438.00,2464.00,2491.00,2582.00,2690.00,2713.00,2782.00,2813.00,2885.00,2969.00,2999.00,3096.00,3139.00,3174.00,3199.00,3239.00,3256.00,3290.00,3349.00,3388.00,3429.00,3474.00,3552.00,3566.00,3582.00,3649.00,3744.00,3842.00,3953.00,4078.00,4161.00,4211.00,4298.00,4326.00,4526.00,4642.00,4842.00,4911.00,5047.00,5124.00,5324.00,5451.00,5601.00,5685.00,5803.00,5942.00,6076.00,6184.00,6361.00,6469.00,6589.00,6725.00,6925.00,7096.00,7243.00,7443.00,7643.00,7828.00,8028.00,8209.00,8271.00,8471.00,8670.00,8861.00,9040.00,9188.00,9384.00,9520.00,9633.00,9745.00,9921.00,10032.00,10202.00,10334.00,10534.00,10637.00,10783.00,10904.00,11104.00,11304.00,11504.00,11586.00,11681.00,11816.00,12016.00,12177.00,12251.00,12315.00,12422.00,12603.00,12803.00,12950.00,13082.00,13282.00,13482.00,13682.00,13819.00,14019.00,14103.00,14195.00,14304.00,14403.00,14603.00,14698.00,14898.00,15054.00,15254.00,15454.00,15615.00,15744.00,15882.00,16082.00,16282.00,16482.00,16619.00,16771.00,16971.00,17171.00,17318.00,17496.00,17694.00,17834.00,18034.00,18234.00,18434.00,18634.00,18826.00,19026.00,19226.00,19356.00,19556.00,19756.00,19956.00,20156.00,,,,,,,,,,,,,,,,,,,,,,,,,,,,,
11.00,11.00,17.00,9.00,20.00,17.00,27.00,18.00,18.00,18.00,24.00,21.00,13.00,18.00,22.00,32.00,43.00,29.00,12.00,17.00,20.00,36.00,18.00,18.00,12.00,15.00,19.00,53.00,23.00,16.00,34.00,16.00,21.00,10.00,17.00,11.00,56.00,19.00,16.00,17.00,16.00,41.00,26.00,33.00,20.00,19.00,17.00,14.00,15.00,13.00,31.00,28.00,15.00,17.00,17.00,14.00,15.00,26.00,34.00,20.00,26.00,26.00,24.00,23.00,11.00,17.00,14.00,21.00,91.00,21.00,22.00,28.00,34.00,55.00,23.00,36.00,73.00,44.00,35.00,28.00,40.00,52.00,86.00,101.00,21.00,65.00,35.00,12.00,35.00,39.00,34.00,35.00,10.00,112.00,11.00,16.00,20.00,64.00,50.00,44.00,94.00,62.00,71.00,45.00,58.00,29.00,170.00,131.00,107.00,88.00,56.00,41.00,52.00,134.00,94.00,101.00,49.00,101.00,118.00,112.00,74.00,104.00,72.00,120.00,147.00,82.00,200.00,200.00,200.00,200.00,70.00,156.00,200.00,200.00,200.00,172.00,200.00,196.00,172.00,81.00,54.00,200.00,115.00,183.00,200.00,120.00,200.00,69.00,151.00,200.00,200.00,110.00,84.00,200.00,200.00,200.00,150.00,200.00,115.00,158.00,126.00,200.00,71.00,182.00,199.00,122.00,97.00,181.00,91.00,53.00,79.00,168.00,170.00,200.00,200.00,200.00,126.00,175.00,200.00,173.00,161.00,154.00,200.00,69.00,200.00,121.00,200.00,147.00,200.00,200.00,200.00,200.00,84.00,200.00,200.00,117.00,174.00,156.00,150.00,93.00,173.00,168.00,157.00,152.00,200.00,200.00,194.00,184.00,200.00,200.00,81.00,200.00,200.00,90.00,200.00,191.00,101.00,200.00,,,,,,,,,,,,,,,,,,,,,,,,,,,,,,,
11.00,22.00,39.00,48.00,68.00,85.00,112.00,130.00,148.00,166.00,190.00,211.00,224.00,242.00,264.00,296.00,339.00,368.00,380.00,397.00,417.00,453.00,471.00,489.00,501.00,516.00,535.00,588.00,611.00,627.00,661.00,677.00,698.00,708.00,725.00,736.00,792.00,811.00,827.00,844.00,860.00,901.00,927.00,960.00,980.00,999.00,1016.00,1030.00,1045.00,1058.00,1089.00,1117.00,1132.00,1149.00,1166.00,1180.00,1195.00,1221.00,1255.00,1275.00,1301.00,1327.00,1351.00,1374.00,1385.00,1402.00,1416.00,1437.00,1528.00,1549.00,1571.00,1599.00,1633.00,1688.00,1711.00,1747.00,1820.00,1864.00,1899.00,1927.00,1967.00,2019.00,2105.00,2206.00,2227.00,2292.00,2327.00,2339.00,2374.00,2413.00,2447.00,2482.00,2492.00,2604.00,2615.00,2631.00,2651.00,2715.00,2765.00,2809.00,2903.00,2965.00,3036.00,3081.00,3139.00,3168.00,3338.00,3469.00,3576.00,3664.00,3720.00,3761.00,3813.00,3947.00,4041.00,4142.00,4191.00,4292.00,4410.00,4522.00,4596.00,4700.00,4772.00,4892.00,5039.00,5121.00,5321.00,5521.00,5721.00,5921.00,5991.00,6147.00,6347.00,6547.00,6747.00,6919.00,7119.00,7315.00,7487.00,7568.00,7622.00,7822.00,7937.00,8120.00,8320.00,8440.00,8640.00,8709.00,8860.00,9060.00,9260.00,9370.00,9454.00,9654.00,9854.00,10054.00,10204.00,10404.00,10519.00,10677.00,10803.00,11003.00,11074.00,11256.00,11455.00,11577.00,11674.00,11855.00,11946.00,11999.00,12078.00,12246.00,12416.00,12616.00,12816.00,13016.00,13142.00,13317.00,13517.00,13690.00,13851.00,14005.00,14205.00,14274.00,14474.00,14595.00,14795.00,14942.00,15142.00,15342.00,15542.00,15742.00,15826.00,16026.00,16226.00,16343.00,16517.00,16673.00,16823.00,16916.00,17089.00,17257.00,17414.00,17566.00,17766.00,17966.00,18160.00,18344.00,18544.00,18744.00,18825.00,19025.00,19225.00,19315.00,19515.00,19706.00,19807.00,20007.00,,,,,,,,,,,,,,,,,,,,,,,,,,,,,,,
14.00,33.00,14.00,14.00,13.00,21.00,19.00,14.00,19.00,25.00,11.00,16.00,21.00,17.00,11.00,21.00,18.00,16.00,11.00,34.00,16.00,11.00,17.00,19.00,17.00,18.00,15.00,27.00,13.00,28.00,26.00,13.00,21.00,16.00,32.00,11.00,25.00,16.00,26.00,49.00,10.00,16.00,17.00,18.00,42.00,31.00,22.00,16.00,25.00,15.00,26.00,24.00,30.00,21.00,16.00,37.00,34.00,28.00,23.00,19.00,31.00,23.00,33.00,10.00,13.00,47.00,30.00,15.00,14.00,40.00,35.00,17.00,97.00,23.00,35.00,14.00,50.00,37.00,21.00,19.00,54.00,17.00,16.00,21.00,30.00,18.00,18.00,55.00,65.00,40.00,25.00,63.00,18.00,12.00,31.00,48.00,13.00,71.00,48.00,30.00,69.00,36.00,47.00,34.00,70.00,30.00,41.00,58.00,36.00,25.00,23.00,51.00,14.00,54.00,126.00,10.00,98.00,170.00,53.00,89.00,65.00,61.00,16.00,48.00,39.00,51.00,59.00,41.00,45.00,48.00,12.00,187.00,77.00,142.00,200.00,164.00,40.00,119.00,133.00,104.00,146.00,200.00,200.00,200.00,200.00,200.00,200.00,200.00,200.00,164.00,200.00,200.00,200.00,144.00,200.00,200.00,200.00,200.00,200.00,200.00,73.00,93.00,200.00,200.00,152.00,200.00,200.00,155.00,200.00,174.00,200.00,175.00,200.00,196.00,200.00,200.00,187.00,121.00,200.00,200.00,200.00,200.00,189.00,200.00,199.00,200.00,200.00,200.00,129.00,93.00,191.00,152.00,192.00,200.00,200.00,200.00,164.00,200.00,146.00,190.00,200.00,200.00,200.00,60.00,200.00,193.00,164.00,200.00,200.00,147.00,180.00,107.00,200.00,106.00,176.00,164.00,200.00,187.00,170.00,118.00,182.00,183.00,,,,,,,,,,,,,,,,,,,,,,,,,,,
14.00,47.00,61.00,75.00,88.00,109.00,128.00,142.00,161.00,186.00,197.00,213.00,234.00,251.00,262.00,283.00,301.00,317.00,328.00,362.00,378.00,389.00,406.00,425.00,442.00,460.00,475.00,502.00,515.00,543.00,569.00,582.00,603.00,619.00,651.00,662.00,687.00,703.00,729.00,778.00,788.00,804.00,821.00,839.00,881.00,912.00,934.00,950.00,975.00,990.00,1016.00,1040.00,1070.00,1091.00,1107.00,1144.00,1178.00,1206.00,1229.00,1248.00,1279.00,1302.00,1335.00,1345.00,1358.00,1405.00,1435.00,1450.00,1464.00,1504.00,1539.00,1556.00,1653.00,1676.00,1711.00,1725.00,1775.00,1812.00,1833.00,1852.00,1906.00,1923.00,1939.00,1960.00,1990.00,2008.00,2026.00,2081.00,2146.00,2186.00,2211.00,2274.00,2292.00,2304.00,2335.00,2383.00,2396.00,2467.00,2515.00,2545.00,2614.00,2650.00,2697.00,2731.00,2801.00,2831.00,2872.00,2930.00,2966.00,2991.00,3014.00,3065.00,3079.00,3133.00,3259.00,3269.00,3367.00,3537.00,3590.00,3679.00,3744.00,3805.00,3821.00,3869.00,3908.00,3959.00,4018.00,4059.00,4104.00,4152.00,4164.00,4351.00,4428.00,4570.00,4770.00,4934.00,4974.00,5093.00,5226.00,5330.00,5476.00,5676.00,5876.00,6076.00,6276.00,6476.00,6676.00,6876.00,7076.00,7240.00,7440.00,7640.00,7840.00,7984.00,8184.00,8384.00,8584.00,8784.00,8984.00,9184.00,9257.00,9350.00,9550.00,9750.00,9902.00,10102.00,10302.00,10457.00,10657.00,10831.00,11031.00,11206.00,11406.00,11602.00,11802.00,12002.00,12189.00,12310.00,12510.00,12710.00,12910.00,13110.00,13299.00,13499.00,13698.00,13898.00,14098.00,14298.00,14427.00,14520.00,14711.00,14863.00,15055.00,15255.00,15455.00,15655.00,15819.00,16019.00,16165.00,16355.00,16555.00,16755.00,16955.00,17015.00,17215.00,17408.00,17572.00,17772.00,17972.00,18119.00,18299.00,18406.00,18606.00,18712.00,18888.00,19052.00,19252.00,19439.00,19609.00,19727.00,19909.00,20092.00,,,,,,,,,,,,,,,,,,,,,,,,,,,
16.00,14.00,21.00,24.00,9.00,14.00,16.00,12.00,34.00,13.00,22.00,14.00,15.00,32.00,30.00,12.00,9.00,25.00,52.00,11.00,16.00,66.00,32.00,43.00,13.00,22.00,17.00,13.00,23.00,26.00,46.00,26.00,25.00,24.00,13.00,22.00,11.00,15.00,21.00,12.00,23.00,22.00,18.00,32.00,14.00,19.00,13.00,18.00,41.00,12.00,31.00,18.00,33.00,15.00,18.00,34.00,16.00,28.00,57.00,13.00,28.00,27.00,21.00,28.00,27.00,24.00,33.00,20.00,39.00,34.00,12.00,36.00,22.00,44.00,31.00,17.00,41.00,41.00,27.00,22.00,16.00,16.00,20.00,77.00,33.00,51.00,29.00,59.00,37.00,37.00,31.00,86.00,54.00,54.00,16.00,41.00,73.00,71.00,41.00,40.00,62.00,79.00,110.00,40.00,152.00,22.00,70.00,49.00,27.00,77.00,39.00,54.00,107.00,81.00,56.00,25.00,109.00,76.00,52.00,56.00,73.00,169.00,91.00,76.00,95.00,200.00,63.00,200.00,35.00,25.00,53.00,104.00,200.00,200.00,200.00,123.00,142.00,200.00,73.00,200.00,200.00,200.00,200.00,200.00,192.00,200.00,200.00,200.00,112.00,200.00,200.00,200.00,167.00,200.00,200.00,200.00,200.00,187.00,159.00,118.00,183.00,87.00,163.00,135.00,200.00,200.00,200.00,74.00,200.00,200.00,200.00,113.00,200.00,200.00,200.00,200.00,170.00,89.00,128.00,200.00,200.00,64.00,143.00,200.00,184.00,180.00,200.00,200.00,129.00,118.00,200.00,200.00,102.00,53.00,200.00,90.00,150.00,118.00,97.00,200.00,114.00,149.00,200.00,70.00,55.00,200.00,148.00,200.00,200.00,200.00,129.00,200.00,200.00,200.00,200.00,119.00,200.00,52.00,200.00,200.00,,,,,,,,,,,,,,,,,,,,,,,,,,,,,
16.00,30.00,51.00,75.00,84.00,98.00,114.00,126.00,160.00,173.00,195.00,209.00,224.00,256.00,286.00,298.00,307.00,332.00,384.00,395.00,411.00,477.00,509.00,552.00,565.00,587.00,604.00,617.00,640.00,666.00,712.00,738.00,763.00,787.00,800.00,822.00,833.00,848.00,869.00,881.00,904.00,926.00,944.00,976.00,990.00,1009.00,1022.00,1040.00,1081.00,1093.00,1124.00,1142.00,1175.00,1190.00,1208.00,1242.00,1258.00,1286.00,1343.00,1356.00,1384.00,1411.00,1432.00,1460.00,1487.00,1511.00,1544.00,1564.00,1603.00,1637.00,1649.00,1685.00,1707.00,1751.00,1782.00,1799.00,1840.00,1881.00,1908.00,1930.00,1946.00,1962.00,1982.00,2059.00,2092.00,2143.00,2172.00,2231.00,2268.00,2305.00,2336.00,2422.00,2476.00,2530.00,2546.00,2587.00,2660.00,2731.00,2772.00,2812.00,2874.00,2953.00,3063.00,3103.00,3255.00,3277.00,3347.00,3396.00,3423.00,3500.00,3539.00,3593.00,3700.00,3781.00,3837.00,3862.00,3971.00,4047.00,4099.00,4155.00,4228.00,4397.00,4488.00,4564.00,4659.00,4859.00,4922.00,5122.00,5157.00,5182.00,5235.00,5339.00,5539.00,5739.00,5939.00,6062.00,6204.00,6404.00,6477.00,6677.00,6877.00,7077.00,7277.00,7477.00,7669.00,7869.00,8069.00,8269.00,8381.00,8581.00,8781.00,8981.00,9148.00,9348.00,9548.00,9748.00,9948.00,10135.00,10294.00,10412.00,10595.00,10682.00,10845.00,10980.00,11180.00,11380.00,11580.00,11654.00,11854.00,12054.00,12254.00,12367.00,12567.00,12767.00,12967.00,13167.00,13337.00,13426.00,13554.00,13754.00,13954.00,14018.00,14161.00,14361.00,14545.00,14725.00,14925.00,15125.00,15254.00,15372.00,15572.00,15772.00,15874.00,15927.00,16127.00,16217.00,16367.00,16485.00,16582.00,16782.00,16896.00,17045.00,17245.00,17315.00,17370.00,17570.00,17718.00,17918.00,18118.00,18318.00,18447.00,18647.00,18847.00,19047.00,19247.00,19366.00,19566.00,19618.00,19818.00,20018.00,,,,,,,,,,,,,,,,,,,,,,,,,,,,,
32.00,22.00,27.00,19.00,24.00,43.00,22.00,23.00,38.00,21.00,17.00,10.00,23.00,23.00,37.00,23.00,10.00,51.00,15.00,22.00,30.00,15.00,16.00,13.00,64.00,13.00,17.00,26.00,36.00,35.00,17.00,73.00,19.00,24.00,16.00,16.00,26.00,40.00,20.00,15.00,57.00,68.00,21.00,20.00,58.00,28.00,12.00,25.00,51.00,30.00,13.00,42.00,28.00,13.00,88.00,53.00,14.00,59.00,57.00,17.00,16.00,10.00,44.00,15.00,23.00,33.00,14.00,16.00,32.00,13.00,38.00,32.00,10.00,33.00,27.00,26.00,37.00,15.00,15.00,34.00,34.00,24.00,42.00,82.00,42.00,81.00,36.00,14.00,39.00,35.00,59.00,90.00,44.00,80.00,37.00,59.00,17.00,19.00,33.00,15.00,124.00,59.00,40.00,19.00,56.00,74.00,96.00,24.00,105.00,31.00,89.00,64.00,77.00,49.00,138.00,78.00,47.00,172.00,159.00,116.00,62.00,94.00,200.00,200.00,48.00,88.00,200.00,145.00,200.00,200.00,200.00,113.00,200.00,200.00,159.00,171.00,200.00,129.00,135.00,43.00,191.00,190.00,200.00,147.00,200.00,99.00,200.00,57.00,139.00,113.00,114.00,46.00,128.00,94.00,72.00,200.00,200.00,171.00,200.00,200.00,200.00,200.00,200.00,200.00,200.00,124.00,135.00,85.00,35.00,161.00,83.00,200.00,170.00,49.00,69.00,42.00,91.00,200.00,194.00,50.00,191.00,83.00,95.00,96.00,47.00,165.00,147.00,63.00,63.00,34.00,63.00,182.00,93.00,200.00,95.00,69.00,66.00,63.00,200.00,200.00,184.00,200.00,200.00,178.00,200.00,200.00,55.00,200.00,105.00,137.00,200.00,200.00,200.00,87.00,200.00,200.00,200.00,152.00,200.00,200.00,200.00,200.00,200.00,168.00,139.00,,,,,,,,,,,,,,,,,,,,,,,,
32.00,54.00,81.00,100.00,124.00,167.00,189.00,212.00,250.00,271.00,288.00,298.00,321.00,344.00,381.00,404.00,414.00,465.00,480.00,502.00,532.00,547.00,563.00,576.00,640.00,653.00,670.00,696.00,732.00,767.00,784.00,857.00,876.00,900.00,916.00,932.00,958.00,998.00,1018.00,1033.00,1090.00,1158.00,1179.00,1199.00,1257.00,1285.00,1297.00,1322.00,1373.00,1403.00,1416.00,1458.00,1486.00,1499.00,1587.00,1640.00,1654.00,1713.00,1770.00,1787.00,1803.00,1813.00,1857.00,1872.00,1895.00,1928.00,1942.00,1958.00,1990.00,2003.00,2041.00,2073.00,2083.00,2116.00,2143.00,2169.00,2206.00,2221.00,2236.00,2270.00,2304.00,2328.00,2370.00,2452.00,2494.00,2575.00,2611.00,2625.00,2664.00,2699.00,2758.00,2848.00,2892.00,2972.00,3009.00,3068.00,3085.00,3104.00,3137.00,3152.00,3276.00,3335.00,3375.00,3394.00,3450.00,3524.00,3620.00,3644.00,3749.00,3780.00,3869.00,3933.00,4010.00,4059.00,4197.00,4275.00,4322.00,4494.00,4653.00,4769.00,4831.00,4925.00,5125.00,5325.00,5373.00,5461.00,5661.00,5806.00,6006.00,6206.00,6406.00,6519.00,6719.00,6919.00,7078.00,7249.00,7449.00,7578.00,7713.00,7756.00,7947.00,8137.00,8337.00,8484.00,8684.00,8783.00,8983.00,9040.00,9179.00,9292.00,9406.00,9452.00,9580.00,9674.00,9746.00,9946.00,10146.00,10317.00,10517.00,10717.00,10917.00,11117.00,11317.00,11517.00,11717.00,11841.00,11976.00,12061.00,12096.00,12257.00,12340.00,12540.00,12710.00,12759.00,12828.00,12870.00,12961.00,13161.00,13355.00,13405.00,13596.00,13679.00,13774.00,13870.00,13917.00,14082.00,14229.00,14292.00,14355.00,14389.00,14452.00,14634.00,14727.00,14927.00,15022.00,15091.00,15157.00,15220.00,15420.00,15620.00,15804.00,16004.00,16204.00,16382.00,16582.00,16782.00,16837.00,17037.00,17142.00,17279.00,17479.00,17679.00,17879.00,17966.00,18166.00,18366.00,18566.00,18718.00,18918.00,19118.00,19318.00,19518.00,19718.00,19886.00,20025.00,,,,,,,,,,,,,,,,,,,,,,,,
57.00,26.00,31.00,13.00,43.00,22.00,12.00,35.00,34.00,23.00,16.00,20.00,13.00,13.00,19.00,29.00,40.00,23.00,31.00,15.00,14.00,12.00,21.00,15.00,36.00,27.00,19.00,24.00,33.00,16.00,51.00,29.00,23.00,10.00,12.00,37.00,15.00,28.00,21.00,17.00,21.00,18.00,17.00,20.00,39.00,18.00,30.00,20.00,8.00,73.00,30.00,11.00,28.00,37.00,32.00,26.00,11.00,24.00,36.00,16.00,25.00,49.00,51.00,27.00,66.00,46.00,23.00,19.00,70.00,46.00,20.00,17.00,28.00,30.00,30.00,24.00,19.00,39.00,33.00,14.00,72.00,24.00,51.00,37.00,55.00,60.00,14.00,31.00,39.00,41.00,18.00,35.00,126.00,61.00,34.00,60.00,60.00,120.00,50.00,67.00,44.00,35.00,27.00,46.00,50.00,80.00,79.00,53.00,32.00,84.00,35.00,57.00,121.00,68.00,160.00,88.00,86.00,83.00,77.00,161.00,155.00,131.00,68.00,94.00,130.00,155.00,200.00,127.00,111.00,200.00,133.00,174.00,113.00,200.00,166.00,113.00,74.00,198.00,147.00,149.00,112.00,139.00,156.00,104.00,199.00,200.00,190.00,191.00,200.00,191.00,200.00,200.00,200.00,144.00,62.00,129.00,45.00,200.00,134.00,200.00,163.00,167.00,170.00,151.00,195.00,200.00,81.00,200.00,200.00,168.00,200.00,200.00,144.00,200.00,200.00,200.00,95.00,200.00,200.00,90.00,200.00,110.00,123.00,30.00,200.00,120.00,200.00,115.00,200.00,170.00,200.00,200.00,102.00,200.00,200.00,97.00,200.00,200.00,129.00,139.00,200.00,75.00,111.00,188.00,200.00,177.00,189.00,147.00,200.00,200.00,117.00,72.00,193.00,200.00,76.00,93.00,200.00,200.00,,,,,,,,,,,,,,,,,,,,,,,,,,,,,,,
57.00,83.00,114.00,127.00,170.00,192.00,204.00,239.00,273.00,296.00,312.00,332.00,345.00,358.00,377.00,406.00,446.00,469.00,500.00,515.00,529.00,541.00,562.00,577.00,613.00,640.00,659.00,683.00,716.00,732.00,783.00,812.00,835.00,845.00,857.00,894.00,909.00,937.00,958.00,975.00,996.00,1014.00,1031.00,1051.00,1090.00,1108.00,1138.00,1158.00,1166.00,1239.00,1269.00,1280.00,1308.00,1345.00,1377.00,1403.00,1414.00,1438.00,1474.00,1490.00,1515.00,1564.00,1615.00,1642.00,1708.00,1754.00,1777.00,1796.00,1866.00,1912.00,1932.00,1949.00,1977.00,2007.00,2037.00,2061.00,2080.00,2119.00,2152.00,2166.00,2238.00,2262.00,2313.00,2350.00,2405.00,2465.00,2479.00,2510.00,2549.00,2590.00,2608.00,2643.00,2769.00,2830.00,2864.00,2924.00,2984.00,3104.00,3154.00,3221.00,3265.00,3300.00,3327.00,3373.00,3423.00,3503.00,3582.00,3635.00,3667.00,3751.00,3786.00,3843.00,3964.00,4032.00,4192.00,4280.00,4366.00,4449.00,4526.00,4687.00,4842.00,4973.00,5041.00,5135.00,5265.00,5420.00,5620.00,5747.00,5858.00,6058.00,6191.00,6365.00,6478.00,6678.00,6844.00,6957.00,7031.00,7229.00,7376.00,7525.00,7637.00,7776.00,7932.00,8036.00,8235.00,8435.00,8625.00,8816.00,9016.00,9207.00,9407.00,9607.00,9807.00,9951.00,10013.00,10142.00,10187.00,10387.00,10521.00,10721.00,10884.00,11051.00,11221.00,11372.00,11567.00,11767.00,11848.00,12048.00,12248.00,12416.00,12616.00,12816.00,12960.00,13160.00,13360.00,13560.00,13655.00,13855.00,14055.00,14145.00,14345.00,14455.00,14578.00,14608.00,14808.00,14928.00,15128.00,15243.00,15443.00,15613.00,15813.00,16013.00,16115.00,16315.00,16515.00,16612.00,16812.00,17012.00,17141.00,17280.00,17480.00,17555.00,17666.00,17854.00,18054.00,18231.00,18420.00,18567.00,18767.00,18967.00,19084.00,19156.00,19349.00,19549.00,19625.00,19718.00,19918.00,20118.00,,,,,,,,,,,,,,,,,,,,,,,,,,,,,,,
14.00,14.00,8.00,11.00,12.00,18.00,15.00,27.00,20.00,16.00,11.00,39.00,20.00,19.00,27.00,26.00,24.00,28.00,20.00,25.00,19.00,11.00,13.00,76.00,17.00,12.00,12.00,14.00,23.00,12.00,13.00,13.00,18.00,12.00,8.00,14.00,20.00,42.00,80.00,26.00,28.00,27.00,13.00,47.00,36.00,19.00,19.00,38.00,37.00,23.00,31.00,12.00,17.00,69.00,70.00,21.00,19.00,25.00,22.00,38.00,36.00,21.00,24.00,42.00,14.00,54.00,13.00,41.00,21.00,17.00,24.00,67.00,24.00,29.00,73.00,33.00,16.00,28.00,32.00,22.00,31.00,25.00,21.00,54.00,81.00,116.00,11.00,24.00,13.00,44.00,51.00,26.00,66.00,88.00,112.00,22.00,59.00,47.00,101.00,103.00,48.00,87.00,99.00,125.00,100.00,179.00,84.00,33.00,127.00,139.00,200.00,200.00,38.00,64.00,60.00,200.00,200.00,200.00,200.00,200.00,200.00,200.00,200.00,164.00,200.00,200.00,200.00,200.00,200.00,200.00,200.00,200.00,200.00,200.00,130.00,200.00,200.00,200.00,200.00,168.00,200.00,200.00,200.00,168.00,200.00,200.00,200.00,200.00,200.00,72.00,167.00,200.00,200.00,135.00,157.00,195.00,169.00,72.00,187.00,66.00,165.00,115.00,81.00,200.00,115.00,42.00,190.00,159.00,200.00,200.00,200.00,52.00,200.00,166.00,42.00,42.00,106.00,186.00,190.00,200.00,116.00,39.00,159.00,76.00,183.00,200.00,200.00,143.00,200.00,111.00,105.00,200.00,121.00,200.00,58.00,160.00,200.00,75.00,200.00,170.00,199.00,49.00,102.00,44.00,141.00,193.00,183.00,79.00,146.00,200.00,,,,,,,,,,,,,,,,,,,,,,,,,,,,,,,,,,,,,,,
14.00,28.00,36.00,47.00,59.00,77.00,92.00,119.00,139.00,155.00,166.00,205.00,225.00,244.00,271.00,297.00,321.00,349.00,369.00,394.00,413.00,424.00,437.00,513.00,530.00,542.00,554.00,568.00,591.00,603.00,616.00,629.00,647.00,659.00,667.00,681.00,701.00,743.00,823.00,849.00,877.00,904.00,917.00,964.00,1000.00,1019.00,1038.00,1076.00,1113.00,1136.00,1167.00,1179.00,1196.00,1265.00,1335.00,1356.00,1375.00,1400.00,1422.00,1460.00,1496.00,1517.00,1541.00,1583.00,1597.00,1651.00,1664.00,1705.00,1726.00,1743.00,1767.00,1834.00,1858.00,1887.00,1960.00,1993.00,2009.00,2037.00,2069.00,2091.00,2122.00,2147.00,2168.00,2222.00,2303.00,2419.00,2430.00,2454.00,2467.00,2511.00,2562.00,2588.00,2654.00,2742.00,2854.00,2876.00,2935.00,2982.00,3083.00,3186.00,3234.00,3321.00,3420.00,3545.00,3645.00,3824.00,3908.00,3941.00,4068.00,4207.00,4407.00,4607.00,4645.00,4709.00,4769.00,4969.00,5169.00,5369.00,5569.00,5769.00,5969.00,6169.00,6369.00,6533.00,6733.00,6933.00,7133.00,7333.00,7533.00,7733.00,7933.00,8133.00,8333.00,8533.00,8663.00,8863.00,9063.00,9263.00,9463.00,9631.00,9831.00,10031.00,10231.00,10399.00,10599.00,10799.00,10999.00,11199.00,11399.00,11471.00,11638.00,11838.00,12038.00,12173.00,12330.00,12525.00,12694.00,12766.00,12953.00,13019.00,13184.00,13299.00,13380.00,13580.00,13695.00,13737.00,13927.00,14086.00,14286.00,14486.00,14686.00,14738.00,14938.00,15104.00,15146.00,15188.00,15294.00,15480.00,15670.00,15870.00,15986.00,16025.00,16184.00,16260.00,16443.00,16643.00,16843.00,16986.00,17186.00,17297.00,17402.00,17602.00,17723.00,17923.00,17981.00,18141.00,18341.00,18416.00,18616.00,18786.00,18985.00,19034.00,19136.00,19180.00,19321.00,19514.00,19697.00,19776.00,19922.00,20122.00,,,,,,,,,,,,,,,,,,,,,,,,,,,,,,,,,,,,,,,
28.00,9.00,16.00,11.00,34.00,19.00,35.00,26.00,14.00,34.00,13.00,19.00,21.00,22.00,39.00,12.00,15.00,16.00,14.00,22.00,9.00,13.00,25.00,10.00,43.00,17.00,18.00,10.00,17.00,16.00,19.00,25.00,37.00,12.00,11.00,26.00,16.00,37.00,40.00,29.00,39.00,14.00,20.00,14.00,26.00,53.00,10.00,13.00,25.00,50.00,22.00,12.00,27.00,44.00,22.00,30.00,62.00,19.00,17.00,27.00,55.00,15.00,38.00,30.00,29.00,28.00,33.00,23.00,11.00,20.00,12.00,53.00,35.00,9.00,31.00,18.00,37.00,52.00,14.00,20.00,25.00,23.00,25.00,17.00,14.00,22.00,98.00,32.00,27.00,19.00,39.00,20.00,15.00,58.00,15.00,12.00,35.00,31.00,27.00,24.00,16.00,39.00,43.00,33.00,36.00,40.00,44.00,44.00,42.00,35.00,25.00,64.00,50.00,106.00,31.00,23.00,74.00,60.00,62.00,88.00,172.00,135.00,103.00,69.00,96.00,38.00,104.00,76.00,91.00,200.00,163.00,104.00,187.00,193.00,200.00,35.00,200.00,88.00,200.00,132.00,86.00,181.00,81.00,200.00,200.00,92.00,190.00,148.00,200.00,161.00,111.00,98.00,86.00,200.00,100.00,108.00,179.00,200.00,140.00,200.00,173.00,190.00,199.00,200.00,152.00,200.00,196.00,131.00,42.00,126.00,105.00,200.00,88.00,200.00,35.00,122.00,200.00,200.00,148.00,200.00,132.00,200.00,77.00,190.00,151.00,117.00,200.00,200.00,98.00,168.00,112.00,200.00,111.00,102.00,165.00,106.00,200.00,200.00,194.00,200.00,200.00,200.00,184.00,58.00,200.00,92.00,170.00,152.00,183.00,69.00,181.00,197.00,184.00,156.00,121.00,158.00,177.00,175.00,121.00,40.00,200.00,200.00,102.00,170.00,200.00,123.00,175.00,200.00,105.00,139.00,142.00,,,,,,,,,,,,,,,,,,
28.00,37.00,53.00,64.00,98.00,117.00,152.00,178.00,192.00,226.00,239.00,258.00,279.00,301.00,340.00,352.00,367.00,383.00,397.00,419.00,428.00,441.00,466.00,476.00,519.00,536.00,554.00,564.00,581.00,597.00,616.00,641.00,678.00,690.00,701.00,727.00,743.00,780.00,820.00,849.00,888.00,902.00,922.00,936.00,962.00,1015.00,1025.00,1038.00,1063.00,1113.00,1135.00,1147.00,1174.00,1218.00,1240.00,1270.00,1332.00,1351.00,1368.00,1395.00,1450.00,1465.00,1503.00,1533.00,1562.00,1590.00,1623.00,1646.00,1657.00,1677.00,1689.00,1742.00,1777.00,1786.00,1817.00,1835.00,1872.00,1924.00,1938.00,1958.00,1983.00,2006.00,2031.00,2048.00,2062.00,2084.00,2182.00,2214.00,2241.00,2260.00,2299.00,2319.00,2334.00,2392.00,2407.00,2419.00,2454.00,2485.00,2512.00,2536.00,2552.00,2591.00,2634.00,2667.00,2703.00,2743.00,2787.00,2831.00,2873.00,2908.00,2933.00,2997.00,3047.00,3153.00,3184.00,3207.00,3281.00,3341.00,3403.00,3491.00,3663.00,3798.00,3901.00,3970.00,4066.00,4104.00,4208.00,4284.00,4375.00,4575.00,4738.00,4842.00,5029.00,5222.00,5422.00,5457.00,5657.00,5745.00,5945.00,6077.00,6163.00,6344.00,6425.00,6625.00,6825.00,6917.00,7107.00,7255.00,7455.00,7616.00,7727.00,7825.00,7911.00,8111.00,8211.00,8319.00,8498.00,8698.00,8838.00,9038.00,9211.00,9401.00,9600.00,9800.00,9952.00,10152.00,10348.00,10479.00,10521.00,10647.00,10752.00,10952.00,11040.00,11240.00,11275.00,11397.00,11597.00,11797.00,11945.00,12145.00,12277.00,12477.00,12554.00,12744.00,12895.00,13012.00,13212.00,13412.00,13510.00,13678.00,13790.00,13990.00,14101.00,14203.00,14368.00,14474.00,14674.00,14874.00,15068.00,15268.00,15468.00,15668.00,15852.00,15910.00,16110.00,16202.00,16372.00,16524.00,16707.00,16776.00,16957.00,17154.00,17338.00,17494.00,17615.00,17773.00,17950.00,18125.00,18246.00,18286.00,18486.00,18686.00,18788.00,18958.00,19158.00,19281.00,19456.00,19656.00,19761.00,19900.00,20042.00,,,,,,,,,,,,,,,,,,
24.00,34.00,15.00,20.00,26.00,18.00,11.00,17.00,21.00,24.00,17.00,25.00,20.00,21.00,23.00,22.00,25.00,66.00,12.00,14.00,43.00,28.00,53.00,15.00,25.00,31.00,19.00,16.00,19.00,16.00,16.00,16.00,23.00,27.00,16.00,20.00,14.00,17.00,13.00,29.00,52.00,23.00,45.00,42.00,10.00,17.00,26.00,52.00,31.00,39.00,13.00,25.00,60.00,15.00,18.00,33.00,23.00,34.00,17.00,48.00,30.00,40.00,22.00,28.00,51.00,15.00,28.00,23.00,24.00,36.00,12.00,89.00,46.00,64.00,13.00,17.00,20.00,31.00,46.00,81.00,13.00,91.00,27.00,11.00,28.00,64.00,35.00,49.00,107.00,50.00,29.00,56.00,60.00,43.00,43.00,45.00,29.00,162.00,32.00,49.00,158.00,22.00,147.00,142.00,50.00,77.00,127.00,40.00,107.00,64.00,86.00,60.00,107.00,119.00,134.00,200.00,200.00,132.00,200.00,200.00,200.00,200.00,191.00,200.00,200.00,200.00,88.00,145.00,151.00,200.00,200.00,184.00,200.00,195.00,200.00,200.00,200.00,200.00,200.00,176.00,200.00,200.00,200.00,188.00,200.00,200.00,136.00,200.00,200.00,157.00,200.00,200.00,200.00,200.00,200.00,149.00,200.00,200.00,48.00,134.00,200.00,200.00,153.00,200.00,197.00,200.00,129.00,200.00,200.00,200.00,200.00,166.00,126.00,200.00,200.00,200.00,200.00,184.00,200.00,200.00,195.00,113.00,200.00,200.00,200.00,200.00,200.00,200.00,155.00,188.00,153.00,200.00,200.00,200.00,76.00,103.00,136.00,200.00,200.00,,,,,,,,,,,,,,,,,,,,,,,,,,,,,,,,,,,,,,,,,,,,,,,,,,
24.00,58.00,73.00,93.00,119.00,137.00,148.00,165.00,186.00,210.00,227.00,252.00,272.00,293.00,316.00,338.00,363.00,429.00,441.00,455.00,498.00,526.00,579.00,594.00,619.00,650.00,669.00,685.00,704.00,720.00,736.00,752.00,775.00,802.00,818.00,838.00,852.00,869.00,882.00,911.00,963.00,986.00,1031.00,1073.00,1083.00,1100.00,1126.00,1178.00,1209.00,1248.00,1261.00,1286.00,1346.00,1361.00,1379.00,1412.00,1435.00,1469.00,1486.00,1534.00,1564.00,1604.00,1626.00,1654.00,1705.00,1720.00,1748.00,1771.00,1795.00,1831.00,1843.00,1932.00,1978.00,2042.00,2055.00,2072.00,2092.00,2123.00,2169.00,2250.00,2263.00,2354.00,2381.00,2392.00,2420.00,2484.00,2519.00,2568.00,2675.00,2725.00,2754.00,2810.00,2870.00,2913.00,2956.00,3001.00,3030.00,3192.00,3224.00,3273.00,3431.00,3453.00,3600.00,3742.00,3792.00,3869.00,3996.00,4036.00,4143.00,4207.00,4293.00,4353.00,4460.00,4579.00,4713.00,4913.00,5113.00,5245.00,5445.00,5645.00,5845.00,6045.00,6236.00,6436.00,6636.00,6836.00,6924.00,7069.00,7220.00,7420.00,7620.00,7804.00,8004.00,8199.00,8399.00,8599.00,8799.00,8999.00,9199.00,9375.00,9575.00,9775.00,9975.00,10163.00,10363.00,10563.00,10699.00,10899.00,11099.00,11256.00,11456.00,11656.00,11856.00,12056.00,12256.00,12405.00,12605.00,12805.00,12853.00,12987.00,13187.00,13387.00,13540.00,13740.00,13937.00,14137.00,14266.00,14466.00,14666.00,14866.00,15066.00,15232.00,15358.00,15558.00,15758.00,15958.00,16158.00,16342.00,16542.00,16742.00,16937.00,17050.00,17250.00,17450.00,17650.00,17850.00,18050.00,18250.00,18405.00,18593.00,18746.00,18946.00,19146.00,19346.00,19422.00,19525.00,19661.00,19861.00,20061.00,,,,,,,,,,,,,,,,,,,,,,,,,,,,,,,,,,,,,,,,,,,,,,,,,,
10.00,20.00,40.00,24.00,27.00,28.00,20.00,19.00,21.00,62.00,15.00,31.00,24.00,11.00,19.00,20.00,18.00,11.00,22.00,39.00,12.00,17.00,19.00,17.00,19.00,24.00,56.00,20.00,14.00,27.00,28.00,25.00,35.00,45.00,21.00,22.00,36.00,16.00,17.00,39.00,24.00,51.00,61.00,18.00,36.00,34.00,26.00,26.00,25.00,18.00,38.00,24.00,46.00,23.00,21.00,18.00,13.00,17.00,14.00,13.00,29.00,53.00,71.00,26.00,22.00,10.00,27.00,48.00,20.00,24.00,28.00,32.00,99.00,25.00,25.00,44.00,13.00,27.00,26.00,46.00,46.00,38.00,12.00,31.00,39.00,13.00,23.00,31.00,35.00,43.00,57.00,41.00,32.00,25.00,23.00,94.00,19.00,33.00,57.00,64.00,47.00,20.00,41.00,33.00,88.00,59.00,46.00,49.00,17.00,67.00,125.00,74.00,114.00,46.00,64.00,101.00,74.00,152.00,37.00,81.00,106.00,65.00,50.00,74.00,121.00,168.00,77.00,180.00,200.00,200.00,96.00,200.00,116.00,200.00,200.00,200.00,200.00,200.00,143.00,192.00,200.00,200.00,200.00,200.00,200.00,73.00,200.00,175.00,200.00,99.00,119.00,200.00,200.00,200.00,184.00,64.00,92.00,137.00,44.00,88.00,200.00,200.00,200.00,200.00,200.00,200.00,200.00,200.00,200.00,200.00,200.00,97.00,90.00,200.00,200.00,112.00,86.00,200.00,160.00,200.00,200.00,200.00,132.00,157.00,200.00,158.00,200.00,90.00,200.00,90.00,200.00,191.00,200.00,200.00,182.00,112.00,43.00,200.00,123.00,187.00,131.00,153.00,146.00,180.00,50.00,173.00,200.00,135.00,200.00,46.00,200.00,200.00,45.00,200.00,200.00,110.00,41.00,60.00,106.00,167.00,75.00,,,,,,,,,,,,,,,,,,,,,,,,,,,,
10.00,30.00,70.00,94.00,121.00,149.00,169.00,188.00,209.00,271.00,286.00,317.00,341.00,352.00,371.00,391.00,409.00,420.00,442.00,481.00,493.00,510.00,529.00,546.00,565.00,589.00,645.00,665.00,679.00,706.00,734.00,759.00,794.00,839.00,860.00,882.00,918.00,934.00,951.00,990.00,1014.00,1065.00,1126.00,1144.00,1180.00,1214.00,1240.00,1266.00,1291.00,1309.00,1347.00,1371.00,1417.00,1440.00,1461.00,1479.00,1492.00,1509.00,1523.00,1536.00,1565.00,1618.00,1689.00,1715.00,1737.00,1747.00,1774.00,1822.00,1842.00,1866.00,1894.00,1926.00,2025.00,2050.00,2075.00,2119.00,2132.00,2159.00,2185.00,2231.00,2277.00,2315.00,2327.00,2358.00,2397.00,2410.00,2433.00,2464.00,2499.00,2542.00,2599.00,2640.00,2672.00,2697.00,2720.00,2814.00,2833.00,2866.00,2923.00,2987.00,3034.00,3054.00,3095.00,3128.00,3216.00,3275.00,3321.00,3370.00,3387.00,3454.00,3579.00,3653.00,3767.00,3813.00,3877.00,3978.00,4052.00,4204.00,4241.00,4322.00,4428.00,4493.00,4543.00,4617.00,4738.00,4906.00,4983.00,5163.00,5363.00,5563.00,5659.00,5859.00,5975.00,6175.00,6375.00,6575.00,6775.00,6975.00,7118.00,7310.00,7510.00,7710.00,7910.00,8110.00,8310.00,8383.00,8583.00,8758.00,8958.00,9057.00,9176.00,9376.00,9576.00,9776.00,9960.00,10024.00,10116.00,10253.00,10297.00,10385.00,10585.00,10785.00,10985.00,11185.00,11385.00,11585.00,11785.00,11985.00,12185.00,12385.00,12585.00,12682.00,12772.00,12972.00,13172.00,13284.00,13370.00,13570.00,13730.00,13930.00,14130.00,14330.00,14462.00,14619.00,14819.00,14977.00,15177.00,15267.00,15467.00,15557.00,15757.00,15948.00,16148.00,16348.00,16530.00,16642.00,16685.00,16885.00,17008.00,17195.00,17326.00,17479.00,17625.00,17805.00,17855.00,18028.00,18228.00,18363.00,18563.00,18609.00,18809.00,19009.00,19054.00,19254.00,19454.00,19564.00,19605.00,19665.00,19771.00,19938.00,20013.00,,,,,,,,,,,,,,,,,,,,,,,,,,,,
13.00,16.00,14.00,29.00,15.00,15.00,12.00,12.00,20.00,11.00,96.00,28.00,11.00,19.00,18.00,31.00,27.00,14.00,13.00,10.00,16.00,27.00,11.00,41.00,30.00,17.00,24.00,16.00,40.00,21.00,27.00,24.00,15.00,10.00,25.00,19.00,9.00,16.00,25.00,40.00,22.00,12.00,25.00,13.00,32.00,26.00,40.00,46.00,20.00,38.00,33.00,24.00,18.00,14.00,13.00,32.00,92.00,13.00,22.00,45.00,69.00,16.00,43.00,32.00,24.00,13.00,57.00,40.00,38.00,23.00,28.00,14.00,33.00,41.00,11.00,27.00,26.00,52.00,36.00,11.00,69.00,33.00,10.00,63.00,38.00,27.00,59.00,18.00,41.00,25.00,22.00,51.00,64.00,25.00,31.00,64.00,62.00,33.00,29.00,28.00,22.00,50.00,39.00,20.00,99.00,97.00,49.00,89.00,31.00,151.00,155.00,47.00,198.00,200.00,42.00,157.00,160.00,23.00,41.00,146.00,115.00,200.00,200.00,178.00,163.00,159.00,200.00,200.00,200.00,200.00,200.00,200.00,91.00,147.00,200.00,200.00,101.00,200.00,200.00,67.00,200.00,44.00,90.00,200.00,52.00,200.00,200.00,200.00,200.00,200.00,200.00,200.00,200.00,200.00,200.00,200.00,200.00,163.00,200.00,200.00,52.00,132.00,56.00,200.00,200.00,200.00,200.00,179.00,200.00,200.00,88.00,70.00,200.00,200.00,200.00,111.00,195.00,200.00,200.00,97.00,147.00,200.00,200.00,134.00,75.00,200.00,73.00,115.00,84.00,69.00,200.00,37.00,115.00,200.00,200.00,178.00,200.00,178.00,186.00,200.00,129.00,200.00,172.00,200.00,93.00,168.00,200.00,180.00,200.00,200.00,194.00,200.00,200.00,,,,,,,,,,,,,,,,,,,,,,,,,,,,,,,,,,,,
13.00,29.00,43.00,72.00,87.00,102.00,114.00,126.00,146.00,157.00,253.00,281.00,292.00,311.00,329.00,360.00,387.00,401.00,414.00,424.00,440.00,467.00,478.00,519.00,549.00,566.00,590.00,606.00,646.00,667.00,694.00,718.00,733.00,743.00,768.00,787.00,796.00,812.00,837.00,877.00,899.00,911.00,936.00,949.00,981.00,1007.00,1047.00,1093.00,1113.00,1151.00,1184.00,1208.00,1226.00,1240.00,1253.00,1285.00,1377.00,1390.00,1412.00,1457.00,1526.00,1542.00,1585.00,1617.00,1641.00,1654.00,1711.00,1751.00,1789.00,1812.00,1840.00,1854.00,1887.00,1928.00,1939.00,1966.00,1992.00,2044.00,2080.00,2091.00,2160.00,2193.00,2203.00,2266.00,2304.00,2331.00,2390.00,2408.00,2449.00,2474.00,2496.00,2547.00,2611.00,2636.00,2667.00,2731.00,2793.00,2826.00,2855.00,2883.00,2905.00,2955.00,2994.00,3014.00,3113.00,3210.00,3259.00,3348.00,3379.00,3530.00,3685.00,3732.00,3930.00,4130.00,4172.00,4329.00,4489.00,4512.00,4553.00,4699.00,4814.00,5014.00,5214.00,5392.00,5555.00,5714.00,5914.00,6114.00,6314.00,6514.00,6714.00,6914.00,7005.00,7152.00,7352.00,7552.00,7653.00,7853.00,8053.00,8120.00,8320.00,8364.00,8454.00,8654.00,8706.00,8906.00,9106.00,9306.00,9506.00,9706.00,9906.00,10106.00,10306.00,10506.00,10706.00,10906.00,11106.00,11269.00,11469.00,11669.00,11721.00,11853.00,11909.00,12109.00,12309.00,12509.00,12709.00,12888.00,13088.00,13288.00,13376.00,13446.00,13646.00,13846.00,14046.00,14157.00,14352.00,14552.00,14752.00,14849.00,14996.00,15196.00,15396.00,15530.00,15605.00,15805.00,15878.00,15993.00,16077.00,16146.00,16346.00,16383.00,16498.00,16698.00,16898.00,17076.00,17276.00,17454.00,17640.00,17840.00,17969.00,18169.00,18341.00,18541.00,18634.00,18802.00,19002.00,19182.00,19382.00,19582.00,19776.00,19976.00,20176.00,,,,,,,,,,,,,,,,,,,,,,,,,,,,,,,,,,,,
11.00,21.00,26.00,14.00,19.00,13.00,33.00,31.00,41.00,15.00,59.00,14.00,15.00,15.00,24.00,12.00,53.00,27.00,18.00,37.00,9.00,22.00,31.00,9.00,11.00,28.00,20.00,15.00,54.00,34.00,48.00,30.00,40.00,14.00,14.00,36.00,13.00,19.00,47.00,23.00,23.00,38.00,15.00,17.00,27.00,42.00,16.00,35.00,28.00,36.00,17.00,58.00,32.00,11.00,18.00,15.00,12.00,65.00,37.00,27.00,15.00,68.00,32.00,45.00,16.00,19.00,13.00,19.00,32.00,24.00,19.00,32.00,41.00,36.00,16.00,22.00,26.00,10.00,56.00,15.00,84.00,23.00,15.00,42.00,30.00,31.00,27.00,100.00,25.00,30.00,33.00,23.00,81.00,45.00,58.00,50.00,26.00,18.00,44.00,45.00,85.00,71.00,32.00,74.00,73.00,123.00,55.00,26.00,90.00,131.00,62.00,86.00,64.00,24.00,98.00,83.00,113.00,82.00,111.00,200.00,200.00,83.00,200.00,200.00,89.00,200.00,200.00,200.00,200.00,192.00,189.00,200.00,200.00,181.00,200.00,200.00,200.00,200.00,200.00,167.00,200.00,181.00,90.00,38.00,200.00,200.00,121.00,142.00,178.00,80.00,147.00,200.00,149.00,200.00,200.00,200.00,181.00,85.00,200.00,200.00,200.00,200.00,102.00,99.00,126.00,132.00,200.00,111.00,200.00,200.00,188.00,167.00,116.00,200.00,200.00,200.00,161.00,200.00,189.00,200.00,200.00,200.00,63.00,125.00,200.00,200.00,200.00,200.00,200.00,161.00,200.00,200.00,200.00,141.00,200.00,148.00,200.00,200.00,200.00,52.00,59.00,178.00,200.00,200.00,200.00,200.00,171.00,200.00,179.00,,,,,,,,,,,,,,,,,,,,,,,,,,,,,,,,,,,,,,,,
11.00,32.00,58.00,72.00,91.00,104.00,137.00,168.00,209.00,224.00,283.00,297.00,312.00,327.00,351.00,363.00,416.00,443.00,461.00,498.00,507.00,529.00,560.00,569.00,580.00,608.00,628.00,643.00,697.00,731.00,779.00,809.00,849.00,863.00,877.00,913.00,926.00,945.00,992.00,1015.00,1038.00,1076.00,1091.00,1108.00,1135.00,1177.00,1193.00,1228.00,1256.00,1292.00,1309.00,1367.00,1399.00,1410.00,1428.00,1443.00,1455.00,1520.00,1557.00,1584.00,1599.00,1667.00,1699.00,1744.00,1760.00,1779.00,1792.00,1811.00,1843.00,1867.00,1886.00,1918.00,1959.00,1995.00,2011.00,2033.00,2059.00,2069.00,2125.00,2140.00,2224.00,2247.00,2262.00,2304.00,2334.00,2365.00,2392.00,2492.00,2517.00,2547.00,2580.00,2603.00,2684.00,2729.00,2787.00,2837.00,2863.00,2881.00,2925.00,2970.00,3055.00,3126.00,3158.00,3232.00,3305.00,3428.00,3483.00,3509.00,3599.00,3730.00,3792.00,3878.00,3942.00,3966.00,4064.00,4147.00,4260.00,4342.00,4453.00,4653.00,4853.00,4936.00,5136.00,5336.00,5425.00,5625.00,5825.00,6025.00,6225.00,6417.00,6606.00,6806.00,7006.00,7187.00,7387.00,7587.00,7787.00,7987.00,8187.00,8354.00,8554.00,8735.00,8825.00,8863.00,9063.00,9263.00,9384.00,9526.00,9704.00,9784.00,9931.00,10131.00,10280.00,10480.00,10680.00,10880.00,11061.00,11146.00,11346.00,11546.00,11746.00,11946.00,12048.00,12147.00,12273.00,12405.00,12605.00,12716.00,12916.00,13116.00,13304.00,13471.00,13587.00,13787.00,13987.00,14187.00,14348.00,14548.00,14737.00,14937.00,15137.00,15337.00,15400.00,15525.00,15725.00,15925.00,16125.00,16325.00,16525.00,16686.00,16886.00,17086.00,17286.00,17427.00,17627.00,17775.00,17975.00,18175.00,18375.00,18427.00,18486.00,18664.00,18864.00,19064.00,19264.00,19464.00,19635.00,19835.00,20014.00,,,,,,,,,,,,,,,,,,,,,,,,,,,,,,,,,,,,,,,,
