18.00,44.00,21.00,15.00,10.00,52.00,25.00,18.00,8.00,35.00,14.00,12.00,11.00,13.00,20.00,20.00,13.00,17.00,9.00,13.00,14.00,25.00,17.00,12.00,20.00,17.00,14.00,23.00,22.00,31.00,27.00,15.00,15.00,15.00,21.00,15.00,16.00,19.00,63.00,53.00,21.00,21.00,13.00,32.00,13.00,31.00,17.00,41.00,31.00,35.00,34.00,40.00,22.00,23.00,72.00,14.00,18.00,13.00,34.00,63.00,21.00,76.00,31.00,79.00,50.00,75.00,22.00,94.00,31.00,22.00,71.00,200.00,57.00,196.00,200.00,151.00,101.00,92.00,186.00,152.00,200.00,163.00,198.00,200.00,88.00,174.00,200.00,200.00,200.00,200.00,200.00,173.00,200.00,200.00,189.00,165.00,200.00,171.00,182.00,200.00,192.00,200.00,167.00,184.00,179.00,179.00,161.00,189.00,174.00,200.00,198.00,200.00,193.00,200.00,200.00,192.00,199.00,200.00,169.00,196.00,191.00,186.00,153.00,170.00,172.00,192.00,159.00,200.00,200.00,200.00,200.00,200.00,174.00,194.00,183.00,200.00,182.00,174.00,178.00,163.00,200.00,200.00,200.00,187.00,189.00,178.00,192.00,176.00,200.00,200.00,200.00,200.00,200.00,200.00,200.00,189.00,173.00,200.00,200.00,200.00,200.00,200.00,195.00,166.00,200.00,200.00,167.00,200.00,166.00,,,,,,,,,,,,,,,,,,,,,,,,,
18.00,62.00,83.00,98.00,108.00,160.00,185.00,203.00,211.00,246.00,260.00,272.00,283.00,296.00,316.00,336.00,349.00,366.00,375.00,388.00,402.00,427.00,444.00,456.00,476.00,493.00,507.00,530.00,552.00,583.00,610.00,625.00,640.00,655.00,676.00,691.00,707.00,726.00,789.00,842.00,863.00,884.00,897.00,929.00,942.00,973.00,990.00,1031.00,1062.00,1097.00,1131.00,1171.00,1193.00,1216.00,1288.00,1302.00,1320.00,1333.00,1367.00,1430.00,1451.00,1527.00,1558.00,1637.00,1687.00,1762.00,1784.00,1878.00,1909.00,1931.00,2002.00,2202.00,2259.00,2455.00,2655.00,2806.00,2907.00,2999.00,3185.00,3337.00,3537.00,3700.00,3898.00,4098.00,4186.00,4360.00,4560.00,4760.00,4960.00,5160.00,5360.00,5533.00,5733.00,5933.00,6122.00,6287.00,6487.00,6658.00,6840.00,7040.00,7232.00,7432.00,7599.00,7783.00,7962.00,8141.00,8302.00,8491.00,8665.00,8865.00,9063.00,9263.00,9456.00,9656.00,9856.00,10048.00,10247.00,10447.00,10616.00,10812.00,11003.00,11189.00,11342.00,11512.00,11684.00,11876.00,12035.00,12235.00,12435.00,12635.00,12835.00,13035.00,13209.00,13403.00,13586.00,13786.00,13968.00,14142.00,14320.00,14483.00,14683.00,14883.00,15083.00,15270.00,15459.00,15637.00,15829.00,16005.00,16205.00,16405.00,16605.00,16805.00,17005.00,17205.00,17405.00,17594.00,17767.00,17967.00,18167.00,18367.00,18567.00,18767.00,18962.00,19128.00,19328.00,19528.00,19695.00,19895.00,20061.00,,,,,,,,,,,,,,,,,,,,,,,,,
16.00,53.00,15.00,24.00,20.00,22.00,13.00,14.00,40.00,33.00,23.00,20.00,27.00,15.00,22.00,33.00,22.00,25.00,13.00,13.00,11.00,45.00,21.00,11.00,19.00,14.00,11.00,27.00,27.00,11.00,11.00,13.00,62.00,20.00,14.00,13.00,22.00,29.00,21.00,17.00,16.00,12.00,10.00,34.00,26.00,14.00,16.00,26.00,15.00,45.00,20.00,21.00,13.00,20.00,17.00,22.00,19.00,9.00,8.00,16.00,14.00,23.00,39.00,27.00,81.00,14.00,43.00,79.00,21.00,21.00,14.00,54.00,44.00,16.00,38.00,18.00,30.00,22.00,12.00,42.00,41.00,76.00,44.00,41.00,27.00,18.00,20.00,32.00,35.00,46.00,200.00,46.00,122.00,106.00,108.00,200.00,147.00,101.00,57.00,200.00,200.00,200.00,200.00,181.00,185.00,200.00,200.00,200.00,199.00,200.00,183.00,200.00,200.00,200.00,200.00,200.00,200.00,200.00,200.00,200.00,200.00,200.00,182.00,200.00,200.00,200.00,200.00,200.00,200.00,199.00,200.00,200.00,200.00,190.00,200.00,200.00,200.00,200.00,200.00,200.00,200.00,200.00,200.00,200.00,183.00,200.00,200.00,200.00,179.00,173.00,200.00,200.00,200.00,200.00,200.00,200.00,200.00,188.00,199.00,200.00,200.00,200.00,200.00,200.00,200.00,184.00,200.00,200.00,200.00,200.00,200.00,187.00,200.00,167.00,195.00,181.00,200.00,200.00,166.00,200.00,191.00,200.00,200.00,200.00,,,,,,,,,,
16.00,69.00,84.00,108.00,128.00,150.00,163.00,177.00,217.00,250.00,273.00,293.00,320.00,335.00,357.00,390.00,412.00,437.00,450.00,463.00,474.00,519.00,540.00,551.00,570.00,584.00,595.00,622.00,649.00,660.00,671.00,684.00,746.00,766.00,780.00,793.00,815.00,844.00,865.00,882.00,898.00,910.00,920.00,954.00,980.00,994.00,1010.00,1036.00,1051.00,1096.00,1116.00,1137.00,1150.00,1170.00,1187.00,1209.00,1228.00,1237.00,1245.00,1261.00,1275.00,1298.00,1337.00,1364.00,1445.00,1459.00,1502.00,1581.00,1602.00,1623.00,1637.00,1691.00,1735.00,1751.00,1789.00,1807.00,1837.00,1859.00,1871.00,1913.00,1954.00,2030.00,2074.00,2115.00,2142.00,2160.00,2180.00,2212.00,2247.00,2293.00,2493.00,2539.00,2661.00,2767.00,2875.00,3075.00,3222.00,3323.00,3380.00,3580.00,3780.00,3980.00,4180.00,4361.00,4546.00,4746.00,4946.00,5146.00,5345.00,5545.00,5728.00,5928.00,6128.00,6328.00,6528.00,6728.00,6928.00,7128.00,7328.00,7528.00,7728.00,7928.00,8110.00,8310.00,8510.00,8710.00,8910.00,9110.00,9310.00,9509.00,9709.00,9909.00,10109.00,10299.00,10499.00,10699.00,10899.00,11099.00,11299.00,11499.00,11699.00,11899.00,12099.00,12299.00,12482.00,12682.00,12882.00,13082.00,13261.00,13434.00,13634.00,13834.00,14034.00,14234.00,14434.00,14634.00,14834.00,15022.00,15221.00,15421.00,15621.00,15821.00,16021.00,16221.00,16421.00,16605.00,16805.00,17005.00,17205.00,17405.00,17605.00,17792.00,17992.00,18159.00,18354.00,18535.00,18735.00,18935.00,19101.00,19301.00,19492.00,19692.00,19892.00,20092.00,,,,,,,,,,
11.00,14.00,14.00,11.00,10.00,40.00,22.00,41.00,9.00,12.00,11.00,15.00,16.00,15.00,14.00,16.00,9.00,22.00,16.00,21.00,13.00,9.00,20.00,28.00,22.00,32.00,17.00,12.00,14.00,14.00,13.00,17.00,12.00,9.00,14.00,15.00,25.00,11.00,16.00,15.00,40.00,19.00,73.00,17.00,21.00,27.00,51.00,35.00,22.00,12.00,45.00,36.00,42.00,118.00,23.00,21.00,42.00,46.00,15.00,22.00,42.00,109.00,41.00,32.00,38.00,48.00,19.00,20.00,34.00,61.00,32.00,126.00,71.00,56.00,43.00,31.00,25.00,30.00,74.00,88.00,103.00,23.00,109.00,96.00,143.00,104.00,165.00,186.00,200.00,200.00,200.00,118.00,200.00,149.00,200.00,200.00,200.00,200.00,200.00,200.00,200.00,200.00,200.00,200.00,200.00,200.00,200.00,200.00,200.00,200.00,200.00,200.00,200.00,200.00,200.00,200.00,200.00,200.00,200.00,200.00,200.00,200.00,200.00,200.00,200.00,200.00,200.00,200.00,200.00,200.00,200.00,200.00,200.00,200.00,200.00,200.00,200.00,200.00,200.00,200.00,200.00,200.00,200.00,200.00,200.00,200.00,200.00,200.00,200.00,200.00,200.00,200.00,200.00,200.00,200.00,200.00,200.00,200.00,200.00,200.00,200.00,200.00,200.00,200.00,200.00,200.00,200.00,200.00,199.00,200.00,200.00,200.00,,,,,,,,,,,,,,,,,,,,,,
11.00,25.00,39.00,50.00,60.00,100.00,122.00,163.00,172.00,184.00,195.00,210.00,226.00,241.00,255.00,271.00,280.00,302.00,318.00,339.00,352.00,361.00,381.00,409.00,431.00,463.00,480.00,492.00,506.00,520.00,533.00,550.00,562.00,571.00,585.00,600.00,625.00,636.00,652.00,667.00,707.00,726.00,799.00,816.00,837.00,864.00,915.00,950.00,972.00,984.00,1029.00,1065.00,1107.00,1225.00,1248.00,1269.00,1311.00,1357.00,1372.00,1394.00,1436.00,1545.00,1586.00,1618.00,1656.00,1704.00,1723.00,1743.00,1777.00,1838.00,1870.00,1996.00,2067.00,2123.00,2166.00,2197.00,2222.00,2252.00,2326.00,2414.00,2517.00,2540.00,2649.00,2745.00,2888.00,2992.00,3157.00,3343.00,3543.00,3743.00,3943.00,4061.00,4261.00,4410.00,4610.00,4810.00,5010.00,5210.00,5410.00,5610.00,5810.00,6010.00,6210.00,6410.00,6610.00,6810.00,7010.00,7210.00,7410.00,7610.00,7810.00,8010.00,8210.00,8410.00,8610.00,8810.00,9010.00,9210.00,9410.00,9610.00,9810.00,10010.00,10210.00,10410.00,10610.00,10810.00,11010.00,11210.00,11410.00,11610.00,11810.00,12010.00,12210.00,12410.00,12610.00,12810.00,13010.00,13210.00,13410.00,13610.00,13810.00,14010.00,14210.00,14410.00,14610.00,14810.00,15010.00,15210.00,15410.00,15610.00,15810.00,16010.00,16210.00,16410.00,16610.00,16810.00,17010.00,17210.00,17410.00,17610.00,17810.00,18010.00,18210.00,18410.00,18610.00,18810.00,19010.00,19210.00,19409.00,19609.00,19809.00,20009.00,,,,,,,,,,,,,,,,,,,,,,
35.00,19.00,16.00,32.00,51.00,39.00,45.00,9.00,15.00,23.00,13.00,17.00,28.00,24.00,18.00,32.00,16.00,19.00,32.00,31.00,10.00,44.00,17.00,19.00,15.00,10.00,12.00,34.00,17.00,21.00,11.00,13.00,32.00,16.00,18.00,14.00,20.00,17.00,12.00,18.00,19.00,29.00,24.00,20.00,29.00,32.00,34.00,26.00,26.00,18.00,17.00,57.00,29.00,39.00,41.00,26.00,17.00,26.00,56.00,47.00,58.00,42.00,70.00,40.00,14.00,35.00,24.00,55.00,45.00,35.00,19.00,97.00,30.00,17.00,53.00,38.00,49.00,62.00,54.00,41.00,59.00,51.00,51.00,61.00,98.00,118.00,23.00,82.00,117.00,159.00,36.00,22.00,122.00,200.00,115.00,99.00,143.00,116.00,132.00,129.00,121.00,178.00,167.00,136.00,135.00,189.00,191.00,135.00,141.00,146.00,135.00,137.00,141.00,146.00,121.00,174.00,184.00,165.00,173.00,186.00,192.00,175.00,200.00,155.00,171.00,173.00,169.00,169.00,170.00,177.00,160.00,177.00,199.00,200.00,196.00,164.00,167.00,176.00,200.00,183.00,154.00,165.00,185.00,187.00,162.00,200.00,193.00,200.00,200.00,191.00,189.00,200.00,185.00,188.00,200.00,194.00,165.00,200.00,190.00,183.00,197.00,165.00,200.00,200.00,168.00,200.00,171.00,178.00,200.00,193.00,200.00,200.00,200.00,200.00,185.00,171.00,200.00,190.00,161.00,175.00,163.00,150.00,187.00,162.00,179.00,184.00,162.00,159.00,161.00,175.00,,,,
35.00,54.00,70.00,102.00,153.00,192.00,237.00,246.00,261.00,284.00,297.00,314.00,342.00,366.00,384.00,416.00,432.00,451.00,483.00,514.00,524.00,568.00,585.00,604.00,619.00,629.00,641.00,675.00,692.00,713.00,724.00,737.00,769.00,785.00,803.00,817.00,837.00,854.00,866.00,884.00,903.00,932.00,956.00,976.00,1005.00,1037.00,1071.00,1097.00,1123.00,1141.00,1158.00,1215.00,1244.00,1283.00,1324.00,1350.00,1367.00,1393.00,1449.00,1496.00,1554.00,1596.00,1666.00,1706.00,1720.00,1755.00,1779.00,1834.00,1879.00,1914.00,1933.00,2030.00,2060.00,2077.00,2130.00,2168.00,2217.00,2279.00,2333.00,2374.00,2433.00,2484.00,2535.00,2596.00,2694.00,2812.00,2835.00,2917.00,3034.00,3193.00,3229.00,3251.00,3373.00,3573.00,3688.00,3787.00,3930.00,4046.00,4178.00,4307.00,4428.00,4606.00,4773.00,4909.00,5044.00,5233.00,5424.00,5559.00,5700.00,5846.00,5981.00,6118.00,6259.00,6405.00,6526.00,6700.00,6884.00,7049.00,7222.00,7408.00,7600.00,7775.00,7975.00,8130.00,8301.00,8474.00,8643.00,8812.00,8982.00,9159.00,9319.00,9496.00,9695.00,9895.00,10091.00,10255.00,10422.00,10598.00,10798.00,10981.00,11135.00,11300.00,11485.00,11672.00,11834.00,12034.00,12227.00,12427.00,12627.00,12818.00,13007.00,13207.00,13392.00,13580.00,13780.00,13974.00,14139.00,14339.00,14529.00,14712.00,14909.00,15074.00,15274.00,15474.00,15642.00,15842.00,16013.00,16191.00,16391.00,16584.00,16784.00,16984.00,17184.00,17384.00,17569.00,17740.00,17940.00,18130.00,18291.00,18466.00,18629.00,18779.00,18966.00,19128.00,19307.00,19491.00,19653.00,19812.00,19973.00,20148.00,,,,
32.00,20.00,25.00,15.00,22.00,13.00,12.00,23.00,22.00,13.00,14.00,13.00,34.00,36.00,24.00,18.00,32.00,9.00,13.00,9.00,14.00,22.00,30.00,10.00,13.00,23.00,26.00,19.00,18.00,21.00,26.00,25.00,14.00,25.00,28.00,19.00,35.00,23.00,16.00,14.00,67.00,85.00,15.00,17.00,43.00,19.00,113.00,18.00,19.00,36.00,14.00,9.00,20.00,31.00,13.00,18.00,13.00,13.00,33.00,19.00,19.00,15.00,25.00,24.00,53.00,23.00,27.00,89.00,45.00,21.00,12.00,45.00,43.00,22.00,36.00,134.00,66.00,44.00,34.00,54.00,82.00,200.00,157.00,137.00,200.00,172.00,120.00,121.00,200.00,200.00,200.00,191.00,200.00,155.00,200.00,174.00,164.00,184.00,200.00,194.00,154.00,200.00,200.00,176.00,166.00,200.00,200.00,200.00,199.00,200.00,200.00,200.00,200.00,200.00,200.00,176.00,200.00,200.00,200.00,200.00,172.00,181.00,200.00,200.00,177.00,160.00,200.00,200.00,200.00,200.00,200.00,199.00,200.00,172.00,184.00,200.00,200.00,200.00,200.00,172.00,200.00,161.00,200.00,200.00,200.00,200.00,200.00,200.00,174.00,179.00,200.00,200.00,200.00,188.00,200.00,176.00,185.00,200.00,200.00,200.00,200.00,173.00,200.00,200.00,200.00,200.00,200.00,200.00,200.00,200.00,178.00,191.00,200.00,200.00,,,,,,,,,,,,,,,,,,,,
32.00,52.00,77.00,92.00,114.00,127.00,139.00,162.00,184.00,197.00,211.00,224.00,258.00,294.00,318.00,336.00,368.00,377.00,390.00,399.00,413.00,435.00,465.00,475.00,488.00,511.00,537.00,556.00,574.00,595.00,621.00,646.00,660.00,685.00,713.00,732.00,767.00,790.00,806.00,820.00,887.00,972.00,987.00,1004.00,1047.00,1066.00,1179.00,1197.00,1216.00,1252.00,1266.00,1275.00,1295.00,1326.00,1339.00,1357.00,1370.00,1383.00,1416.00,1435.00,1454.00,1469.00,1494.00,1518.00,1571.00,1594.00,1621.00,1710.00,1755.00,1776.00,1788.00,1833.00,1876.00,1898.00,1934.00,2068.00,2134.00,2178.00,2212.00,2266.00,2348.00,2548.00,2705.00,2842.00,3042.00,3214.00,3334.00,3455.00,3655.00,3855.00,4055.00,4246.00,4446.00,4601.00,4801.00,4975.00,5139.00,5323.00,5523.00,5717.00,5871.00,6071.00,6271.00,6447.00,6613.00,6813.00,7013.00,7213.00,7412.00,7612.00,7812.00,8012.00,8212.00,8412.00,8612.00,8788.00,8988.00,9188.00,9388.00,9588.00,9760.00,9941.00,10141.00,10341.00,10518.00,10678.00,10878.00,11078.00,11278.00,11478.00,11678.00,11877.00,12077.00,12249.00,12433.00,12633.00,12833.00,13033.00,13233.00,13405.00,13605.00,13766.00,13966.00,14166.00,14366.00,14566.00,14766.00,14966.00,15140.00,15319.00,15519.00,15719.00,15919.00,16107.00,16307.00,16483.00,16668.00,16868.00,17068.00,17268.00,17468.00,17641.00,17841.00,18041.00,18241.00,18441.00,18641.00,18841.00,19041.00,19241.00,19419.00,19610.00,19810.00,20010.00,,,,,,,,,,,,,,,,,,,,
10.00,9.00,59.00,86.00,26.00,17.00,20.00,31.00,18.00,14.00,17.00,37.00,12.00,56.00,29.00,20.00,13.00,12.00,42.00,11.00,12.00,44.00,25.00,16.00,11.00,13.00,18.00,17.00,11.00,29.00,21.00,16.00,14.00,19.00,13.00,14.00,36.00,29.00,21.00,37.00,12.00,35.00,16.00,37.00,19.00,19.00,41.00,22.00,38.00,29.00,30.00,34.00,10.00,32.00,18.00,30.00,24.00,19.00,33.00,30.00,56.00,30.00,101.00,42.00,66.00,81.00,21.00,39.00,78.00,114.00,183.00,50.00,107.00,66.00,200.00,120.00,117.00,63.00,200.00,200.00,149.00,188.00,200.00,200.00,200.00,200.00,200.00,200.00,200.00,200.00,200.00,200.00,200.00,200.00,200.00,200.00,200.00,200.00,200.00,200.00,200.00,200.00,200.00,200.00,200.00,200.00,200.00,200.00,200.00,200.00,200.00,200.00,200.00,200.00,200.00,200.00,200.00,200.00,200.00,191.00,200.00,200.00,200.00,200.00,200.00,200.00,200.00,200.00,200.00,200.00,200.00,200.00,200.00,200.00,200.00,200.00,200.00,200.00,200.00,200.00,200.00,200.00,200.00,200.00,200.00,200.00,200.00,200.00,200.00,200.00,200.00,200.00,200.00,200.00,200.00,200.00,200.00,200.00,200.00,200.00,200.00,200.00,200.00,200.00,,,,,,,,,,,,,,,,,,,,,,,,,,,,,,
10.00,19.00,78.00,164.00,190.00,207.00,227.00,258.00,276.00,290.00,307.00,344.00,356.00,412.00,441.00,461.00,474.00,486.00,528.00,539.00,551.00,595.00,620.00,636.00,647.00,660.00,678.00,695.00,706.00,735.00,756.00,772.00,786.00,805.00,818.00,832.00,868.00,897.00,918.00,955.00,967.00,1002.00,1018.00,1055.00,1074.00,1093.00,1134.00,1156.00,1194.00,1223.00,1253.00,1287.00,1297.00,1329.00,1347.00,1377.00,1401.00,1420.00,1453.00,1483.00,1539.00,1569.00,1670.00,1712.00,1778.00,1859.00,1880.00,1919.00,1997.00,2111.00,2294.00,2344.00,2451.00,2517.00,2717.00,2837.00,2954.00,3017.00,3217.00,3417.00,3566.00,3754.00,3954.00,4154.00,4354.00,4554.00,4754.00,4954.00,5154.00,5354.00,5554.00,5754.00,5954.00,6154.00,6354.00,6554.00,6754.00,6954.00,7154.00,7354.00,7554.00,7754.00,7954.00,8154.00,8354.00,8554.00,8754.00,8954.00,9154.00,9354.00,9554.00,9754.00,9954.00,10154.00,10354.00,10554.00,10754.00,10954.00,11154.00,11345.00,11545.00,11745.00,11945.00,12145.00,12345.00,12545.00,12745.00,12945.00,13145.00,13345.00,13545.00,13745.00,13945.00,14145.00,14345.00,14545.00,14745.00,14945.00,15145.00,15345.00,15545.00,15745.00,15945.00,16145.00,16345.00,16545.00,16745.00,16945.00,17145.00,17345.00,17545.00,17745.00,17945.00,18145.00,18345.00,18545.00,18745.00,18945.00,19145.00,19345.00,19545.00,19745.00,19945.00,20145.00,,,,,,,,,,,,,,,,,,,,,,,,,,,,,,
21.00,14.00,19.00,17.00,11.00,69.00,16.00,29.00,15.00,68.00,24.00,16.00,23.00,13.00,14.00,9.00,13.00,18.00,47.00,15.00,11.00,16.00,12.00,16.00,18.00,16.00,18.00,14.00,16.00,15.00,20.00,17.00,40.00,18.00,16.00,20.00,56.00,15.00,59.00,15.00,40.00,24.00,11.00,25.00,16.00,19.00,20.00,13.00,42.00,77.00,38.00,60.00,29.00,18.00,22.00,23.00,48.00,50.00,64.00,39.00,57.00,27.00,20.00,33.00,11.00,32.00,34.00,33.00,49.00,41.00,54.00,31.00,29.00,42.00,76.00,103.00,50.00,46.00,41.00,46.00,67.00,61.00,84.00,59.00,105.00,200.00,148.00,98.00,200.00,200.00,200.00,200.00,200.00,198.00,200.00,160.00,200.00,200.00,200.00,200.00,200.00,200.00,200.00,200.00,200.00,200.00,200.00,200.00,200.00,200.00,200.00,200.00,200.00,200.00,200.00,200.00,200.00,200.00,200.00,200.00,200.00,200.00,200.00,200.00,200.00,200.00,200.00,200.00,200.00,200.00,200.00,200.00,200.00,200.00,200.00,200.00,200.00,200.00,200.00,200.00,200.00,200.00,200.00,200.00,200.00,200.00,200.00,200.00,200.00,199.00,200.00,200.00,200.00,200.00,200.00,200.00,200.00,200.00,200.00,200.00,200.00,200.00,200.00,200.00,173.00,200.00,200.00,200.00,200.00,173.00,200.00,176.00,185.00,,,,,,,,,,,,,,,,,,,,,
21.00,35.00,54.00,71.00,82.00,151.00,167.00,196.00,211.00,279.00,303.00,319.00,342.00,355.00,369.00,378.00,391.00,409.00,456.00,471.00,482.00,498.00,510.00,526.00,544.00,560.00,578.00,592.00,608.00,623.00,643.00,660.00,700.00,718.00,734.00,754.00,810.00,825.00,884.00,899.00,939.00,963.00,974.00,999.00,1015.00,1034.00,1054.00,1067.00,1109.00,1186.00,1224.00,1284.00,1313.00,1331.00,1353.00,1376.00,1424.00,1474.00,1538.00,1577.00,1634.00,1661.00,1681.00,1714.00,1725.00,1757.00,1791.00,1824.00,1873.00,1914.00,1968.00,1999.00,2028.00,2070.00,2146.00,2249.00,2299.00,2345.00,2386.00,2432.00,2499.00,2560.00,2644.00,2703.00,2808.00,3008.00,3156.00,3254.00,3454.00,3654.00,3854.00,4054.00,4254.00,4452.00,4652.00,4812.00,5012.00,5212.00,5412.00,5612.00,5812.00,6012.00,6212.00,6412.00,6612.00,6812.00,7012.00,7212.00,7412.00,7612.00,7812.00,8012.00,8212.00,8412.00,8612.00,8812.00,9012.00,9212.00,9412.00,9612.00,9812.00,10012.00,10212.00,10412.00,10612.00,10812.00,11012.00,11212.00,11412.00,11612.00,11812.00,12012.00,12212.00,12412.00,12612.00,12812.00,13012.00,13212.00,13412.00,13612.00,13812.00,14012.00,14212.00,14412.00,14612.00,14812.00,15012.00,15212.00,15412.00,15611.00,15811.00,16011.00,16211.00,16411.00,16611.00,16811.00,17011.00,17211.00,17411.00,17611.00,17811.00,18011.00,18211.00,18411.00,18584.00,18784.00,18984.00,19184.00,19384.00,19557.00,19757.00,19933.00,20118.00,,,,,,,,,,,,,,,,,,,,,
44.00,29.00,18.00,17.00,12.00,12.00,10.00,17.00,38.00,13.00,14.00,14.00,13.00,19.00,45.00,24.00,13.00,21.00,31.00,14.00,30.00,19.00,25.00,58.00,14.00,20.00,42.00,10.00,47.00,19.00,12.00,32.00,14.00,19.00,14.00,12.00,36.00,14.00,14.00,9.00,15.00,22.00,26.00,20.00,9.00,17.00,8.00,17.00,17.00,56.00,12.00,11.00,15.00,25.00,34.00,14.00,16.00,12.00,15.00,13.00,13.00,12.00,17.00,76.00,37.00,19.00,13.00,36.00,50.00,20.00,59.00,52.00,19.00,24.00,71.00,27.00,43.00,12.00,20.00,22.00,62.00,19.00,39.00,17.00,112.00,97.00,77.00,200.00,200.00,98.00,200.00,200.00,200.00,168.00,171.00,180.00,200.00,189.00,200.00,200.00,200.00,200.00,200.00,200.00,200.00,200.00,200.00,200.00,200.00,200.00,200.00,200.00,200.00,200.00,200.00,200.00,200.00,200.00,200.00,200.00,200.00,200.00,200.00,200.00,200.00,200.00,200.00,200.00,200.00,200.00,200.00,200.00,200.00,200.00,200.00,200.00,200.00,200.00,200.00,200.00,200.00,200.00,200.00,200.00,200.00,200.00,200.00,200.00,200.00,200.00,200.00,200.00,200.00,198.00,200.00,200.00,200.00,200.00,200.00,200.00,200.00,200.00,200.00,200.00,200.00,200.00,200.00,194.00,200.00,200.00,200.00,200.00,200.00,200.00,200.00,200.00,200.00,,,,,,,,,,,,,,,,,
44.00,73.00,91.00,108.00,120.00,132.00,142.00,159.00,197.00,210.00,224.00,238.00,251.00,270.00,315.00,339.00,352.00,373.00,404.00,418.00,448.00,467.00,492.00,550.00,564.00,584.00,626.00,636.00,683.00,702.00,714.00,746.00,760.00,779.00,793.00,805.00,841.00,855.00,869.00,878.00,893.00,915.00,941.00,961.00,970.00,987.00,995.00,1012.00,1029.00,1085.00,1097.00,1108.00,1123.00,1148.00,1182.00,1196.00,1212.00,1224.00,1239.00,1252.00,1265.00,1277.00,1294.00,1370.00,1407.00,1426.00,1439.00,1475.00,1525.00,1545.00,1604.00,1656.00,1675.00,1699.00,1770.00,1797.00,1840.00,1852.00,1872.00,1894.00,1956.00,1975.00,2014.00,2031.00,2143.00,2240.00,2317.00,2517.00,2717.00,2815.00,3015.00,3215.00,3415.00,3583.00,3754.00,3934.00,4134.00,4323.00,4523.00,4723.00,4923.00,5123.00,5323.00,5523.00,5723.00,5923.00,6123.00,6323.00,6523.00,6723.00,6923.00,7123.00,7323.00,7523.00,7723.00,7923.00,8123.00,8323.00,8523.00,8723.00,8923.00,9123.00,9323.00,9523.00,9723.00,9923.00,10123.00,10323.00,10523.00,10723.00,10923.00,11123.00,11323.00,11523.00,11723.00,11923.00,12123.00,12323.00,12523.00,12723.00,12923.00,13123.00,13323.00,13523.00,13723.00,13923.00,14123.00,14323.00,14523.00,14723.00,14923.00,15123.00,15323.00,15521.00,15721.00,15921.00,16121.00,16321.00,16521.00,16721.00,16921.00,17121.00,17321.00,17521.00,17721.00,17921.00,18121.00,18315.00,18515.00,18715.00,18915.00,19115.00,19315.00,19515.00,19715.00,19915.00,20115.00,,,,,,,,,,,,,,,,,
30.00,23.00,15.00,33.00,11.00,10.00,21.00,9.00,10.00,30.00,10.00,17.00,10.00,29.00,24.00,13.00,22.00,17.00,20.00,10.00,12.00,14.00,11.00,12.00,39.00,16.00,16.00,12.00,18.00,12.00,14.00,12.00,25.00,10.00,13.00,23.00,11.00,12.00,28.00,16.00,19.00,16.00,26.00,37.00,22.00,13.00,23.00,17.00,23.00,16.00,27.00,30.00,34.00,16.00,46.00,17.00,19.00,13.00,16.00,12.00,17.00,12.00,22.00,17.00,17.00,38.00,19.00,33.00,16.00,14.00,43.00,24.00,22.00,53.00,19.00,34.00,50.00,54.00,30.00,39.00,12.00,34.00,14.00,66.00,26.00,40.00,40.00,25.00,46.00,51.00,62.00,89.00,91.00,104.00,152.00,96.00,76.00,27.00,91.00,173.00,106.00,184.00,160.00,200.00,170.00,186.00,178.00,149.00,192.00,183.00,196.00,200.00,200.00,196.00,200.00,200.00,187.00,200.00,200.00,200.00,200.00,190.00,200.00,200.00,176.00,200.00,200.00,200.00,200.00,200.00,183.00,200.00,200.00,179.00,200.00,200.00,200.00,200.00,200.00,200.00,200.00,198.00,200.00,197.00,184.00,200.00,169.00,200.00,200.00,200.00,184.00,200.00,200.00,177.00,200.00,200.00,200.00,198.00,192.00,175.00,177.00,200.00,171.00,200.00,174.00,200.00,180.00,182.00,200.00,200.00,200.00,200.00,200.00,200.00,200.00,200.00,200.00,200.00,189.00,196.00,189.00,200.00,200.00,186.00,200.00,200.00,200.00,200.00,195.00,,,,,
30.00,53.00,68.00,101.00,112.00,122.00,143.00,152.00,162.00,192.00,202.00,219.00,229.00,258.00,282.00,295.00,317.00,334.00,354.00,364.00,376.00,390.00,401.00,413.00,452.00,468.00,484.00,496.00,514.00,526.00,540.00,552.00,577.00,587.00,600.00,623.00,634.00,646.00,674.00,690.00,709.00,725.00,751.00,788.00,810.00,823.00,846.00,863.00,886.00,902.00,929.00,959.00,993.00,1009.00,1055.00,1072.00,1091.00,1104.00,1120.00,1132.00,1149.00,1161.00,1183.00,1200.00,1217.00,1255.00,1274.00,1307.00,1323.00,1337.00,1380.00,1404.00,1426.00,1479.00,1498.00,1532.00,1582.00,1636.00,1666.00,1705.00,1717.00,1751.00,1765.00,1831.00,1857.00,1897.00,1937.00,1962.00,2008.00,2059.00,2121.00,2210.00,2301.00,2405.00,2557.00,2653.00,2729.00,2756.00,2847.00,3020.00,3126.00,3310.00,3470.00,3670.00,3840.00,4026.00,4204.00,4353.00,4545.00,4728.00,4924.00,5124.00,5324.00,5520.00,5720.00,5920.00,6107.00,6307.00,6507.00,6707.00,6907.00,7097.00,7297.00,7497.00,7673.00,7873.00,8073.00,8273.00,8473.00,8673.00,8856.00,9056.00,9256.00,9435.00,9635.00,9835.00,10035.00,10235.00,10435.00,10635.00,10835.00,11033.00,11233.00,11430.00,11614.00,11814.00,11983.00,12183.00,12383.00,12583.00,12767.00,12967.00,13167.00,13344.00,13544.00,13744.00,13944.00,14142.00,14334.00,14509.00,14686.00,14886.00,15057.00,15257.00,15431.00,15631.00,15811.00,15993.00,16193.00,16393.00,16593.00,16793.00,16993.00,17193.00,17393.00,17593.00,17793.00,17993.00,18182.00,18378.00,18567.00,18767.00,18967.00,19153.00,19353.00,19553.00,19753.00,19953.00,20148.00,,,,,
36.00,11.00,12.00,19.00,35.00,14.00,19.00,35.00,12.00,10.00,31.00,13.00,22.00,20.00,16.00,22.00,16.00,13.00,36.00,16.00,16.00,15.00,17.00,16.00,18.00,12.00,15.00,21.00,18.00,29.00,19.00,16.00,14.00,13.00,56.00,19.00,52.00,17.00,12.00,18.00,14.00,13.00,26.00,36.00,19.00,30.00,59.00,33.00,21.00,33.00,13.00,17.00,38.00,29.00,16.00,40.00,52.00,75.00,24.00,60.00,28.00,12.00,36.00,18.00,23.00,13.00,29.00,34.00,39.00,29.00,51.00,70.00,29.00,103.00,26.00,23.00,21.00,22.00,25.00,50.00,101.00,41.00,85.00,146.00,110.00,179.00,174.00,54.00,200.00,200.00,200.00,191.00,200.00,193.00,200.00,200.00,200.00,200.00,200.00,200.00,200.00,200.00,200.00,200.00,200.00,197.00,200.00,200.00,200.00,200.00,200.00,199.00,200.00,200.00,200.00,191.00,200.00,200.00,200.00,200.00,200.00,200.00,200.00,200.00,197.00,200.00,200.00,200.00,188.00,200.00,200.00,200.00,200.00,200.00,200.00,200.00,195.00,198.00,200.00,185.00,200.00,200.00,176.00,198.00,200.00,200.00,200.00,200.00,185.00,190.00,200.00,200.00,200.00,200.00,200.00,200.00,200.00,175.00,197.00,179.00,200.00,191.00,181.00,181.00,200.00,193.00,200.00,189.00,198.00,200.00,192.00,200.00,166.00,200.00,183.00,,,,,,,,,,,,,,,,,,,
36.00,47.00,59.00,78.00,113.00,127.00,146.00,181.00,193.00,203.00,234.00,247.00,269.00,289.00,305.00,327.00,343.00,356.00,392.00,408.00,424.00,439.00,456.00,472.00,490.00,502.00,517.00,538.00,556.00,585.00,604.00,620.00,634.00,647.00,703.00,722.00,774.00,791.00,803.00,821.00,835.00,848.00,874.00,910.00,929.00,959.00,1018.00,1051.00,1072.00,1105.00,1118.00,1135.00,1173.00,1202.00,1218.00,1258.00,1310.00,1385.00,1409.00,1469.00,1497.00,1509.00,1545.00,1563.00,1586.00,1599.00,1628.00,1662.00,1701.00,1730.00,1781.00,1851.00,1880.00,1983.00,2009.00,2032.00,2053.00,2075.00,2100.00,2150.00,2251.00,2292.00,2377.00,2523.00,2633.00,2812.00,2986.00,3040.00,3240.00,3440.00,3640.00,3831.00,4031.00,4224.00,4424.00,4624.00,4824.00,5024.00,5224.00,5424.00,5624.00,5824.00,6024.00,6224.00,6424.00,6621.00,6821.00,7021.00,7221.00,7421.00,7621.00,7820.00,8020.00,8220.00,8420.00,8611.00,8811.00,9011.00,9211.00,9411.00,9611.00,9811.00,10011.00,10211.00,10408.00,10608.00,10808.00,11008.00,11196.00,11396.00,11596.00,11796.00,11996.00,12196.00,12396.00,12596.00,12791.00,12989.00,13189.00,13374.00,13574.00,13774.00,13950.00,14148.00,14348.00,14548.00,14748.00,14948.00,15133.00,15323.00,15523.00,15723.00,15923.00,16123.00,16323.00,16523.00,16723.00,16898.00,17095.00,17274.00,17474.00,17665.00,17846.00,18027.00,18227.00,18420.00,18620.00,18809.00,19007.00,19207.00,19399.00,19599.00,19765.00,19965.00,20148.00,,,,,,,,,,,,,,,,,,,
30.00,15.00,20.00,39.00,20.00,49.00,15.00,34.00,18.00,32.00,27.00,38.00,33.00,36.00,24.00,19.00,22.00,18.00,15.00,16.00,23.00,16.00,40.00,16.00,52.00,17.00,11.00,32.00,57.00,15.00,25.00,15.00,18.00,28.00,17.00,40.00,9.00,33.00,55.00,10.00,39.00,22.00,35.00,27.00,18.00,44.00,21.00,24.00,24.00,34.00,22.00,58.00,18.00,42.00,30.00,16.00,26.00,32.00,73.00,68.00,11.00,68.00,19.00,51.00,20.00,48.00,66.00,80.00,101.00,125.00,163.00,58.00,196.00,15.00,133.00,131.00,123.00,101.00,111.00,124.00,105.00,109.00,27.00,146.00,159.00,200.00,200.00,175.00,169.00,200.00,199.00,200.00,200.00,200.00,200.00,200.00,200.00,200.00,200.00,200.00,200.00,200.00,200.00,200.00,200.00,200.00,200.00,200.00,200.00,195.00,177.00,200.00,200.00,200.00,200.00,197.00,200.00,162.00,200.00,172.00,200.00,200.00,200.00,200.00,171.00,200.00,200.00,200.00,189.00,193.00,200.00,200.00,200.00,200.00,200.00,200.00,197.00,200.00,200.00,200.00,200.00,200.00,200.00,193.00,194.00,200.00,200.00,200.00,200.00,200.00,178.00,185.00,200.00,200.00,200.00,200.00,200.00,200.00,200.00,200.00,173.00,181.00,200.00,200.00,185.00,200.00,161.00,,,,,,,,,,,,,,,,,,,,,,,,,,,
30.00,45.00,65.00,104.00,124.00,173.00,188.00,222.00,240.00,272.00,299.00,337.00,370.00,406.00,430.00,449.00,471.00,489.00,504.00,520.00,543.00,559.00,599.00,615.00,667.00,684.00,695.00,727.00,784.00,799.00,824.00,839.00,857.00,885.00,902.00,942.00,951.00,984.00,1039.00,1049.00,1088.00,1110.00,1145.00,1172.00,1190.00,1234.00,1255.00,1279.00,1303.00,1337.00,1359.00,1417.00,1435.00,1477.00,1507.00,1523.00,1549.00,1581.00,1654.00,1722.00,1733.00,1801.00,1820.00,1871.00,1891.00,1939.00,2005.00,2085.00,2186.00,2311.00,2474.00,2532.00,2728.00,2743.00,2876.00,3007.00,3130.00,3231.00,3342.00,3466.00,3571.00,3680.00,3707.00,3853.00,4012.00,4212.00,4412.00,4587.00,4756.00,4956.00,5155.00,5355.00,5555.00,5755.00,5955.00,6155.00,6355.00,6555.00,6755.00,6955.00,7155.00,7355.00,7555.00,7755.00,7955.00,8155.00,8355.00,8555.00,8755.00,8950.00,9127.00,9327.00,9527.00,9727.00,9927.00,10124.00,10324.00,10486.00,10686.00,10858.00,11058.00,11258.00,11458.00,11658.00,11829.00,12029.00,12229.00,12429.00,12618.00,12811.00,13011.00,13211.00,13411.00,13611.00,13811.00,14011.00,14208.00,14408.00,14608.00,14808.00,15008.00,15208.00,15408.00,15601.00,15795.00,15995.00,16195.00,16395.00,16595.00,16795.00,16973.00,17158.00,17358.00,17558.00,17758.00,17958.00,18158.00,18358.00,18558.00,18758.00,18931.00,19112.00,19312.00,19512.00,19697.00,19897.00,20058.00,,,,,,,,,,,,,,,,,,,,,,,,,,,
26.00,9.00,26.00,36.00,21.00,14.00,24.00,24.00,22.00,32.00,26.00,26.00,15.00,13.00,22.00,13.00,18.00,11.00,26.00,16.00,10.00,33.00,13.00,13.00,33.00,71.00,10.00,14.00,9.00,39.00,27.00,12.00,44.00,18.00,13.00,37.00,13.00,13.00,23.00,17.00,12.00,14.00,31.00,16.00,26.00,23.00,18.00,23.00,75.00,36.00,15.00,34.00,60.00,15.00,18.00,12.00,78.00,40.00,10.00,21.00,38.00,13.00,48.00,25.00,12.00,27.00,60.00,55.00,57.00,25.00,56.00,35.00,81.00,19.00,78.00,107.00,31.00,170.00,22.00,164.00,88.00,145.00,159.00,194.00,170.00,97.00,176.00,200.00,157.00,166.00,156.00,193.00,180.00,179.00,200.00,180.00,184.00,164.00,164.00,200.00,200.00,200.00,186.00,193.00,200.00,200.00,198.00,197.00,167.00,200.00,174.00,200.00,191.00,200.00,189.00,200.00,195.00,200.00,166.00,200.00,200.00,200.00,200.00,200.00,194.00,191.00,183.00,200.00,200.00,200.00,196.00,200.00,195.00,192.00,200.00,198.00,173.00,171.00,200.00,200.00,200.00,194.00,200.00,184.00,200.00,175.00,200.00,200.00,200.00,200.00,187.00,200.00,200.00,200.00,200.00,200.00,200.00,200.00,200.00,200.00,192.00,181.00,197.00,200.00,200.00,200.00,178.00,199.00,200.00,200.00,198.00,200.00,200.00,,,,,,,,,,,,,,,,,,,,,
26.00,35.00,61.00,97.00,118.00,132.00,156.00,180.00,202.00,234.00,260.00,286.00,301.00,314.00,336.00,349.00,367.00,378.00,404.00,420.00,430.00,463.00,476.00,489.00,522.00,593.00,603.00,617.00,626.00,665.00,692.00,704.00,748.00,766.00,779.00,816.00,829.00,842.00,865.00,882.00,894.00,908.00,939.00,955.00,981.00,1004.00,1022.00,1045.00,1120.00,1156.00,1171.00,1205.00,1265.00,1280.00,1298.00,1310.00,1388.00,1428.00,1438.00,1459.00,1497.00,1510.00,1558.00,1583.00,1595.00,1622.00,1682.00,1737.00,1794.00,1819.00,1875.00,1910.00,1991.00,2010.00,2088.00,2195.00,2226.00,2396.00,2418.00,2582.00,2670.00,2815.00,2974.00,3168.00,3338.00,3435.00,3611.00,3811.00,3968.00,4134.00,4290.00,4483.00,4663.00,4842.00,5042.00,5222.00,5406.00,5570.00,5734.00,5934.00,6134.00,6334.00,6520.00,6713.00,6913.00,7113.00,7311.00,7508.00,7675.00,7875.00,8049.00,8249.00,8440.00,8640.00,8829.00,9029.00,9224.00,9424.00,9590.00,9790.00,9990.00,10190.00,10390.00,10590.00,10784.00,10975.00,11158.00,11358.00,11558.00,11758.00,11954.00,12154.00,12349.00,12541.00,12741.00,12939.00,13112.00,13283.00,13483.00,13683.00,13883.00,14077.00,14277.00,14461.00,14661.00,14836.00,15036.00,15236.00,15436.00,15636.00,15823.00,16023.00,16223.00,16423.00,16623.00,16823.00,17023.00,17223.00,17423.00,17623.00,17815.00,17996.00,18193.00,18393.00,18593.00,18793.00,18971.00,19170.00,19370.00,19570.00,19768.00,19968.00,20168.00,,,,,,,,,,,,,,,,,,,,,
62.00,14.00,43.00,10.00,17.00,16.00,24.00,25.00,14.00,20.00,12.00,37.00,31.00,23.00,49.00,12.00,18.00,9.00,33.00,11.00,10.00,20.00,28.00,21.00,37.00,12.00,81.00,11.00,21.00,10.00,21.00,26.00,20.00,16.00,22.00,15.00,74.00,24.00,14.00,15.00,12.00,27.00,14.00,35.00,33.00,13.00,12.00,16.00,18.00,25.00,36.00,19.00,16.00,44.00,33.00,24.00,31.00,12.00,53.00,35.00,17.00,24.00,25.00,45.00,28.00,25.00,22.00,23.00,17.00,58.00,22.00,25.00,46.00,11.00,18.00,48.00,34.00,25.00,85.00,22.00,19.00,66.00,33.00,38.00,40.00,60.00,13.00,81.00,64.00,40.00,46.00,41.00,24.00,48.00,15.00,123.00,29.00,169.00,97.00,111.00,84.00,167.00,167.00,200.00,103.00,200.00,175.00,184.00,200.00,187.00,200.00,200.00,200.00,181.00,200.00,200.00,200.00,200.00,200.00,200.00,143.00,139.00,166.00,160.00,196.00,200.00,186.00,200.00,196.00,200.00,200.00,200.00,178.00,200.00,200.00,200.00,200.00,200.00,199.00,200.00,161.00,200.00,181.00,186.00,200.00,200.00,200.00,200.00,197.00,194.00,200.00,200.00,200.00,186.00,200.00,188.00,184.00,184.00,199.00,184.00,177.00,182.00,184.00,176.00,200.00,197.00,200.00,184.00,198.00,200.00,196.00,193.00,200.00,186.00,193.00,200.00,200.00,200.00,200.00,200.00,187.00,200.00,200.00,195.00,198.00,200.00,200.00,194.00,199.00,,,,,
62.00,76.00,119.00,129.00,146.00,162.00,186.00,211.00,225.00,245.00,257.00,294.00,325.00,348.00,397.00,409.00,427.00,436.00,469.00,480.00,490.00,510.00,538.00,559.00,596.00,608.00,689.00,700.00,721.00,731.00,752.00,778.00,798.00,814.00,836.00,851.00,925.00,949.00,963.00,978.00,990.00,1017.00,1031.00,1066.00,1099.00,1112.00,1124.00,1140.00,1158.00,1183.00,1219.00,1238.00,1254.00,1298.00,1331.00,1355.00,1386.00,1398.00,1451.00,1486.00,1503.00,1527.00,1552.00,1597.00,1625.00,1650.00,1672.00,1695.00,1712.00,1770.00,1792.00,1817.00,1863.00,1874.00,1892.00,1940.00,1974.00,1999.00,2084.00,2106.00,2125.00,2191.00,2224.00,2262.00,2302.00,2362.00,2375.00,2456.00,2520.00,2560.00,2606.00,2647.00,2671.00,2719.00,2734.00,2857.00,2886.00,3055.00,3152.00,3263.00,3347.00,3514.00,3681.00,3881.00,3984.00,4184.00,4359.00,4543.00,4743.00,4930.00,5130.00,5330.00,5530.00,5711.00,5911.00,6111.00,6311.00,6511.00,6711.00,6911.00,7054.00,7193.00,7359.00,7519.00,7715.00,7915.00,8101.00,8301.00,8497.00,8697.00,8897.00,9097.00,9275.00,9475.00,9675.00,9875.00,10075.00,10275.00,10474.00,10674.00,10835.00,11035.00,11216.00,11402.00,11602.00,11802.00,12002.00,12202.00,12399.00,12593.00,12793.00,12993.00,13193.00,13379.00,13579.00,13767.00,13951.00,14135.00,14334.00,14518.00,14695.00,14877.00,15061.00,15237.00,15437.00,15634.00,15834.00,16018.00,16216.00,16416.00,16612.00,16805.00,17005.00,17191.00,17384.00,17584.00,17784.00,17984.00,18184.00,18384.00,18571.00,18771.00,18971.00,19166.00,19364.00,19564.00,19764.00,19958.00,20157.00,,,,,
22.00,32.00,34.00,13.00,16.00,21.00,9.00,21.00,24.00,23.00,20.00,23.00,38.00,11.00,22.00,19.00,13.00,34.00,13.00,11.00,11.00,43.00,26.00,17.00,11.00,22.00,15.00,27.00,21.00,15.00,15.00,10.00,18.00,14.00,32.00,17.00,51.00,30.00,11.00,16.00,70.00,17.00,8.00,16.00,29.00,19.00,25.00,17.00,28.00,23.00,22.00,35.00,45.00,12.00,9.00,16.00,41.00,49.00,29.00,77.00,32.00,19.00,90.00,72.00,76.00,18.00,98.00,38.00,49.00,17.00,169.00,140.00,46.00,20.00,42.00,123.00,48.00,83.00,60.00,79.00,97.00,200.00,153.00,151.00,128.00,140.00,185.00,124.00,196.00,200.00,174.00,165.00,164.00,189.00,200.00,200.00,194.00,200.00,200.00,200.00,180.00,200.00,184.00,200.00,200.00,200.00,169.00,175.00,200.00,167.00,156.00,200.00,161.00,174.00,158.00,193.00,154.00,200.00,184.00,186.00,191.00,200.00,186.00,200.00,200.00,183.00,200.00,199.00,198.00,169.00,190.00,196.00,200.00,200.00,185.00,173.00,200.00,172.00,184.00,197.00,176.00,200.00,200.00,197.00,185.00,170.00,199.00,200.00,200.00,200.00,200.00,162.00,200.00,200.00,200.00,194.00,178.00,196.00,170.00,169.00,177.00,200.00,184.00,200.00,180.00,184.00,200.00,200.00,173.00,163.00,178.00,157.00,188.00,167.00,,,,,,,,,,,,,,,,,,,,
22.00,54.00,88.00,101.00,117.00,138.00,147.00,168.00,192.00,215.00,235.00,258.00,296.00,307.00,329.00,348.00,361.00,395.00,408.00,419.00,430.00,473.00,499.00,516.00,527.00,549.00,564.00,591.00,612.00,627.00,642.00,652.00,670.00,684.00,716.00,733.00,784.00,814.00,825.00,841.00,911.00,928.00,936.00,952.00,981.00,1000.00,1025.00,1042.00,1070.00,1093.00,1115.00,1150.00,1195.00,1207.00,1216.00,1232.00,1273.00,1322.00,1351.00,1428.00,1460.00,1479.00,1569.00,1641.00,1717.00,1735.00,1833.00,1871.00,1920.00,1937.00,2106.00,2246.00,2292.00,2312.00,2354.00,2477.00,2525.00,2608.00,2668.00,2747.00,2844.00,3044.00,3197.00,3348.00,3476.00,3616.00,3801.00,3925.00,4121.00,4321.00,4495.00,4660.00,4824.00,5013.00,5213.00,5413.00,5607.00,5807.00,6007.00,6207.00,6387.00,6587.00,6771.00,6971.00,7171.00,7371.00,7540.00,7715.00,7915.00,8082.00,8238.00,8438.00,8599.00,8773.00,8931.00,9124.00,9278.00,9478.00,9662.00,9848.00,10039.00,10239.00,10425.00,10625.00,10825.00,11008.00,11208.00,11407.00,11605.00,11774.00,11964.00,12160.00,12360.00,12560.00,12745.00,12918.00,13118.00,13290.00,13474.00,13671.00,13847.00,14047.00,14247.00,14444.00,14629.00,14799.00,14998.00,15198.00,15398.00,15598.00,15798.00,15960.00,16160.00,16360.00,16560.00,16754.00,16932.00,17128.00,17298.00,17467.00,17644.00,17844.00,18028.00,18228.00,18408.00,18592.00,18792.00,18992.00,19165.00,19328.00,19506.00,19663.00,19851.00,20018.00,,,,,,,,,,,,,,,,,,,,
36.00,21.00,38.00,14.00,41.00,12.00,27.00,12.00,39.00,17.00,24.00,21.00,25.00,27.00,20.00,20.00,30.00,12.00,15.00,22.00,12.00,37.00,9.00,17.00,24.00,18.00,16.00,15.00,11.00,12.00,10.00,18.00,18.00,10.00,12.00,13.00,28.00,30.00,41.00,30.00,16.00,21.00,17.00,15.00,22.00,21.00,10.00,13.00,8.00,20.00,22.00,25.00,30.00,58.00,41.00,47.00,72.00,136.00,18.00,14.00,20.00,64.00,25.00,24.00,43.00,18.00,14.00,49.00,112.00,53.00,37.00,53.00,50.00,49.00,92.00,147.00,72.00,30.00,47.00,68.00,121.00,103.00,171.00,128.00,182.00,188.00,149.00,110.00,189.00,184.00,156.00,101.00,200.00,200.00,166.00,193.00,200.00,200.00,200.00,200.00,200.00,200.00,200.00,200.00,200.00,200.00,200.00,200.00,200.00,200.00,200.00,200.00,200.00,200.00,200.00,199.00,200.00,195.00,200.00,192.00,200.00,200.00,200.00,186.00,200.00,200.00,200.00,200.00,200.00,200.00,200.00,200.00,200.00,200.00,179.00,184.00,200.00,200.00,200.00,200.00,200.00,200.00,200.00,200.00,200.00,192.00,200.00,200.00,200.00,200.00,200.00,200.00,188.00,189.00,188.00,200.00,200.00,200.00,200.00,200.00,200.00,200.00,200.00,200.00,200.00,200.00,200.00,200.00,200.00,195.00,200.00,200.00,,,,,,,,,,,,,,,,,,,,,,
36.00,57.00,95.00,109.00,150.00,162.00,189.00,201.00,240.00,257.00,281.00,302.00,327.00,354.00,374.00,394.00,424.00,436.00,451.00,473.00,485.00,522.00,531.00,548.00,572.00,590.00,606.00,621.00,632.00,644.00,654.00,672.00,690.00,700.00,712.00,725.00,753.00,783.00,824.00,854.00,870.00,891.00,908.00,923.00,945.00,966.00,976.00,989.00,997.00,1017.00,1039.00,1064.00,1094.00,1152.00,1193.00,1240.00,1312.00,1448.00,1466.00,1480.00,1500.00,1564.00,1589.00,1613.00,1656.00,1674.00,1688.00,1737.00,1849.00,1902.00,1939.00,1992.00,2042.00,2091.00,2183.00,2330.00,2402.00,2432.00,2479.00,2547.00,2668.00,2771.00,2942.00,3070.00,3252.00,3440.00,3589.00,3699.00,3888.00,4072.00,4228.00,4329.00,4529.00,4729.00,4895.00,5088.00,5288.00,5488.00,5688.00,5888.00,6088.00,6288.00,6488.00,6688.00,6888.00,7088.00,7288.00,7488.00,7688.00,7888.00,8088.00,8288.00,8488.00,8688.00,8888.00,9087.00,9287.00,9482.00,9682.00,9874.00,10074.00,10274.00,10474.00,10660.00,10860.00,11060.00,11260.00,11460.00,11660.00,11860.00,12060.00,12260.00,12460.00,12660.00,12839.00,13023.00,13223.00,13423.00,13623.00,13823.00,14023.00,14223.00,14423.00,14623.00,14823.00,15015.00,15215.00,15415.00,15615.00,15815.00,16015.00,16215.00,16403.00,16592.00,16780.00,16980.00,17180.00,17380.00,17580.00,17780.00,17980.00,18180.00,18380.00,18580.00,18780.00,18980.00,19180.00,19380.00,19580.00,19775.00,19975.00,20175.00,,,,,,,,,,,,,,,,,,,,,,
22.00,17.00,13.00,11.00,25.00,9.00,23.00,34.00,15.00,30.00,26.00,12.00,20.00,19.00,26.00,18.00,23.00,10.00,17.00,10.00,15.00,24.00,12.00,19.00,22.00,20.00,11.00,14.00,25.00,11.00,11.00,12.00,17.00,24.00,16.00,23.00,17.00,26.00,15.00,11.00,16.00,13.00,13.00,16.00,18.00,20.00,20.00,18.00,19.00,25.00,50.00,15.00,11.00,12.00,9.00,12.00,31.00,8.00,10.00,17.00,12.00,21.00,17.00,38.00,23.00,16.00,14.00,19.00,112.00,12.00,21.00,16.00,24.00,55.00,23.00,39.00,12.00,34.00,157.00,52.00,77.00,16.00,26.00,73.00,23.00,31.00,34.00,36.00,33.00,44.00,62.00,70.00,50.00,108.00,71.00,113.00,117.00,104.00,93.00,90.00,114.00,127.00,106.00,123.00,128.00,147.00,109.00,146.00,134.00,184.00,106.00,155.00,153.00,123.00,191.00,152.00,149.00,197.00,153.00,159.00,200.00,165.00,200.00,173.00,158.00,191.00,174.00,182.00,200.00,200.00,189.00,200.00,200.00,170.00,136.00,186.00,185.00,200.00,200.00,168.00,200.00,149.00,166.00,200.00,200.00,200.00,197.00,200.00,200.00,178.00,189.00,200.00,200.00,189.00,185.00,176.00,175.00,186.00,152.00,200.00,200.00,200.00,200.00,163.00,168.00,200.00,176.00,200.00,200.00,200.00,200.00,200.00,200.00,200.00,200.00,187.00,200.00,200.00,195.00,200.00,200.00,200.00,200.00,200.00,200.00,200.00,200.00,200.00,200.00,200.00,191.00,200.00,200.00,200.00
22.00,39.00,52.00,63.00,88.00,97.00,120.00,154.00,169.00,199.00,225.00,237.00,257.00,276.00,302.00,320.00,343.00,353.00,370.00,380.00,395.00,419.00,431.00,450.00,472.00,492.00,503.00,517.00,542.00,553.00,564.00,576.00,593.00,617.00,633.00,656.00,673.00,699.00,714.00,725.00,741.00,754.00,767.00,783.00,801.00,821.00,841.00,859.00,878.00,903.00,953.00,968.00,979.00,991.00,1000.00,1012.00,1043.00,1051.00,1061.00,1078.00,1090.00,1111.00,1128.00,1166.00,1189.00,1205.00,1219.00,1238.00,1350.00,1362.00,1383.00,1399.00,1423.00,1478.00,1501.00,1540.00,1552.00,1586.00,1743.00,1795.00,1872.00,1888.00,1914.00,1987.00,2010.00,2041.00,2075.00,2111.00,2144.00,2188.00,2250.00,2320.00,2370.00,2478.00,2549.00,2662.00,2779.00,2883.00,2976.00,3066.00,3180.00,3307.00,3413.00,3536.00,3664.00,3811.00,3920.00,4066.00,4200.00,4384.00,4490.00,4645.00,4798.00,4921.00,5112.00,5264.00,5413.00,5610.00,5763.00,5922.00,6122.00,6287.00,6487.00,6660.00,6818.00,7009.00,7183.00,7365.00,7565.00,7765.00,7954.00,8154.00,8354.00,8524.00,8660.00,8846.00,9031.00,9231.00,9431.00,9599.00,9799.00,9948.00,10114.00,10314.00,10514.00,10714.00,10911.00,11111.00,11311.00,11489.00,11678.00,11878.00,12078.00,12267.00,12452.00,12628.00,12803.00,12989.00,13141.00,13341.00,13541.00,13741.00,13941.00,14104.00,14272.00,14472.00,14648.00,14848.00,15048.00,15248.00,15448.00,15648.00,15848.00,16048.00,16248.00,16435.00,16635.00,16835.00,17030.00,17230.00,17430.00,17630.00,17830.00,18030.00,18230.00,18430.00,18630.00,18830.00,19030.00,19230.00,19421.00,19621.00,19821.00,20021.00
23.00,15.00,12.00,52.00,43.00,16.00,15.00,18.00,25.00,25.00,24.00,26.00,13.00,12.00,15.00,22.00,19.00,21.00,20.00,12.00,13.00,11.00,39.00,26.00,10.00,12.00,31.00,22.00,12.00,18.00,19.00,16.00,18.00,17.00,21.00,14.00,27.00,46.00,13.00,14.00,27.00,27.00,36.00,31.00,88.00,26.00,15.00,34.00,26.00,25.00,27.00,26.00,42.00,28.00,46.00,22.00,48.00,22.00,26.00,42.00,17.00,23.00,15.00,32.00,112.00,26.00,61.00,66.00,38.00,18.00,24.00,39.00,51.00,105.00,15.00,17.00,94.00,90.00,56.00,183.00,162.00,180.00,194.00,200.00,41.00,200.00,200.00,200.00,200.00,200.00,200.00,200.00,200.00,200.00,195.00,200.00,200.00,172.00,200.00,200.00,200.00,200.00,200.00,200.00,200.00,200.00,200.00,200.00,200.00,200.00,200.00,200.00,200.00,200.00,200.00,200.00,200.00,200.00,200.00,200.00,200.00,200.00,200.00,200.00,200.00,200.00,200.00,200.00,200.00,200.00,200.00,200.00,200.00,200.00,200.00,200.00,200.00,200.00,200.00,200.00,200.00,200.00,200.00,200.00,200.00,200.00,200.00,200.00,200.00,200.00,200.00,200.00,200.00,200.00,200.00,200.00,200.00,200.00,200.00,200.00,200.00,200.00,200.00,200.00,200.00,200.00,200.00,200.00,200.00,,,,,,,,,,,,,,,,,,,,,,,,,
23.00,38.00,50.00,102.00,145.00,161.00,176.00,194.00,219.00,244.00,268.00,294.00,307.00,319.00,334.00,356.00,375.00,396.00,416.00,428.00,441.00,452.00,491.00,517.00,527.00,539.00,570.00,592.00,604.00,622.00,641.00,657.00,675.00,692.00,713.00,727.00,754.00,800.00,813.00,827.00,854.00,881.00,917.00,948.00,1036.00,1062.00,1077.00,1111.00,1137.00,1162.00,1189.00,1215.00,1257.00,1285.00,1331.00,1353.00,1401.00,1423.00,1449.00,1491.00,1508.00,1531.00,1546.00,1578.00,1690.00,1716.00,1777.00,1843.00,1881.00,1899.00,1923.00,1962.00,2013.00,2118.00,2133.00,2150.00,2244.00,2334.00,2390.00,2573.00,2735.00,2915.00,3109.00,3309.00,3350.00,3550.00,3750.00,3950.00,4150.00,4350.00,4550.00,4750.00,4950.00,5150.00,5345.00,5545.00,5745.00,5917.00,6117.00,6317.00,6517.00,6717.00,6917.00,7117.00,7317.00,7517.00,7717.00,7917.00,8117.00,8317.00,8517.00,8717.00,8917.00,9117.00,9317.00,9517.00,9717.00,9917.00,10117.00,10317.00,10517.00,10717.00,10917.00,11117.00,11317.00,11517.00,11717.00,11917.00,12117.00,12317.00,12517.00,12717.00,12917.00,13117.00,13317.00,13517.00,13717.00,13917.00,14117.00,14317.00,14517.00,14717.00,14917.00,15117.00,15317.00,15517.00,15717.00,15917.00,16117.00,16317.00,16517.00,16717.00,16917.00,17117.00,17317.00,17517.00,17717.00,17917.00,18117.00,18317.00,18517.00,18717.00,18917.00,19117.00,19317.00,19517.00,19717.00,19917.00,20117.00,,,,,,,,,,,,,,,,,,,,,,,,,
14.00,19.00,14.00,16.00,17.00,13.00,11.00,46.00,16.00,13.00,42.00,21.00,24.00,28.00,12.00,14.00,12.00,29.00,27.00,47.00,29.00,22.00,23.00,32.00,19.00,31.00,12.00,39.00,16.00,23.00,54.00,11.00,23.00,21.00,35.00,14.00,16.00,14.00,20.00,14.00,23.00,24.00,15.00,14.00,19.00,22.00,10.00,29.00,39.00,27.00,24.00,29.00,18.00,11.00,31.00,41.00,23.00,12.00,31.00,23.00,25.00,19.00,24.00,35.00,18.00,28.00,29.00,18.00,19.00,21.00,39.00,36.00,24.00,45.00,33.00,29.00,35.00,27.00,24.00,31.00,61.00,39.00,14.00,33.00,46.00,22.00,27.00,14.00,43.00,43.00,33.00,28.00,89.00,51.00,106.00,30.00,142.00,39.00,140.00,158.00,178.00,200.00,200.00,200.00,200.00,200.00,200.00,200.00,195.00,200.00,200.00,200.00,200.00,200.00,200.00,200.00,200.00,200.00,200.00,200.00,200.00,200.00,200.00,200.00,200.00,200.00,200.00,200.00,200.00,200.00,200.00,200.00,200.00,188.00,195.00,200.00,200.00,192.00,200.00,200.00,200.00,200.00,200.00,200.00,200.00,200.00,200.00,200.00,196.00,200.00,200.00,195.00,200.00,200.00,200.00,200.00,200.00,200.00,200.00,200.00,200.00,200.00,200.00,200.00,200.00,200.00,200.00,181.00,200.00,200.00,200.00,200.00,200.00,200.00,200.00,200.00,200.00,200.00,200.00,200.00,200.00,200.00,200.00,200.00,200.00,,,,,,,,,
14.00,33.00,47.00,63.00,80.00,93.00,104.00,150.00,166.00,179.00,221.00,242.00,266.00,294.00,306.00,320.00,332.00,361.00,388.00,435.00,464.00,486.00,509.00,541.00,560.00,591.00,603.00,642.00,658.00,681.00,735.00,746.00,769.00,790.00,825.00,839.00,855.00,869.00,889.00,903.00,926.00,950.00,965.00,979.00,998.00,1020.00,1030.00,1059.00,1098.00,1125.00,1149.00,1178.00,1196.00,1207.00,1238.00,1279.00,1302.00,1314.00,1345.00,1368.00,1393.00,1412.00,1436.00,1471.00,1489.00,1517.00,1546.00,1564.00,1583.00,1604.00,1643.00,1679.00,1703.00,1748.00,1781.00,1810.00,1845.00,1872.00,1896.00,1927.00,1988.00,2027.00,2041.00,2074.00,2120.00,2142.00,2169.00,2183.00,2226.00,2269.00,2302.00,2330.00,2419.00,2470.00,2576.00,2606.00,2748.00,2787.00,2927.00,3085.00,3263.00,3463.00,3663.00,3863.00,4063.00,4263.00,4463.00,4663.00,4858.00,5058.00,5258.00,5458.00,5658.00,5858.00,6058.00,6258.00,6458.00,6658.00,6858.00,7058.00,7258.00,7458.00,7658.00,7858.00,8058.00,8258.00,8458.00,8658.00,8858.00,9058.00,9258.00,9458.00,9658.00,9846.00,10041.00,10241.00,10441.00,10633.00,10833.00,11033.00,11233.00,11433.00,11633.00,11833.00,12033.00,12233.00,12433.00,12633.00,12829.00,13029.00,13229.00,13424.00,13624.00,13824.00,14024.00,14224.00,14424.00,14624.00,14824.00,15024.00,15224.00,15424.00,15624.00,15824.00,16024.00,16224.00,16424.00,16605.00,16805.00,17005.00,17205.00,17405.00,17605.00,17805.00,18005.00,18205.00,18405.00,18605.00,18805.00,19005.00,19205.00,19405.00,19605.00,19805.00,20005.00,,,,,,,,,
19.00,14.00,35.00,18.00,26.00,20.00,47.00,19.00,12.00,42.00,42.00,11.00,24.00,23.00,25.00,15.00,35.00,19.00,25.00,35.00,8.00,11.00,17.00,14.00,18.00,10.00,11.00,12.00,23.00,36.00,19.00,17.00,9.00,20.00,17.00,14.00,31.00,25.00,19.00,13.00,27.00,16.00,12.00,20.00,27.00,46.00,94.00,48.00,32.00,24.00,21.00,59.00,13.00,28.00,50.00,31.00,52.00,43.00,43.00,16.00,40.00,17.00,32.00,60.00,44.00,19.00,21.00,39.00,17.00,76.00,38.00,183.00,22.00,26.00,49.00,29.00,82.00,172.00,135.00,46.00,197.00,34.00,185.00,156.00,200.00,200.00,158.00,200.00,200.00,200.00,200.00,200.00,200.00,200.00,185.00,200.00,200.00,200.00,200.00,200.00,200.00,200.00,200.00,199.00,200.00,200.00,200.00,200.00,200.00,200.00,200.00,200.00,200.00,191.00,200.00,200.00,193.00,200.00,200.00,200.00,200.00,195.00,200.00,200.00,200.00,200.00,200.00,200.00,200.00,195.00,200.00,200.00,200.00,180.00,179.00,181.00,200.00,200.00,200.00,180.00,200.00,200.00,200.00,181.00,193.00,200.00,200.00,200.00,200.00,193.00,198.00,179.00,198.00,200.00,200.00,196.00,195.00,200.00,200.00,200.00,200.00,200.00,200.00,200.00,184.00,200.00,200.00,190.00,200.00,,,,,,,,,,,,,,,,,,,,,,,,,
19.00,33.00,68.00,86.00,112.00,132.00,179.00,198.00,210.00,252.00,294.00,305.00,329.00,352.00,377.00,392.00,427.00,446.00,471.00,506.00,514.00,525.00,542.00,556.00,574.00,584.00,595.00,607.00,630.00,666.00,685.00,702.00,711.00,731.00,748.00,762.00,793.00,818.00,837.00,850.00,877.00,893.00,905.00,925.00,952.00,998.00,1092.00,1140.00,1172.00,1196.00,1217.00,1276.00,1289.00,1317.00,1367.00,1398.00,1450.00,1493.00,1536.00,1552.00,1592.00,1609.00,1641.00,1701.00,1745.00,1764.00,1785.00,1824.00,1841.00,1917.00,1955.00,2138.00,2160.00,2186.00,2235.00,2264.00,2346.00,2518.00,2653.00,2699.00,2896.00,2930.00,3115.00,3271.00,3471.00,3671.00,3829.00,4029.00,4229.00,4429.00,4629.00,4829.00,5029.00,5229.00,5414.00,5614.00,5814.00,6014.00,6214.00,6414.00,6614.00,6814.00,7014.00,7213.00,7413.00,7613.00,7813.00,8013.00,8213.00,8413.00,8613.00,8813.00,9013.00,9204.00,9404.00,9604.00,9797.00,9997.00,10197.00,10397.00,10597.00,10792.00,10992.00,11192.00,11392.00,11592.00,11792.00,11992.00,12192.00,12387.00,12587.00,12787.00,12987.00,13167.00,13346.00,13527.00,13727.00,13927.00,14127.00,14307.00,14507.00,14707.00,14907.00,15088.00,15281.00,15481.00,15681.00,15881.00,16081.00,16274.00,16472.00,16651.00,16849.00,17049.00,17249.00,17445.00,17640.00,17840.00,18040.00,18240.00,18440.00,18640.00,18840.00,19040.00,19224.00,19424.00,19624.00,19814.00,20014.00,,,,,,,,,,,,,,,,,,,,,,,,,
18.00,17.00,21.00,30.00,14.00,33.00,13.00,11.00,12.00,12.00,24.00,57.00,28.00,13.00,22.00,14.00,16.00,26.00,15.00,28.00,20.00,10.00,11.00,13.00,55.00,12.00,27.00,26.00,12.00,20.00,14.00,23.00,48.00,32.00,19.00,13.00,47.00,12.00,13.00,15.00,35.00,21.00,27.00,15.00,12.00,11.00,14.00,46.00,44.00,15.00,54.00,43.00,34.00,14.00,12.00,21.00,33.00,13.00,13.00,20.00,34.00,33.00,20.00,27.00,30.00,25.00,54.00,48.00,59.00,29.00,55.00,44.00,53.00,38.00,60.00,38.00,35.00,87.00,50.00,37.00,83.00,21.00,54.00,179.00,128.00,28.00,82.00,176.00,160.00,200.00,121.00,199.00,120.00,156.00,167.00,200.00,200.00,120.00,200.00,200.00,157.00,200.00,200.00,200.00,191.00,200.00,200.00,200.00,180.00,200.00,200.00,200.00,200.00,200.00,171.00,200.00,200.00,200.00,200.00,200.00,200.00,200.00,175.00,200.00,200.00,200.00,190.00,200.00,200.00,200.00,200.00,200.00,200.00,200.00,200.00,179.00,200.00,200.00,200.00,200.00,200.00,200.00,200.00,200.00,200.00,200.00,200.00,200.00,200.00,200.00,200.00,200.00,200.00,200.00,200.00,200.00,200.00,200.00,200.00,200.00,200.00,200.00,200.00,200.00,200.00,200.00,200.00,200.00,184.00,200.00,200.00,200.00,200.00,200.00,200.00,200.00,,,,,,,,,,,,,,,,,,
18.00,35.00,56.00,86.00,100.00,133.00,146.00,157.00,169.00,181.00,205.00,262.00,290.00,303.00,325.00,339.00,355.00,381.00,396.00,424.00,444.00,454.00,465.00,478.00,533.00,545.00,572.00,598.00,610.00,630.00,644.00,667.00,715.00,747.00,766.00,779.00,826.00,838.00,851.00,866.00,901.00,922.00,949.00,964.00,976.00,987.00,1001.00,1047.00,1091.00,1106.00,1160.00,1203.00,1237.00,1251.00,1263.00,1284.00,1317.00,1330.00,1343.00,1363.00,1397.00,1430.00,1450.00,1477.00,1507.00,1532.00,1586.00,1634.00,1693.00,1722.00,1777.00,1821.00,1874.00,1912.00,1972.00,2010.00,2045.00,2132.00,2182.00,2219.00,2302.00,2323.00,2377.00,2556.00,2684.00,2712.00,2794.00,2970.00,3130.00,3330.00,3451.00,3650.00,3770.00,3926.00,4093.00,4293.00,4493.00,4613.00,4813.00,5013.00,5170.00,5370.00,5570.00,5770.00,5961.00,6161.00,6361.00,6561.00,6741.00,6941.00,7141.00,7341.00,7541.00,7741.00,7912.00,8112.00,8312.00,8512.00,8712.00,8912.00,9112.00,9312.00,9487.00,9687.00,9887.00,10087.00,10277.00,10477.00,10677.00,10877.00,11077.00,11277.00,11477.00,11677.00,11877.00,12056.00,12256.00,12456.00,12656.00,12856.00,13056.00,13256.00,13456.00,13656.00,13856.00,14056.00,14256.00,14456.00,14656.00,14856.00,15056.00,15256.00,15456.00,15656.00,15856.00,16056.00,16256.00,16456.00,16656.00,16856.00,17056.00,17256.00,17456.00,17656.00,17856.00,18056.00,18256.00,18456.00,18640.00,18840.00,19040.00,19240.00,19440.00,19640.00,19840.00,20040.00,,,,,,,,,,,,,,,,,,
15.00,12.00,53.00,19.00,36.00,13.00,11.00,13.00,10.00,53.00,28.00,21.00,13.00,48.00,33.00,21.00,12.00,24.00,21.00,20.00,39.00,18.00,15.00,47.00,12.00,19.00,48.00,19.00,11.00,24.00,13.00,20.00,27.00,28.00,12.00,16.00,16.00,17.00,11.00,25.00,14.00,21.00,24.00,18.00,15.00,16.00,26.00,12.00,25.00,30.00,22.00,14.00,35.00,16.00,80.00,24.00,42.00,30.00,19.00,17.00,30.00,32.00,26.00,176.00,19.00,30.00,41.00,23.00,55.00,123.00,108.00,31.00,127.00,24.00,69.00,141.00,177.00,72.00,200.00,200.00,200.00,200.00,200.00,162.00,200.00,200.00,200.00,200.00,200.00,200.00,200.00,200.00,200.00,200.00,200.00,200.00,200.00,200.00,200.00,200.00,200.00,200.00,200.00,200.00,200.00,200.00,200.00,200.00,200.00,200.00,200.00,200.00,200.00,195.00,200.00,200.00,200.00,200.00,200.00,200.00,200.00,200.00,199.00,200.00,200.00,200.00,200.00,200.00,200.00,200.00,200.00,200.00,194.00,200.00,200.00,200.00,200.00,200.00,181.00,189.00,200.00,198.00,200.00,200.00,200.00,197.00,200.00,200.00,200.00,200.00,182.00,185.00,200.00,200.00,200.00,200.00,200.00,200.00,200.00,200.00,200.00,200.00,200.00,200.00,200.00,200.00,,,,,,,,,,,,,,,,,,,,,,,,,,,,
15.00,27.00,80.00,99.00,135.00,148.00,159.00,172.00,182.00,235.00,263.00,284.00,297.00,345.00,378.00,399.00,411.00,435.00,456.00,476.00,515.00,533.00,548.00,595.00,607.00,626.00,674.00,693.00,704.00,728.00,741.00,761.00,788.00,816.00,828.00,844.00,860.00,877.00,888.00,913.00,927.00,948.00,972.00,990.00,1005.00,1021.00,1047.00,1059.00,1084.00,1114.00,1136.00,1150.00,1185.00,1201.00,1281.00,1305.00,1347.00,1377.00,1396.00,1413.00,1443.00,1475.00,1501.00,1677.00,1696.00,1726.00,1767.00,1790.00,1845.00,1968.00,2076.00,2107.00,2234.00,2258.00,2327.00,2468.00,2645.00,2717.00,2917.00,3117.00,3317.00,3517.00,3717.00,3879.00,4079.00,4279.00,4479.00,4679.00,4879.00,5079.00,5279.00,5479.00,5679.00,5879.00,6079.00,6279.00,6479.00,6679.00,6879.00,7079.00,7279.00,7479.00,7679.00,7879.00,8079.00,8279.00,8479.00,8679.00,8879.00,9079.00,9279.00,9479.00,9679.00,9874.00,10074.00,10274.00,10474.00,10674.00,10874.00,11074.00,11274.00,11474.00,11673.00,11873.00,12073.00,12273.00,12473.00,12673.00,12873.00,13073.00,13273.00,13473.00,13667.00,13867.00,14067.00,14267.00,14467.00,14667.00,14848.00,15037.00,15237.00,15435.00,15635.00,15835.00,16035.00,16232.00,16432.00,16632.00,16832.00,17032.00,17214.00,17399.00,17599.00,17799.00,17999.00,18199.00,18399.00,18599.00,18799.00,18999.00,19199.00,19399.00,19599.00,19799.00,19999.00,20199.00,,,,,,,,,,,,,,,,,,,,,,,,,,,,
12.00,24.00,10.00,14.00,27.00,14.00,35.00,36.00,19.00,26.00,16.00,22.00,66.00,20.00,23.00,12.00,37.00,11.00,73.00,17.00,70.00,20.00,28.00,15.00,31.00,27.00,15.00,13.00,19.00,12.00,14.00,18.00,26.00,10.00,17.00,21.00,11.00,29.00,13.00,48.00,21.00,30.00,25.00,12.00,15.00,19.00,17.00,17.00,15.00,26.00,13.00,23.00,34.00,17.00,58.00,71.00,31.00,22.00,28.00,29.00,26.00,15.00,141.00,111.00,54.00,51.00,81.00,82.00,87.00,49.00,101.00,14.00,36.00,167.00,73.00,104.00,141.00,129.00,115.00,182.00,93.00,200.00,186.00,200.00,200.00,200.00,200.00,200.00,177.00,200.00,200.00,200.00,192.00,200.00,200.00,195.00,200.00,200.00,200.00,200.00,200.00,200.00,200.00,200.00,200.00,200.00,200.00,200.00,200.00,200.00,200.00,200.00,177.00,200.00,200.00,200.00,200.00,200.00,200.00,200.00,200.00,200.00,182.00,200.00,200.00,200.00,200.00,200.00,200.00,200.00,200.00,200.00,200.00,200.00,200.00,200.00,200.00,200.00,200.00,200.00,200.00,200.00,200.00,200.00,200.00,200.00,200.00,200.00,200.00,200.00,200.00,200.00,200.00,200.00,200.00,200.00,200.00,200.00,193.00,200.00,200.00,200.00,200.00,200.00,200.00,,,,,,,,,,,,,,,,,,,,,,,,,,,,,
12.00,36.00,46.00,60.00,87.00,101.00,136.00,172.00,191.00,217.00,233.00,255.00,321.00,341.00,364.00,376.00,413.00,424.00,497.00,514.00,584.00,604.00,632.00,647.00,678.00,705.00,720.00,733.00,752.00,764.00,778.00,796.00,822.00,832.00,849.00,870.00,881.00,910.00,923.00,971.00,992.00,1022.00,1047.00,1059.00,1074.00,1093.00,1110.00,1127.00,1142.00,1168.00,1181.00,1204.00,1238.00,1255.00,1313.00,1384.00,1415.00,1437.00,1465.00,1494.00,1520.00,1535.00,1676.00,1787.00,1841.00,1892.00,1973.00,2055.00,2142.00,2191.00,2292.00,2306.00,2342.00,2509.00,2582.00,2686.00,2827.00,2956.00,3071.00,3253.00,3346.00,3546.00,3732.00,3932.00,4132.00,4332.00,4532.00,4732.00,4909.00,5109.00,5309.00,5509.00,5701.00,5901.00,6101.00,6296.00,6496.00,6696.00,6896.00,7096.00,7296.00,7496.00,7696.00,7896.00,8096.00,8296.00,8496.00,8696.00,8896.00,9096.00,9296.00,9496.00,9673.00,9873.00,10073.00,10273.00,10473.00,10673.00,10873.00,11073.00,11273.00,11473.00,11655.00,11855.00,12055.00,12255.00,12455.00,12655.00,12855.00,13055.00,13255.00,13455.00,13655.00,13855.00,14055.00,14255.00,14455.00,14655.00,14855.00,15055.00,15255.00,15455.00,15655.00,15855.00,16055.00,16255.00,16455.00,16655.00,16855.00,17055.00,17255.00,17455.00,17655.00,17855.00,18055.00,18255.00,18455.00,18655.00,18848.00,19048.00,19248.00,19448.00,19648.00,19848.00,20048.00,,,,,,,,,,,,,,,,,,,,,,,,,,,,,
21.00,18.00,16.00,46.00,16.00,18.00,10.00,21.00,29.00,14.00,19.00,20.00,32.00,18.00,13.00,21.00,12.00,35.00,17.00,19.00,34.00,11.00,14.00,14.00,49.00,67.00,15.00,10.00,26.00,26.00,12.00,23.00,13.00,12.00,32.00,9.00,43.00,41.00,53.00,16.00,17.00,33.00,8.00,28.00,39.00,36.00,14.00,46.00,44.00,24.00,22.00,19.00,39.00,19.00,20.00,49.00,25.00,22.00,32.00,14.00,138.00,32.00,36.00,18.00,43.00,33.00,51.00,64.00,24.00,49.00,41.00,96.00,64.00,59.00,60.00,112.00,49.00,108.00,24.00,77.00,183.00,150.00,85.00,107.00,125.00,37.00,153.00,121.00,200.00,200.00,194.00,200.00,164.00,200.00,168.00,200.00,185.00,200.00,170.00,200.00,200.00,200.00,200.00,200.00,200.00,200.00,200.00,200.00,200.00,190.00,200.00,200.00,184.00,200.00,200.00,200.00,200.00,200.00,200.00,197.00,200.00,200.00,200.00,200.00,200.00,183.00,200.00,200.00,200.00,180.00,200.00,200.00,200.00,200.00,200.00,200.00,200.00,198.00,200.00,200.00,200.00,200.00,200.00,200.00,200.00,200.00,200.00,200.00,189.00,200.00,200.00,200.00,200.00,200.00,200.00,200.00,200.00,200.00,200.00,192.00,200.00,200.00,200.00,200.00,200.00,196.00,200.00,200.00,200.00,200.00,200.00,,,,,,,,,,,,,,,,,,,,,,,
21.00,39.00,55.00,101.00,117.00,135.00,145.00,166.00,195.00,209.00,228.00,248.00,280.00,298.00,311.00,332.00,344.00,379.00,396.00,415.00,449.00,460.00,474.00,488.00,537.00,604.00,619.00,629.00,655.00,681.00,693.00,716.00,729.00,741.00,773.00,782.00,825.00,866.00,919.00,935.00,952.00,985.00,993.00,1021.00,1060.00,1096.00,1110.00,1156.00,1200.00,1224.00,1246.00,1265.00,1304.00,1323.00,1343.00,1392.00,1417.00,1439.00,1471.00,1485.00,1623.00,1655.00,1691.00,1709.00,1752.00,1785.00,1836.00,1900.00,1924.00,1973.00,2014.00,2110.00,2174.00,2233.00,2293.00,2405.00,2454.00,2562.00,2586.00,2663.00,2846.00,2996.00,3081.00,3188.00,3313.00,3350.00,3503.00,3624.00,3824.00,4024.00,4218.00,4418.00,4582.00,4782.00,4950.00,5150.00,5335.00,5535.00,5705.00,5905.00,6105.00,6305.00,6505.00,6705.00,6905.00,7105.00,7305.00,7505.00,7705.00,7895.00,8095.00,8295.00,8479.00,8679.00,8879.00,9079.00,9279.00,9479.00,9679.00,9876.00,10076.00,10276.00,10476.00,10676.00,10876.00,11059.00,11259.00,11459.00,11659.00,11839.00,12039.00,12239.00,12439.00,12639.00,12839.00,13039.00,13239.00,13437.00,13637.00,13837.00,14037.00,14237.00,14437.00,14637.00,14837.00,15037.00,15237.00,15437.00,15626.00,15826.00,16026.00,16226.00,16426.00,16626.00,16826.00,17026.00,17226.00,17426.00,17626.00,17818.00,18018.00,18218.00,18418.00,18618.00,18818.00,19014.00,19214.00,19414.00,19614.00,19814.00,20014.00,,,,,,,,,,,,,,,,,,,,,,,
14.00,36.00,34.00,21.00,15.00,15.00,17.00,17.00,36.00,21.00,18.00,17.00,47.00,13.00,19.00,11.00,11.00,15.00,13.00,17.00,33.00,21.00,26.00,16.00,9.00,23.00,26.00,25.00,13.00,21.00,12.00,12.00,17.00,22.00,29.00,19.00,17.00,12.00,13.00,15.00,27.00,25.00,16.00,15.00,35.00,33.00,11.00,31.00,19.00,47.00,23.00,33.00,35.00,18.00,39.00,29.00,28.00,21.00,25.00,37.00,18.00,20.00,23.00,18.00,78.00,31.00,37.00,18.00,31.00,26.00,14.00,102.00,25.00,28.00,25.00,42.00,16.00,21.00,40.00,64.00,35.00,57.00,35.00,20.00,55.00,23.00,53.00,42.00,80.00,25.00,93.00,58.00,43.00,176.00,200.00,114.00,132.00,200.00,152.00,66.00,200.00,200.00,200.00,187.00,200.00,170.00,200.00,200.00,176.00,200.00,200.00,200.00,174.00,187.00,195.00,158.00,175.00,200.00,200.00,200.00,200.00,200.00,200.00,200.00,200.00,200.00,200.00,200.00,200.00,200.00,200.00,200.00,200.00,200.00,200.00,200.00,200.00,200.00,200.00,200.00,200.00,200.00,199.00,200.00,200.00,200.00,200.00,200.00,200.00,200.00,200.00,200.00,189.00,200.00,200.00,200.00,200.00,200.00,200.00,200.00,200.00,200.00,200.00,200.00,200.00,200.00,200.00,200.00,200.00,200.00,200.00,200.00,200.00,200.00,193.00,199.00,200.00,200.00,200.00,186.00,200.00,200.00,200.00,,,,,,,,,,,
14.00,50.00,84.00,105.00,120.00,135.00,152.00,169.00,205.00,226.00,244.00,261.00,308.00,321.00,340.00,351.00,362.00,377.00,390.00,407.00,440.00,461.00,487.00,503.00,512.00,535.00,561.00,586.00,599.00,620.00,632.00,644.00,661.00,683.00,712.00,731.00,748.00,760.00,773.00,788.00,815.00,840.00,856.00,871.00,906.00,939.00,950.00,981.00,1000.00,1047.00,1070.00,1103.00,1138.00,1156.00,1195.00,1224.00,1252.00,1273.00,1298.00,1335.00,1353.00,1373.00,1396.00,1414.00,1492.00,1523.00,1560.00,1578.00,1609.00,1635.00,1649.00,1751.00,1776.00,1804.00,1829.00,1871.00,1887.00,1908.00,1948.00,2012.00,2047.00,2104.00,2139.00,2159.00,2214.00,2237.00,2290.00,2332.00,2412.00,2437.00,2530.00,2588.00,2631.00,2807.00,3007.00,3121.00,3253.00,3453.00,3605.00,3671.00,3871.00,4071.00,4271.00,4458.00,4658.00,4828.00,5028.00,5228.00,5404.00,5604.00,5804.00,6004.00,6178.00,6365.00,6560.00,6718.00,6893.00,7093.00,7293.00,7493.00,7693.00,7893.00,8093.00,8293.00,8493.00,8693.00,8893.00,9093.00,9293.00,9493.00,9693.00,9893.00,10093.00,10293.00,10493.00,10693.00,10893.00,11093.00,11293.00,11493.00,11693.00,11893.00,12092.00,12292.00,12492.00,12692.00,12892.00,13092.00,13292.00,13492.00,13692.00,13892.00,14081.00,14281.00,14481.00,14681.00,14881.00,15081.00,15281.00,15481.00,15681.00,15881.00,16081.00,16281.00,16481.00,16681.00,16881.00,17081.00,17281.00,17481.00,17681.00,17881.00,18081.00,18281.00,18474.00,18673.00,18873.00,19073.00,19273.00,19459.00,19659.00,19859.00,20059.00,,,,,,,,,,,
25.00,29.00,14.00,44.00,13.00,21.00,16.00,41.00,17.00,11.00,12.00,11.00,23.00,13.00,27.00,42.00,12.00,16.00,12.00,15.00,17.00,46.00,16.00,15.00,22.00,64.00,25.00,36.00,18.00,43.00,14.00,14.00,17.00,17.00,21.00,18.00,23.00,14.00,23.00,15.00,16.00,58.00,38.00,21.00,15.00,15.00,45.00,22.00,25.00,43.00,74.00,27.00,35.00,25.00,27.00,17.00,21.00,22.00,36.00,25.00,11.00,51.00,17.00,52.00,12.00,28.00,29.00,43.00,23.00,17.00,58.00,43.00,109.00,43.00,59.00,26.00,33.00,28.00,48.00,66.00,125.00,30.00,71.00,77.00,122.00,163.00,40.00,172.00,37.00,93.00,183.00,162.00,170.00,200.00,172.00,200.00,200.00,200.00,170.00,200.00,200.00,200.00,200.00,176.00,155.00,177.00,178.00,200.00,200.00,200.00,200.00,200.00,200.00,192.00,170.00,200.00,200.00,200.00,200.00,200.00,200.00,200.00,200.00,158.00,200.00,200.00,200.00,200.00,200.00,200.00,175.00,200.00,200.00,200.00,200.00,200.00,200.00,200.00,200.00,200.00,200.00,200.00,200.00,178.00,200.00,200.00,200.00,196.00,187.00,200.00,187.00,200.00,190.00,200.00,200.00,200.00,200.00,200.00,200.00,200.00,200.00,200.00,200.00,200.00,200.00,200.00,200.00,200.00,200.00,200.00,200.00,200.00,200.00,200.00,200.00,200.00,,,,,,,,,,,,,,,,,,
25.00,54.00,68.00,112.00,125.00,146.00,162.00,203.00,220.00,231.00,243.00,254.00,277.00,290.00,317.00,359.00,371.00,387.00,399.00,414.00,431.00,477.00,493.00,508.00,530.00,594.00,619.00,655.00,673.00,716.00,730.00,744.00,761.00,778.00,799.00,817.00,840.00,854.00,877.00,892.00,908.00,966.00,1004.00,1025.00,1040.00,1055.00,1100.00,1122.00,1147.00,1190.00,1264.00,1291.00,1326.00,1351.00,1378.00,1395.00,1416.00,1438.00,1474.00,1499.00,1510.00,1561.00,1578.00,1630.00,1642.00,1670.00,1699.00,1742.00,1765.00,1782.00,1840.00,1883.00,1992.00,2035.00,2094.00,2120.00,2153.00,2181.00,2229.00,2295.00,2420.00,2450.00,2521.00,2598.00,2720.00,2883.00,2923.00,3095.00,3132.00,3225.00,3408.00,3570.00,3740.00,3940.00,4112.00,4312.00,4512.00,4712.00,4882.00,5082.00,5282.00,5482.00,5682.00,5858.00,6013.00,6190.00,6368.00,6568.00,6768.00,6968.00,7168.00,7368.00,7568.00,7760.00,7930.00,8130.00,8330.00,8530.00,8730.00,8930.00,9130.00,9330.00,9530.00,9688.00,9888.00,10088.00,10288.00,10488.00,10688.00,10888.00,11063.00,11263.00,11463.00,11663.00,11863.00,12063.00,12263.00,12463.00,12663.00,12863.00,13063.00,13263.00,13463.00,13641.00,13841.00,14041.00,14241.00,14437.00,14624.00,14824.00,15011.00,15211.00,15401.00,15601.00,15801.00,16001.00,16201.00,16401.00,16601.00,16801.00,17001.00,17201.00,17401.00,17601.00,17801.00,18001.00,18201.00,18401.00,18601.00,18801.00,19001.00,19201.00,19401.00,19601.00,19801.00,20001.00,,,,,,,,,,,,,,,,,,
13.00,20.00,34.00,14.00,25.00,11.00,29.00,27.00,12.00,11.00,14.00,10.00,22.00,18.00,25.00,25.00,26.00,17.00,12.00,10.00,19.00,41.00,19.00,38.00,11.00,16.00,13.00,37.00,12.00,16.00,21.00,15.00,16.00,14.00,34.00,19.00,13.00,27.00,51.00,13.00,43.00,30.00,17.00,35.00,19.00,28.00,22.00,35.00,29.00,21.00,19.00,19.00,44.00,19.00,13.00,23.00,61.00,44.00,29.00,18.00,50.00,28.00,30.00,48.00,92.00,28.00,60.00,43.00,12.00,66.00,63.00,41.00,200.00,65.00,39.00,137.00,85.00,71.00,153.00,49.00,99.00,136.00,200.00,200.00,173.00,200.00,200.00,187.00,181.00,200.00,196.00,162.00,194.00,200.00,200.00,200.00,200.00,200.00,196.00,200.00,200.00,200.00,200.00,200.00,200.00,200.00,198.00,200.00,188.00,200.00,200.00,200.00,200.00,200.00,200.00,200.00,197.00,200.00,200.00,200.00,200.00,200.00,200.00,200.00,200.00,200.00,200.00,200.00,200.00,200.00,190.00,200.00,200.00,180.00,194.00,200.00,200.00,200.00,200.00,194.00,200.00,200.00,188.00,200.00,200.00,200.00,200.00,200.00,191.00,200.00,200.00,200.00,200.00,200.00,200.00,200.00,188.00,200.00,200.00,200.00,173.00,200.00,197.00,200.00,200.00,200.00,178.00,200.00,200.00,,,,,,,,,,,,,,,,,,,,,,,,,
13.00,33.00,67.00,81.00,106.00,117.00,146.00,173.00,185.00,196.00,210.00,220.00,242.00,260.00,285.00,310.00,336.00,353.00,365.00,375.00,394.00,435.00,454.00,492.00,503.00,519.00,532.00,569.00,581.00,597.00,618.00,633.00,649.00,663.00,697.00,716.00,729.00,756.00,807.00,820.00,863.00,893.00,910.00,945.00,964.00,992.00,1014.00,1049.00,1078.00,1099.00,1118.00,1137.00,1181.00,1200.00,1213.00,1236.00,1297.00,1341.00,1370.00,1388.00,1438.00,1466.00,1496.00,1544.00,1636.00,1664.00,1724.00,1767.00,1779.00,1845.00,1908.00,1949.00,2149.00,2214.00,2253.00,2390.00,2475.00,2546.00,2699.00,2748.00,2847.00,2983.00,3183.00,3383.00,3556.00,3756.00,3956.00,4143.00,4324.00,4524.00,4720.00,4882.00,5076.00,5276.00,5476.00,5676.00,5876.00,6076.00,6272.00,6472.00,6672.00,6872.00,7072.00,7272.00,7472.00,7672.00,7870.00,8070.00,8258.00,8458.00,8658.00,8858.00,9058.00,9258.00,9458.00,9658.00,9855.00,10055.00,10255.00,10455.00,10655.00,10855.00,11055.00,11255.00,11455.00,11655.00,11855.00,12055.00,12255.00,12455.00,12645.00,12845.00,13045.00,13225.00,13419.00,13619.00,13819.00,14019.00,14219.00,14413.00,14613.00,14813.00,15001.00,15201.00,15401.00,15601.00,15801.00,16001.00,16192.00,16392.00,16592.00,16792.00,16992.00,17192.00,17392.00,17592.00,17780.00,17980.00,18180.00,18380.00,18553.00,18753.00,18950.00,19150.00,19350.00,19550.00,19728.00,19928.00,20128.00,,,,,,,,,,,,,,,,,,,,,,,,,
26.00,14.00,27.00,77.00,18.00,16.00,35.00,17.00,19.00,18.00,30.00,37.00,35.00,13.00,26.00,15.00,18.00,9.00,17.00,23.00,21.00,20.00,25.00,11.00,12.00,14.00,13.00,15.00,13.00,14.00,11.00,14.00,39.00,15.00,14.00,18.00,10.00,53.00,27.00,13.00,10.00,29.00,35.00,63.00,24.00,12.00,11.00,31.00,26.00,26.00,17.00,22.00,54.00,11.00,21.00,41.00,15.00,32.00,21.00,30.00,70.00,38.00,52.00,92.00,54.00,105.00,71.00,21.00,48.00,98.00,145.00,52.00,83.00,45.00,46.00,44.00,195.00,153.00,121.00,200.00,200.00,200.00,165.00,200.00,200.00,200.00,200.00,200.00,200.00,200.00,200.00,200.00,200.00,200.00,200.00,200.00,200.00,200.00,200.00,200.00,200.00,200.00,200.00,200.00,200.00,200.00,200.00,200.00,200.00,200.00,200.00,200.00,200.00,200.00,200.00,200.00,200.00,200.00,200.00,200.00,200.00,200.00,200.00,200.00,200.00,200.00,200.00,200.00,200.00,200.00,200.00,200.00,200.00,200.00,200.00,200.00,200.00,200.00,200.00,200.00,200.00,200.00,200.00,200.00,200.00,200.00,200.00,200.00,200.00,200.00,200.00,200.00,200.00,200.00,200.00,200.00,200.00,200.00,200.00,200.00,200.00,200.00,200.00,200.00,200.00,,,,,,,,,,,,,,,,,,,,,,,,,,,,,
26.00,40.00,67.00,144.00,162.00,178.00,213.00,230.00,249.00,267.00,297.00,334.00,369.00,382.00,408.00,423.00,441.00,450.00,467.00,490.00,511.00,531.00,556.00,567.00,579.00,593.00,606.00,621.00,634.00,648.00,659.00,673.00,712.00,727.00,741.00,759.00,769.00,822.00,849.00,862.00,872.00,901.00,936.00,999.00,1023.00,1035.00,1046.00,1077.00,1103.00,1129.00,1146.00,1168.00,1222.00,1233.00,1254.00,1295.00,1310.00,1342.00,1363.00,1393.00,1463.00,1501.00,1553.00,1645.00,1699.00,1804.00,1875.00,1896.00,1944.00,2042.00,2187.00,2239.00,2322.00,2367.00,2413.00,2457.00,2652.00,2805.00,2926.00,3126.00,3326.00,3526.00,3691.00,3891.00,4091.00,4291.00,4491.00,4691.00,4891.00,5091.00,5291.00,5491.00,5691.00,5891.00,6091.00,6291.00,6491.00,6691.00,6891.00,7091.00,7291.00,7491.00,7691.00,7891.00,8091.00,8291.00,8491.00,8691.00,8891.00,9091.00,9291.00,9491.00,9691.00,9891.00,10091.00,10291.00,10491.00,10691.00,10891.00,11091.00,11291.00,11491.00,11691.00,11891.00,12091.00,12291.00,12491.00,12691.00,12891.00,13091.00,13291.00,13491.00,13691.00,13891.00,14091.00,14291.00,14491.00,14691.00,14891.00,15091.00,15291.00,15491.00,15691.00,15891.00,16091.00,16291.00,16491.00,16691.00,16891.00,17091.00,17291.00,17491.00,17691.00,17891.00,18091.00,18291.00,18491.00,18691.00,18891.00,19091.00,19291.00,19491.00,19691.00,19891.00,20091.00,,,,,,,,,,,,,,,,,,,,,,,,,,,,,
9.00,12.00,13.00,19.00,25.00,20.00,18.00,56.00,23.00,19.00,13.00,13.00,41.00,25.00,20.00,13.00,36.00,20.00,20.00,26.00,37.00,17.00,19.00,27.00,25.00,32.00,18.00,18.00,12.00,44.00,29.00,38.00,20.00,28.00,17.00,38.00,43.00,23.00,19.00,20.00,32.00,28.00,16.00,14.00,41.00,50.00,31.00,22.00,47.00,35.00,35.00,34.00,33.00,39.00,19.00,15.00,13.00,34.00,32.00,19.00,32.00,26.00,22.00,48.00,30.00,10.00,52.00,20.00,35.00,21.00,24.00,38.00,26.00,62.00,45.00,24.00,17.00,32.00,24.00,25.00,15.00,123.00,87.00,67.00,86.00,94.00,200.00,154.00,168.00,200.00,200.00,200.00,200.00,148.00,200.00,200.00,184.00,200.00,200.00,200.00,200.00,200.00,200.00,200.00,200.00,200.00,200.00,200.00,200.00,200.00,200.00,200.00,200.00,200.00,200.00,200.00,200.00,200.00,200.00,200.00,200.00,200.00,200.00,200.00,200.00,200.00,200.00,200.00,189.00,200.00,200.00,200.00,200.00,200.00,200.00,200.00,200.00,200.00,200.00,200.00,200.00,200.00,200.00,200.00,200.00,200.00,200.00,200.00,200.00,200.00,200.00,200.00,200.00,200.00,200.00,200.00,200.00,200.00,200.00,200.00,200.00,200.00,200.00,200.00,200.00,200.00,187.00,200.00,197.00,200.00,200.00,188.00,200.00,182.00,,,,,,,,,,,,,,,,,,,,
9.00,21.00,34.00,53.00,78.00,98.00,116.00,172.00,195.00,214.00,227.00,240.00,281.00,306.00,326.00,339.00,375.00,395.00,415.00,441.00,478.00,495.00,514.00,541.00,566.00,598.00,616.00,634.00,646.00,690.00,719.00,757.00,777.00,805.00,822.00,860.00,903.00,926.00,945.00,965.00,997.00,1025.00,1041.00,1055.00,1096.00,1146.00,1177.00,1199.00,1246.00,1281.00,1316.00,1350.00,1383.00,1422.00,1441.00,1456.00,1469.00,1503.00,1535.00,1554.00,1586.00,1612.00,1634.00,1682.00,1712.00,1722.00,1774.00,1794.00,1829.00,1850.00,1874.00,1912.00,1938.00,2000.00,2045.00,2069.00,2086.00,2118.00,2142.00,2167.00,2182.00,2305.00,2392.00,2459.00,2545.00,2639.00,2839.00,2993.00,3161.00,3361.00,3561.00,3761.00,3961.00,4109.00,4309.00,4509.00,4693.00,4893.00,5093.00,5293.00,5493.00,5693.00,5893.00,6093.00,6293.00,6493.00,6693.00,6893.00,7093.00,7293.00,7493.00,7693.00,7893.00,8093.00,8293.00,8493.00,8693.00,8893.00,9093.00,9293.00,9493.00,9693.00,9893.00,10093.00,10293.00,10493.00,10693.00,10893.00,11082.00,11282.00,11482.00,11682.00,11882.00,12082.00,12282.00,12482.00,12682.00,12882.00,13082.00,13282.00,13482.00,13682.00,13882.00,14082.00,14282.00,14482.00,14682.00,14882.00,15082.00,15282.00,15482.00,15682.00,15882.00,16082.00,16282.00,16482.00,16682.00,16882.00,17082.00,17282.00,17482.00,17682.00,17882.00,18082.00,18282.00,18482.00,18669.00,18869.00,19066.00,19266.00,19466.00,19654.00,19854.00,20036.00,,,,,,,,,,,,,,,,,,,,
23.00,40.00,25.00,16.00,13.00,61.00,15.00,15.00,26.00,25.00,29.00,24.00,15.00,13.00,32.00,28.00,24.00,22.00,17.00,17.00,18.00,13.00,31.00,20.00,18.00,16.00,61.00,15.00,12.00,71.00,19.00,18.00,26.00,19.00,12.00,17.00,19.00,10.00,15.00,24.00,31.00,20.00,19.00,61.00,30.00,14.00,36.00,23.00,44.00,50.00,19.00,16.00,32.00,15.00,24.00,40.00,43.00,13.00,14.00,26.00,83.00,62.00,60.00,77.00,18.00,18.00,53.00,37.00,20.00,25.00,36.00,12.00,36.00,54.00,65.00,35.00,80.00,181.00,61.00,37.00,87.00,68.00,166.00,164.00,183.00,190.00,72.00,200.00,158.00,142.00,200.00,188.00,200.00,200.00,200.00,195.00,182.00,159.00,177.00,161.00,190.00,185.00,187.00,176.00,166.00,200.00,179.00,190.00,195.00,174.00,173.00,164.00,175.00,169.00,186.00,156.00,195.00,173.00,188.00,200.00,177.00,170.00,163.00,167.00,175.00,174.00,163.00,200.00,175.00,184.00,186.00,200.00,199.00,155.00,172.00,168.00,167.00,153.00,166.00,174.00,170.00,154.00,169.00,170.00,196.00,195.00,165.00,180.00,155.00,171.00,186.00,187.00,160.00,171.00,159.00,183.00,193.00,155.00,170.00,174.00,175.00,182.00,170.00,173.00,196.00,165.00,165.00,165.00,167.00,149.00,176.00,200.00,193.00,184.00,181.00,200.00,180.00,198.00,177.00,169.00,175.00,,,,,,,,,,,,,
23.00,63.00,88.00,104.00,117.00,178.00,193.00,208.00,234.00,259.00,288.00,312.00,327.00,340.00,372.00,400.00,424.00,446.00,463.00,480.00,498.00,511.00,542.00,562.00,580.00,596.00,657.00,672.00,684.00,755.00,774.00,792.00,818.00,837.00,849.00,866.00,885.00,895.00,910.00,934.00,965.00,985.00,1004.00,1065.00,1095.00,1109.00,1145.00,1168.00,1212.00,1262.00,1281.00,1297.00,1329.00,1344.00,1368.00,1408.00,1451.00,1464.00,1478.00,1504.00,1587.00,1649.00,1709.00,1786.00,1804.00,1822.00,1875.00,1912.00,1932.00,1957.00,1993.00,2005.00,2041.00,2095.00,2160.00,2195.00,2275.00,2456.00,2517.00,2554.00,2641.00,2709.00,2875.00,3039.00,3222.00,3412.00,3484.00,3684.00,3842.00,3984.00,4184.00,4372.00,4572.00,4772.00,4972.00,5167.00,5349.00,5508.00,5685.00,5846.00,6036.00,6221.00,6408.00,6584.00,6750.00,6950.00,7129.00,7319.00,7514.00,7688.00,7861.00,8025.00,8200.00,8369.00,8555.00,8711.00,8906.00,9079.00,9267.00,9467.00,9644.00,9814.00,9977.00,10144.00,10319.00,10493.00,10656.00,10856.00,11031.00,11215.00,11401.00,11601.00,11800.00,11955.00,12127.00,12295.00,12462.00,12615.00,12781.00,12955.00,13125.00,13279.00,13448.00,13618.00,13814.00,14009.00,14174.00,14354.00,14509.00,14680.00,14866.00,15053.00,15213.00,15384.00,15543.00,15726.00,15919.00,16074.00,16244.00,16418.00,16593.00,16775.00,16945.00,17118.00,17314.00,17479.00,17644.00,17809.00,17976.00,18125.00,18301.00,18501.00,18694.00,18878.00,19059.00,19259.00,19439.00,19637.00,19814.00,19983.00,20158.00,,,,,,,,,,,,,
12.00,21.00,13.00,14.00,15.00,23.00,16.00,17.00,14.00,10.00,14.00,28.00,30.00,15.00,11.00,16.00,28.00,24.00,20.00,13.00,10.00,21.00,35.00,12.00,26.00,13.00,16.00,24.00,22.00,12.00,13.00,19.00,28.00,24.00,34.00,11.00,13.00,12.00,16.00,10.00,9.00,10.00,26.00,12.00,13.00,43.00,25.00,36.00,20.00,36.00,34.00,26.00,11.00,28.00,23.00,31.00,26.00,43.00,20.00,22.00,30.00,30.00,23.00,37.00,97.00,24.00,91.00,22.00,88.00,17.00,18.00,77.00,23.00,35.00,30.00,39.00,107.00,23.00,35.00,103.00,56.00,45.00,116.00,93.00,33.00,100.00,164.00,88.00,122.00,89.00,181.00,101.00,200.00,200.00,200.00,200.00,189.00,200.00,196.00,200.00,200.00,200.00,200.00,200.00,200.00,200.00,195.00,200.00,200.00,200.00,200.00,200.00,200.00,200.00,200.00,200.00,200.00,200.00,200.00,200.00,200.00,200.00,200.00,200.00,200.00,200.00,200.00,200.00,200.00,200.00,200.00,200.00,200.00,200.00,200.00,200.00,200.00,200.00,200.00,200.00,200.00,200.00,200.00,200.00,200.00,200.00,200.00,200.00,200.00,200.00,200.00,200.00,200.00,200.00,200.00,200.00,200.00,200.00,200.00,200.00,200.00,200.00,200.00,200.00,200.00,200.00,200.00,200.00,200.00,200.00,200.00,200.00,200.00,200.00,200.00,200.00,,,,,,,,,,,,,,,,,,
12.00,33.00,46.00,60.00,75.00,98.00,114.00,131.00,145.00,155.00,169.00,197.00,227.00,242.00,253.00,269.00,297.00,321.00,341.00,354.00,364.00,385.00,420.00,432.00,458.00,471.00,487.00,511.00,533.00,545.00,558.00,577.00,605.00,629.00,663.00,674.00,687.00,699.00,715.00,725.00,734.00,744.00,770.00,782.00,795.00,838.00,863.00,899.00,919.00,955.00,989.00,1015.00,1026.00,1054.00,1077.00,1108.00,1134.00,1177.00,1197.00,1219.00,1249.00,1279.00,1302.00,1339.00,1436.00,1460.00,1551.00,1573.00,1661.00,1678.00,1696.00,1773.00,1796.00,1831.00,1861.00,1900.00,2007.00,2030.00,2065.00,2168.00,2224.00,2269.00,2385.00,2478.00,2511.00,2611.00,2775.00,2863.00,2985.00,3074.00,3255.00,3356.00,3556.00,3756.00,3956.00,4156.00,4345.00,4545.00,4741.00,4941.00,5141.00,5341.00,5541.00,5741.00,5941.00,6141.00,6336.00,6536.00,6736.00,6936.00,7136.00,7336.00,7536.00,7736.00,7936.00,8136.00,8336.00,8536.00,8736.00,8936.00,9136.00,9336.00,9536.00,9736.00,9936.00,10136.00,10336.00,10536.00,10736.00,10936.00,11136.00,11336.00,11536.00,11736.00,11936.00,12136.00,12336.00,12536.00,12736.00,12936.00,13136.00,13336.00,13536.00,13736.00,13936.00,14136.00,14336.00,14536.00,14736.00,14936.00,15136.00,15336.00,15536.00,15736.00,15936.00,16136.00,16336.00,16536.00,16736.00,16936.00,17136.00,17336.00,17536.00,17736.00,17936.00,18136.00,18336.00,18536.00,18736.00,18936.00,19136.00,19336.00,19536.00,19736.00,19936.00,20136.00,,,,,,,,,,,,,,,,,,
